Station ID,Address,Charger Type,Station Operator,Charging Capacity (kW),Cost (USD/kWh),Distance to City (km),Parking Spots,Reviews (Rating),Usage Stats (avg users/day),High_Utilization,Utilization_Probability,Priority_Tier
EVS02372,"6261 Moscow Ave, Moscow",AC Level 1,ChargePoint,22,0.13,19.12,1,4.9,17,0,0.5674,MEDIUM
EVS00096,"3633 São Paulo Ave, São Paulo",AC Level 1,ChargePoint,50,0.11,18.49,2,4.9,85,1,0.5657,MEDIUM
EVS01433,"7459 Beijing Ave, Beijing",AC Level 1,ChargePoint,22,0.1,19.45,3,4.7,50,0,0.5645,MEDIUM
EVS03282,"9436 Cape Town Ave, Cape Town",AC Level 2,Tesla,50,0.12,16.07,1,5.0,64,1,0.5632,MEDIUM
EVS03877,"6779 Moscow Ave, Moscow",DC Fast Charger,Greenlots,22,0.12,19.17,2,4.7,53,0,0.5631,MEDIUM
EVS04631,"2852 Random Rd, City 269, Country",AC Level 2,Tesla,22,0.11,14.54,1,4.8,21,0,0.5591,MEDIUM
EVS00676,"4834 Mexico City Ave, Mexico City",AC Level 1,EVgo,22,0.11,17.73,4,4.7,63,1,0.5574,MEDIUM
EVS02004,"5236 Dubai Ave, Dubai",AC Level 1,Greenlots,150,0.12,16.02,1,4.9,62,1,0.5571,MEDIUM
EVS03582,"7214 Chicago Ave, Chicago",AC Level 1,Tesla,50,0.11,16.69,1,4.5,73,1,0.5568,MEDIUM
EVS00244,"3264 Los Angeles Ave, Los Angeles",AC Level 2,ChargePoint,50,0.1,12.34,1,4.9,89,1,0.5567,MEDIUM
EVS01548,"2316 Chicago Ave, Chicago",DC Fast Charger,Ionity,22,0.17,17.78,2,4.9,33,0,0.5566,MEDIUM
EVS00161,"4227 Random Rd, City 428, Country",AC Level 2,ChargePoint,22,0.12,14.91,3,4.9,53,0,0.5559,MEDIUM
EVS01451,"9691 Random Rd, City 244, Country",DC Fast Charger,Greenlots,22,0.17,18.05,2,4.8,74,1,0.5553,MEDIUM
EVS03472,"9063 Beijing Ave, Beijing",DC Fast Charger,Tesla,22,0.16,15.99,1,4.8,68,1,0.5547,MEDIUM
EVS04663,"9982 Toronto Ave, Toronto",DC Fast Charger,ChargePoint,150,0.17,19.39,2,4.9,25,0,0.5545,MEDIUM
EVS02304,"610 Bangkok Ave, Bangkok",AC Level 2,Tesla,22,0.14,15.17,1,4.7,40,0,0.5541,MEDIUM
EVS04448,"2480 Berlin Ave, Berlin",AC Level 2,Greenlots,150,0.12,16.35,1,4.7,32,0,0.5541,MEDIUM
EVS02177,"1062 Cape Town Ave, Cape Town",DC Fast Charger,ChargePoint,22,0.11,13.99,3,4.8,36,0,0.5537,MEDIUM
EVS00812,"5328 Mumbai Ave, Mumbai",DC Fast Charger,EVgo,350,0.11,19.47,2,4.8,68,1,0.5532,MEDIUM
EVS04040,"3818 Beijing Ave, Beijing",DC Fast Charger,Ionity,50,0.16,16.58,1,4.7,82,1,0.5529,MEDIUM
EVS01811,"222 Random Rd, City 20, Country",DC Fast Charger,Greenlots,50,0.11,18.84,5,4.5,90,1,0.5527,MEDIUM
EVS01678,"8387 Bangkok Ave, Bangkok",DC Fast Charger,Tesla,22,0.18,18.84,2,4.6,74,1,0.5518,MEDIUM
EVS01186,"3038 Bangkok Ave, Bangkok",AC Level 2,Greenlots,50,0.13,15.04,3,4.8,50,0,0.5517,MEDIUM
EVS02843,"2613 Los Angeles Ave, Los Angeles",DC Fast Charger,ChargePoint,22,0.13,15.68,6,5.0,39,0,0.5515,MEDIUM
EVS00606,"2259 Mexico City Ave, Mexico City",AC Level 2,ChargePoint,50,0.11,13.09,1,4.6,90,1,0.5512,MEDIUM
EVS02476,"7407 Mumbai Ave, Mumbai",AC Level 2,ChargePoint,50,0.15,19.1,6,4.8,77,1,0.5507,MEDIUM
EVS03377,"1911 Beijing Ave, Beijing",AC Level 2,ChargePoint,22,0.11,15.87,8,5.0,34,0,0.5505,MEDIUM
EVS01202,"813 Dubai Ave, Dubai",DC Fast Charger,Tesla,22,0.12,17.27,1,4.1,82,1,0.5503,MEDIUM
EVS03632,"924 Chicago Ave, Chicago",AC Level 1,EVgo,50,0.16,19.29,4,4.6,86,1,0.5502,MEDIUM
EVS04728,"1277 Beijing Ave, Beijing",DC Fast Charger,ChargePoint,22,0.17,17.73,5,4.9,51,0,0.5501,MEDIUM
EVS00943,"9921 Los Angeles Ave, Los Angeles",AC Level 1,Greenlots,150,0.11,14.73,3,4.8,67,1,0.5498,MEDIUM
EVS00285,"3103 Chicago Ave, Chicago",AC Level 2,ChargePoint,22,0.11,12.25,4,4.9,72,1,0.5498,MEDIUM
EVS02454,"8765 Dubai Ave, Dubai",DC Fast Charger,EVgo,50,0.12,18.97,7,4.6,77,1,0.549,MEDIUM
EVS03569,"6811 Los Angeles Ave, Los Angeles",AC Level 1,ChargePoint,350,0.12,18.88,1,4.6,96,1,0.549,MEDIUM
EVS02101,"1391 Random Rd, City 291, Country",AC Level 1,Greenlots,50,0.18,18.01,2,4.6,14,0,0.5489,MEDIUM
EVS03417,"7586 Bangkok Ave, Bangkok",AC Level 2,Tesla,50,0.24,19.59,2,4.9,59,1,0.5489,MEDIUM
EVS00131,"8806 Random Rd, City 293, Country",AC Level 1,Tesla,50,0.16,16.3,1,4.5,28,0,0.5486,MEDIUM
EVS03146,"2216 Los Angeles Ave, Los Angeles",AC Level 1,ChargePoint,150,0.12,18.6,4,4.5,39,0,0.5486,MEDIUM
EVS00379,"5543 Dubai Ave, Dubai",AC Level 2,ChargePoint,22,0.13,17.14,1,4.1,73,1,0.5486,MEDIUM
EVS04621,"8758 Random Rd, City 297, Country",DC Fast Charger,Tesla,22,0.14,10.85,2,5.0,39,0,0.5486,MEDIUM
EVS00517,"9129 Dubai Ave, Dubai",DC Fast Charger,EVgo,50,0.16,18.7,6,4.8,37,0,0.5484,MEDIUM
EVS00782,"9996 Sydney Ave, Sydney",AC Level 1,Greenlots,22,0.11,18.46,9,4.7,57,1,0.5482,MEDIUM
EVS00038,"8960 Sydney Ave, Sydney",AC Level 1,Ionity,22,0.13,19.06,4,4.2,61,1,0.548,MEDIUM
EVS02807,"5127 Mexico City Ave, Mexico City",AC Level 1,EVgo,22,0.14,19.45,8,4.7,96,1,0.548,MEDIUM
EVS03212,"2402 Seoul Ave, Seoul",DC Fast Charger,EVgo,150,0.14,17.25,6,5.0,94,1,0.5478,MEDIUM
EVS04225,"5299 Mumbai Ave, Mumbai",DC Fast Charger,ChargePoint,22,0.19,18.34,1,4.4,99,1,0.5478,MEDIUM
EVS03688,"2812 Cape Town Ave, Cape Town",AC Level 2,Greenlots,150,0.18,16.62,1,4.8,14,0,0.5477,MEDIUM
EVS04260,"2282 Mexico City Ave, Mexico City",AC Level 2,ChargePoint,150,0.13,12.99,1,4.8,80,1,0.5475,MEDIUM
EVS04802,"981 Dubai Ave, Dubai",DC Fast Charger,EVgo,22,0.22,16.0,2,5.0,56,0,0.5475,MEDIUM
EVS04575,"8808 Mumbai Ave, Mumbai",DC Fast Charger,EVgo,150,0.2,18.04,2,4.9,90,1,0.5473,MEDIUM
EVS00461,"1747 Random Rd, City 346, Country",AC Level 1,Greenlots,22,0.19,19.69,6,4.8,14,0,0.5472,MEDIUM
EVS00158,"8145 Bangkok Ave, Bangkok",DC Fast Charger,Greenlots,150,0.13,14.81,4,4.9,42,0,0.5467,MEDIUM
EVS03852,"4051 Bangkok Ave, Bangkok",DC Fast Charger,EVgo,50,0.11,11.07,3,4.8,28,0,0.5464,MEDIUM
EVS04234,"2520 São Paulo Ave, São Paulo",DC Fast Charger,Ionity,22,0.14,14.69,5,4.8,52,0,0.5464,MEDIUM
EVS00249,"98 Bangkok Ave, Bangkok",DC Fast Charger,Greenlots,22,0.22,18.59,5,5.0,11,0,0.5464,MEDIUM
EVS04115,"9160 Beijing Ave, Beijing",AC Level 2,Greenlots,350,0.13,19.29,2,4.6,36,0,0.5462,MEDIUM
EVS02747,"9215 Moscow Ave, Moscow",DC Fast Charger,ChargePoint,50,0.12,17.77,2,4.0,70,1,0.5462,MEDIUM
EVS03745,"9328 Seoul Ave, Seoul",DC Fast Charger,EVgo,22,0.1,13.05,8,5.0,26,0,0.5462,MEDIUM
EVS02684,"8292 Berlin Ave, Berlin",DC Fast Charger,Tesla,150,0.18,19.85,5,4.8,40,0,0.5458,MEDIUM
EVS00399,"2408 São Paulo Ave, São Paulo",DC Fast Charger,Ionity,150,0.22,18.65,2,4.9,75,1,0.5457,MEDIUM
EVS00193,"4932 Mumbai Ave, Mumbai",AC Level 2,ChargePoint,50,0.15,11.54,2,4.9,58,1,0.5455,MEDIUM
EVS03076,"7206 Dubai Ave, Dubai",AC Level 2,ChargePoint,22,0.13,12.21,2,4.6,39,0,0.5455,MEDIUM
EVS04231,"7750 Random Rd, City 351, Country",AC Level 2,ChargePoint,50,0.11,13.84,7,4.9,85,1,0.5454,MEDIUM
EVS02580,"4047 Sydney Ave, Sydney",AC Level 2,ChargePoint,50,0.12,12.92,3,4.6,34,0,0.5451,MEDIUM
EVS03660,"1197 San Francisco Ave, San Francisco",AC Level 1,Tesla,50,0.13,18.05,9,4.8,58,1,0.5451,MEDIUM
EVS00823,"9224 Los Angeles Ave, Los Angeles",AC Level 1,Greenlots,22,0.16,14.81,1,4.4,72,1,0.5449,MEDIUM
EVS04808,"9267 San Francisco Ave, San Francisco",DC Fast Charger,Ionity,50,0.23,15.91,1,4.9,57,1,0.5449,MEDIUM
EVS01616,"5538 Bangkok Ave, Bangkok",AC Level 2,Tesla,22,0.16,13.87,1,4.5,89,1,0.5448,MEDIUM
EVS02983,"2049 Los Angeles Ave, Los Angeles",AC Level 1,ChargePoint,50,0.13,16.01,2,4.2,17,0,0.5448,MEDIUM
EVS00164,"2651 Moscow Ave, Moscow",AC Level 1,Greenlots,22,0.12,16.5,2,4.0,52,0,0.5448,MEDIUM
EVS03291,"878 Random Rd, City 53, Country",AC Level 1,ChargePoint,350,0.12,18.08,4,4.8,68,1,0.5446,MEDIUM
EVS00805,"2198 Sydney Ave, Sydney",AC Level 2,Greenlots,50,0.24,19.12,1,4.6,25,0,0.5445,MEDIUM
EVS00861,"3783 Random Rd, City 477, Country",AC Level 1,Greenlots,150,0.2,19.52,4,4.8,98,1,0.5443,MEDIUM
EVS03384,"2615 Dubai Ave, Dubai",DC Fast Charger,Ionity,150,0.11,19.33,10,4.8,20,0,0.5443,MEDIUM
EVS03841,"7162 Random Rd, City 78, Country",AC Level 2,Ionity,50,0.18,19.7,5,4.5,100,1,0.5441,MEDIUM
EVS00344,"6363 Sydney Ave, Sydney",AC Level 1,Tesla,150,0.14,17.55,2,4.3,25,0,0.5441,MEDIUM
EVS03541,"8191 Random Rd, City 324, Country",AC Level 1,ChargePoint,50,0.2,18.4,5,4.8,44,0,0.544,MEDIUM
EVS02996,"216 Cape Town Ave, Cape Town",AC Level 2,EVgo,22,0.11,18.7,1,3.5,47,0,0.5437,MEDIUM
EVS02210,"9592 Moscow Ave, Moscow",AC Level 1,Tesla,350,0.12,17.27,2,4.6,94,1,0.5435,MEDIUM
EVS02956,"8261 Seoul Ave, Seoul",AC Level 2,Tesla,350,0.13,19.0,3,4.6,38,0,0.5435,MEDIUM
EVS01743,"1855 Cape Town Ave, Cape Town",DC Fast Charger,Greenlots,50,0.11,17.38,1,3.7,87,1,0.5435,MEDIUM
EVS00274,"9302 São Paulo Ave, São Paulo",AC Level 2,Greenlots,50,0.15,16.56,7,4.8,71,1,0.5433,MEDIUM
EVS02727,"667 Mexico City Ave, Mexico City",AC Level 2,ChargePoint,50,0.14,7.82,1,5.0,84,1,0.5433,MEDIUM
EVS01052,"9710 Berlin Ave, Berlin",DC Fast Charger,EVgo,22,0.12,19.6,4,3.8,16,0,0.5432,MEDIUM
EVS02632,"7530 Bangkok Ave, Bangkok",AC Level 1,Greenlots,22,0.17,17.48,8,4.9,33,0,0.5432,MEDIUM
EVS02988,"4125 Bangkok Ave, Bangkok",AC Level 2,ChargePoint,22,0.16,14.28,4,4.7,48,0,0.5429,MEDIUM
EVS03224,"1958 Mexico City Ave, Mexico City",DC Fast Charger,EVgo,50,0.22,19.87,3,4.5,39,0,0.5429,MEDIUM
EVS04497,"1229 Chicago Ave, Chicago",AC Level 2,Ionity,22,0.13,10.02,2,4.7,12,0,0.5428,MEDIUM
EVS02864,"7077 San Francisco Ave, San Francisco",AC Level 2,ChargePoint,22,0.2,17.76,3,4.5,73,1,0.5427,MEDIUM
EVS02828,"2608 Dubai Ave, Dubai",AC Level 2,Ionity,50,0.11,19.9,9,4.3,90,1,0.5426,MEDIUM
EVS00326,"2656 Chicago Ave, Chicago",AC Level 1,Tesla,50,0.16,16.48,4,4.5,30,0,0.5426,MEDIUM
EVS02099,"8266 Sydney Ave, Sydney",DC Fast Charger,EVgo,150,0.16,14.96,4,4.9,46,0,0.5426,MEDIUM
EVS02717,"1734 Toronto Ave, Toronto",AC Level 2,ChargePoint,50,0.2,14.79,4,5.0,22,0,0.5424,MEDIUM
EVS04294,"4083 Beijing Ave, Beijing",AC Level 2,EVgo,150,0.11,11.17,3,4.8,61,1,0.5424,MEDIUM
EVS03928,"1538 San Francisco Ave, San Francisco",DC Fast Charger,ChargePoint,50,0.2,14.49,2,4.8,31,0,0.5424,MEDIUM
EVS03012,"8336 Chicago Ave, Chicago",AC Level 2,Greenlots,22,0.12,7.99,1,4.7,24,0,0.5422,MEDIUM
EVS02375,"2829 Cape Town Ave, Cape Town",DC Fast Charger,Tesla,50,0.15,19.16,4,4.1,99,1,0.5422,MEDIUM
EVS01175,"8022 San Francisco Ave, San Francisco",AC Level 1,EVgo,150,0.12,12.66,3,4.7,79,1,0.5422,MEDIUM
EVS02188,"7521 Cape Town Ave, Cape Town",AC Level 1,EVgo,50,0.24,17.08,1,4.7,83,1,0.5422,MEDIUM
EVS01323,"1765 Seoul Ave, Seoul",AC Level 1,ChargePoint,50,0.11,15.96,8,4.6,78,1,0.5421,MEDIUM
EVS00230,"9591 Mexico City Ave, Mexico City",DC Fast Charger,Ionity,22,0.1,15.67,3,3.9,45,0,0.542,MEDIUM
EVS02383,"2651 Cape Town Ave, Cape Town",DC Fast Charger,EVgo,22,0.15,12.91,3,4.6,11,0,0.5418,MEDIUM
EVS02066,"3875 São Paulo Ave, São Paulo",DC Fast Charger,Ionity,150,0.12,11.2,1,4.6,52,0,0.5416,MEDIUM
EVS00702,"2970 Chicago Ave, Chicago",DC Fast Charger,Tesla,150,0.22,15.63,1,4.9,63,1,0.5416,MEDIUM
EVS02021,"737 Random Rd, City 160, Country",DC Fast Charger,Greenlots,22,0.18,18.75,5,4.4,15,0,0.5415,MEDIUM
EVS04772,"4943 San Francisco Ave, San Francisco",AC Level 2,Tesla,22,0.1,13.19,6,4.5,64,1,0.5415,MEDIUM
EVS01967,"1773 Chicago Ave, Chicago",DC Fast Charger,Tesla,150,0.12,13.94,2,4.4,23,0,0.5414,MEDIUM
EVS00550,"8721 Beijing Ave, Beijing",AC Level 2,Greenlots,22,0.22,16.72,3,4.7,96,1,0.5413,MEDIUM
EVS01357,"4463 Seoul Ave, Seoul",DC Fast Charger,EVgo,50,0.17,17.27,9,5.0,16,0,0.5412,MEDIUM
EVS01211,"729 Random Rd, City 163, Country",AC Level 2,Tesla,50,0.17,16.97,1,4.1,44,0,0.5412,MEDIUM
EVS04052,"444 São Paulo Ave, São Paulo",AC Level 2,ChargePoint,150,0.19,12.39,1,5.0,71,1,0.5411,MEDIUM
EVS03766,"587 São Paulo Ave, São Paulo",AC Level 2,Greenlots,150,0.24,19.59,2,4.7,90,1,0.541,MEDIUM
EVS02391,"8233 Random Rd, City 486, Country",DC Fast Charger,Ionity,50,0.1,17.5,3,3.7,27,0,0.5409,MEDIUM
EVS01912,"9777 Mumbai Ave, Mumbai",AC Level 2,Greenlots,150,0.12,12.62,1,4.4,27,0,0.5408,MEDIUM
EVS04524,"4713 São Paulo Ave, São Paulo",AC Level 1,Tesla,350,0.17,19.96,5,4.9,61,1,0.5408,MEDIUM
EVS03373,"9453 Sydney Ave, Sydney",AC Level 1,ChargePoint,50,0.11,18.06,3,3.7,84,1,0.5406,MEDIUM
EVS00672,"9585 Los Angeles Ave, Los Angeles",DC Fast Charger,Ionity,22,0.2,18.06,6,4.7,74,1,0.5405,MEDIUM
EVS01630,"1489 Bangkok Ave, Bangkok",AC Level 1,Tesla,50,0.25,19.96,3,4.6,26,0,0.5405,MEDIUM
EVS04699,"9114 Beijing Ave, Beijing",DC Fast Charger,EVgo,50,0.23,13.78,1,4.9,93,1,0.5405,MEDIUM
EVS04613,"2283 Beijing Ave, Beijing",AC Level 2,EVgo,350,0.16,18.93,4,4.8,92,1,0.5405,MEDIUM
EVS00877,"3458 San Francisco Ave, San Francisco",AC Level 1,Tesla,22,0.16,12.7,2,4.5,88,1,0.5402,MEDIUM
EVS03721,"1383 Random Rd, City 468, Country",AC Level 2,ChargePoint,22,0.25,14.46,1,4.9,25,0,0.5401,MEDIUM
EVS01307,"5748 San Francisco Ave, San Francisco",AC Level 2,Tesla,350,0.16,15.89,3,5.0,40,0,0.54,MEDIUM
EVS01366,"7003 Mexico City Ave, Mexico City",AC Level 2,Greenlots,150,0.12,13.96,7,4.9,83,1,0.54,MEDIUM
EVS02198,"6981 Chicago Ave, Chicago",AC Level 2,Greenlots,50,0.15,13.89,6,4.8,12,0,0.5399,MEDIUM
EVS03075,"2876 Mumbai Ave, Mumbai",AC Level 2,EVgo,50,0.16,14.57,6,4.8,57,1,0.5399,MEDIUM
EVS03242,"5486 Mexico City Ave, Mexico City",DC Fast Charger,Ionity,22,0.1,4.53,1,4.8,38,0,0.5399,MEDIUM
EVS02351,"7868 Random Rd, City 2, Country",DC Fast Charger,EVgo,22,0.13,16.75,3,3.9,84,1,0.5398,MEDIUM
EVS04650,"5133 Los Angeles Ave, Los Angeles",DC Fast Charger,Tesla,50,0.11,13.81,1,3.9,18,0,0.5398,MEDIUM
EVS02825,"7140 Sydney Ave, Sydney",AC Level 2,ChargePoint,50,0.12,12.02,3,4.4,90,1,0.5395,MEDIUM
EVS04156,"7324 Seoul Ave, Seoul",AC Level 1,Tesla,50,0.11,19.83,7,3.9,68,1,0.5394,MEDIUM
EVS03775,"17 Toronto Ave, Toronto",DC Fast Charger,Tesla,150,0.13,9.16,2,4.9,85,1,0.5393,MEDIUM
EVS03698,"9050 Dubai Ave, Dubai",AC Level 2,Greenlots,22,0.19,18.64,1,3.9,87,1,0.5392,MEDIUM
EVS00129,"3833 Beijing Ave, Beijing",AC Level 1,Ionity,22,0.1,11.77,4,4.3,66,1,0.5392,MEDIUM
EVS03896,"7926 Beijing Ave, Beijing",AC Level 2,Greenlots,50,0.1,14.93,4,4.0,81,1,0.539,MEDIUM
EVS03845,"6787 San Francisco Ave, San Francisco",DC Fast Charger,Ionity,22,0.17,17.54,4,4.2,24,0,0.5389,MEDIUM
EVS03260,"2024 Toronto Ave, Toronto",DC Fast Charger,Greenlots,150,0.16,12.75,1,4.6,48,0,0.5389,MEDIUM
EVS04281,"7817 Random Rd, City 308, Country",AC Level 1,EVgo,50,0.16,18.26,4,4.1,72,1,0.5389,MEDIUM
EVS02143,"3254 Sydney Ave, Sydney",AC Level 2,Ionity,50,0.23,15.15,4,5.0,75,1,0.5387,MEDIUM
EVS02724,"2939 Los Angeles Ave, Los Angeles",AC Level 2,Ionity,50,0.15,16.27,2,4.0,74,1,0.5387,MEDIUM
EVS00837,"625 Sydney Ave, Sydney",AC Level 1,Tesla,22,0.15,12.91,2,4.3,84,1,0.5385,MEDIUM
EVS01135,"2569 Mumbai Ave, Mumbai",AC Level 1,Tesla,22,0.1,3.1,2,5.0,31,0,0.5384,MEDIUM
EVS01717,"1503 Los Angeles Ave, Los Angeles",AC Level 1,Greenlots,150,0.12,16.3,4,4.2,65,1,0.5383,MEDIUM
EVS01428,"1996 Beijing Ave, Beijing",AC Level 1,Tesla,22,0.18,19.28,7,4.4,45,0,0.5383,MEDIUM
EVS00272,"8765 Chicago Ave, Chicago",DC Fast Charger,Ionity,22,0.17,10.65,2,4.7,57,1,0.5382,MEDIUM
EVS00748,"6135 Los Angeles Ave, Los Angeles",AC Level 2,Greenlots,350,0.15,16.05,3,4.8,96,1,0.5381,MEDIUM
EVS04634,"9804 Toronto Ave, Toronto",DC Fast Charger,ChargePoint,22,0.11,14.59,4,4.0,94,1,0.538,MEDIUM
EVS02987,"7660 Bangkok Ave, Bangkok",AC Level 2,EVgo,22,0.14,6.37,1,4.8,35,0,0.5378,MEDIUM
EVS04921,"9853 Random Rd, City 342, Country",AC Level 1,Ionity,350,0.17,16.4,3,4.9,68,1,0.5377,MEDIUM
EVS02310,"8917 Los Angeles Ave, Los Angeles",AC Level 2,Ionity,150,0.14,15.34,8,4.9,16,0,0.5377,MEDIUM
EVS03921,"8766 Random Rd, City 205, Country",DC Fast Charger,Ionity,150,0.25,19.47,1,4.5,63,1,0.5377,MEDIUM
EVS01848,"3201 Moscow Ave, Moscow",AC Level 1,Ionity,150,0.12,11.94,7,5.0,98,1,0.5376,MEDIUM
EVS00357,"2053 San Francisco Ave, San Francisco",AC Level 1,Greenlots,22,0.24,14.6,3,4.9,66,1,0.5376,MEDIUM
EVS00691,"6605 Random Rd, City 437, Country",AC Level 2,Tesla,50,0.17,18.04,8,4.6,24,0,0.5376,MEDIUM
EVS01745,"1556 São Paulo Ave, São Paulo",AC Level 2,EVgo,350,0.2,16.38,1,4.9,65,1,0.5376,MEDIUM
EVS00538,"9500 Toronto Ave, Toronto",AC Level 1,Tesla,22,0.13,19.96,8,4.0,59,1,0.5376,MEDIUM
EVS00329,"7911 Bangkok Ave, Bangkok",AC Level 2,EVgo,50,0.11,10.34,3,4.4,98,1,0.5375,MEDIUM
EVS00214,"226 Mexico City Ave, Mexico City",AC Level 1,Greenlots,150,0.11,14.17,3,4.2,52,0,0.5375,MEDIUM
EVS04472,"3511 Beijing Ave, Beijing",DC Fast Charger,Greenlots,22,0.11,12.09,7,4.6,82,1,0.5375,MEDIUM
EVS02850,"3409 San Francisco Ave, San Francisco",AC Level 1,ChargePoint,150,0.18,15.09,6,5.0,35,0,0.5374,MEDIUM
EVS03257,"7706 San Francisco Ave, San Francisco",DC Fast Charger,ChargePoint,50,0.17,12.31,6,5.0,34,0,0.5374,MEDIUM
EVS01388,"2554 San Francisco Ave, San Francisco",AC Level 2,Ionity,50,0.12,7.55,4,4.9,90,1,0.5374,MEDIUM
EVS01154,"8324 Cape Town Ave, Cape Town",DC Fast Charger,EVgo,22,0.12,16.74,10,4.5,44,0,0.5373,MEDIUM
EVS02739,"2893 Toronto Ave, Toronto",AC Level 2,Tesla,50,0.12,12.27,6,4.6,28,0,0.5373,MEDIUM
EVS04288,"9382 Sydney Ave, Sydney",AC Level 1,Ionity,50,0.13,12.39,2,4.2,31,0,0.5373,MEDIUM
EVS01280,"2396 Toronto Ave, Toronto",AC Level 2,Ionity,22,0.17,10.34,3,4.8,57,1,0.5373,MEDIUM
EVS04050,"7801 Bangkok Ave, Bangkok",AC Level 2,EVgo,22,0.12,17.7,5,3.8,84,1,0.5371,MEDIUM
EVS00656,"10 Sydney Ave, Sydney",AC Level 2,Tesla,150,0.13,7.07,1,4.9,85,1,0.5371,MEDIUM
EVS01187,"1865 Mumbai Ave, Mumbai",DC Fast Charger,Ionity,22,0.21,12.91,2,4.7,36,0,0.537,MEDIUM
EVS02836,"44 Berlin Ave, Berlin",AC Level 1,Tesla,22,0.15,17.35,1,3.6,65,1,0.5369,MEDIUM
EVS00417,"1639 Mumbai Ave, Mumbai",AC Level 1,Tesla,50,0.15,16.63,5,4.2,25,0,0.5367,MEDIUM
EVS00784,"4991 Toronto Ave, Toronto",AC Level 2,ChargePoint,150,0.19,17.95,5,4.6,33,0,0.5367,MEDIUM
EVS04198,"1095 Berlin Ave, Berlin",AC Level 1,Greenlots,50,0.14,10.55,5,4.8,72,1,0.5366,MEDIUM
EVS03689,"9679 San Francisco Ave, San Francisco",DC Fast Charger,ChargePoint,22,0.16,15.27,1,3.9,97,1,0.5366,MEDIUM
EVS02439,"4930 Berlin Ave, Berlin",AC Level 1,Tesla,22,0.16,15.98,6,4.4,13,0,0.5366,MEDIUM
EVS01635,"5954 Cape Town Ave, Cape Town",AC Level 2,Greenlots,22,0.19,17.6,3,4.1,81,1,0.5364,MEDIUM
EVS00714,"1748 Beijing Ave, Beijing",AC Level 2,Tesla,50,0.23,13.58,1,4.7,84,1,0.5364,MEDIUM
EVS04564,"6536 San Francisco Ave, San Francisco",AC Level 1,Ionity,50,0.24,18.57,6,4.8,54,0,0.5363,MEDIUM
EVS03499,"2932 Chicago Ave, Chicago",AC Level 2,Greenlots,22,0.22,15.07,2,4.5,91,1,0.5363,MEDIUM
EVS02971,"7285 Random Rd, City 136, Country",DC Fast Charger,Tesla,50,0.11,9.72,3,4.4,100,1,0.5363,MEDIUM
EVS03273,"5054 Dubai Ave, Dubai",DC Fast Charger,ChargePoint,22,0.25,19.55,6,4.7,33,0,0.5362,MEDIUM
EVS00692,"998 San Francisco Ave, San Francisco",DC Fast Charger,Tesla,22,0.11,6.75,5,4.9,31,0,0.5362,MEDIUM
EVS03678,"3879 Cape Town Ave, Cape Town",AC Level 1,Tesla,50,0.15,10.17,5,4.9,55,0,0.5362,MEDIUM
EVS02900,"9716 São Paulo Ave, São Paulo",AC Level 1,Greenlots,22,0.26,13.26,1,4.9,25,0,0.5362,MEDIUM
EVS00339,"9428 Sydney Ave, Sydney",DC Fast Charger,Greenlots,150,0.13,7.61,2,4.9,64,1,0.5361,MEDIUM
EVS04204,"9774 Beijing Ave, Beijing",AC Level 1,EVgo,350,0.21,19.48,4,4.9,75,1,0.5361,MEDIUM
EVS02170,"2809 Mumbai Ave, Mumbai",AC Level 1,EVgo,22,0.1,13.22,6,4.2,19,0,0.536,MEDIUM
EVS00880,"6777 Mexico City Ave, Mexico City",DC Fast Charger,Greenlots,150,0.16,18.93,4,4.1,98,1,0.536,MEDIUM
EVS02207,"2475 Sydney Ave, Sydney",AC Level 2,Ionity,150,0.18,16.03,5,4.7,99,1,0.536,MEDIUM
EVS04285,"8537 Chicago Ave, Chicago",AC Level 1,ChargePoint,50,0.18,19.75,2,3.7,27,0,0.5359,MEDIUM
EVS02713,"4805 Berlin Ave, Berlin",DC Fast Charger,Tesla,150,0.14,17.89,1,3.7,22,0,0.5359,MEDIUM
EVS03849,"9872 Bangkok Ave, Bangkok",AC Level 1,Tesla,350,0.19,17.63,2,4.7,40,0,0.5358,MEDIUM
EVS03183,"7082 São Paulo Ave, São Paulo",AC Level 1,EVgo,150,0.16,15.38,5,4.6,31,0,0.5358,MEDIUM
EVS04167,"7694 Berlin Ave, Berlin",AC Level 2,Ionity,150,0.18,12.78,2,4.7,55,0,0.5357,MEDIUM
EVS00146,"7670 São Paulo Ave, São Paulo",DC Fast Charger,Greenlots,50,0.2,18.53,3,4.1,33,0,0.5357,MEDIUM
EVS00642,"9874 Cape Town Ave, Cape Town",DC Fast Charger,Ionity,50,0.12,16.96,7,4.1,50,0,0.5356,MEDIUM
EVS03278,"6850 Mumbai Ave, Mumbai",AC Level 2,Ionity,50,0.13,17.79,2,3.5,72,1,0.5355,MEDIUM
EVS03588,"383 Cape Town Ave, Cape Town",AC Level 1,ChargePoint,22,0.25,17.38,6,4.9,91,1,0.5354,MEDIUM
EVS04633,"7180 Beijing Ave, Beijing",DC Fast Charger,EVgo,50,0.17,15.24,2,4.1,98,1,0.5354,MEDIUM
EVS03290,"3543 Bangkok Ave, Bangkok",AC Level 2,EVgo,22,0.1,5.19,2,4.6,96,1,0.5354,MEDIUM
EVS01810,"7119 Cape Town Ave, Cape Town",AC Level 1,Greenlots,22,0.11,9.25,7,4.8,59,1,0.5353,MEDIUM
EVS00749,"4237 Bangkok Ave, Bangkok",AC Level 2,ChargePoint,50,0.13,10.78,4,4.5,88,1,0.5352,MEDIUM
EVS00362,"7271 São Paulo Ave, São Paulo",AC Level 1,EVgo,22,0.15,15.92,9,4.6,95,1,0.5352,MEDIUM
EVS03776,"3855 San Francisco Ave, San Francisco",AC Level 1,Ionity,150,0.23,17.86,2,4.5,87,1,0.5352,MEDIUM
EVS02205,"3948 Los Angeles Ave, Los Angeles",DC Fast Charger,ChargePoint,22,0.16,17.5,9,4.5,64,1,0.5351,MEDIUM
EVS01482,"2848 Dubai Ave, Dubai",DC Fast Charger,EVgo,150,0.22,19.94,3,4.3,53,0,0.5351,MEDIUM
EVS03642,"349 Dubai Ave, Dubai",AC Level 2,ChargePoint,22,0.12,6.88,5,4.9,45,0,0.535,MEDIUM
EVS00742,"7600 Berlin Ave, Berlin",AC Level 1,Tesla,150,0.17,14.21,1,4.3,20,0,0.5349,MEDIUM
EVS03357,"1259 Cape Town Ave, Cape Town",DC Fast Charger,Tesla,150,0.18,14.88,1,4.3,100,1,0.5348,MEDIUM
EVS03637,"9121 Moscow Ave, Moscow",DC Fast Charger,Ionity,22,0.15,17.19,7,4.2,76,1,0.5347,MEDIUM
EVS01469,"360 Mumbai Ave, Mumbai",DC Fast Charger,Tesla,22,0.24,13.95,2,4.7,97,1,0.5347,MEDIUM
EVS03747,"2760 Berlin Ave, Berlin",AC Level 1,ChargePoint,22,0.11,17.9,1,3.1,28,0,0.5347,MEDIUM
EVS00518,"1517 Sydney Ave, Sydney",DC Fast Charger,ChargePoint,22,0.22,18.29,5,4.4,69,1,0.5347,MEDIUM
EVS00245,"239 San Francisco Ave, San Francisco",AC Level 2,ChargePoint,150,0.13,7.96,3,4.9,17,0,0.5347,MEDIUM
EVS00820,"8440 Cape Town Ave, Cape Town",AC Level 1,EVgo,350,0.15,16.0,2,4.5,83,1,0.5346,MEDIUM
EVS04578,"9663 Sydney Ave, Sydney",AC Level 2,Ionity,150,0.26,19.61,2,4.5,62,1,0.5344,MEDIUM
EVS01923,"1971 Cape Town Ave, Cape Town",AC Level 1,Greenlots,50,0.23,19.71,7,4.6,77,1,0.5343,MEDIUM
EVS04882,"8282 Bangkok Ave, Bangkok",AC Level 1,Greenlots,50,0.16,17.39,1,3.6,32,0,0.5343,MEDIUM
EVS04410,"3849 Moscow Ave, Moscow",DC Fast Charger,Greenlots,150,0.29,19.17,3,4.9,30,0,0.5343,MEDIUM
EVS01741,"7465 Random Rd, City 467, Country",AC Level 2,EVgo,350,0.11,18.29,8,4.6,75,1,0.5342,MEDIUM
EVS01212,"9865 Beijing Ave, Beijing",AC Level 1,EVgo,150,0.1,12.45,1,3.9,73,1,0.5342,MEDIUM
EVS01905,"2441 Chicago Ave, Chicago",AC Level 1,Ionity,150,0.22,15.63,1,4.5,21,0,0.5342,MEDIUM
EVS04654,"7603 Cape Town Ave, Cape Town",AC Level 1,Greenlots,150,0.17,18.74,4,4.1,19,0,0.5341,MEDIUM
EVS03795,"7765 Seoul Ave, Seoul",DC Fast Charger,Tesla,22,0.12,11.95,6,4.4,18,0,0.5341,MEDIUM
EVS04383,"9423 Moscow Ave, Moscow",DC Fast Charger,EVgo,22,0.25,19.56,1,4.0,94,1,0.5341,MEDIUM
EVS04950,"5808 Sydney Ave, Sydney",DC Fast Charger,Tesla,50,0.21,8.34,1,5.0,68,1,0.534,MEDIUM
EVS01040,"5592 Berlin Ave, Berlin",DC Fast Charger,Tesla,50,0.23,11.68,2,4.9,51,0,0.534,MEDIUM
EVS02240,"9253 São Paulo Ave, São Paulo",AC Level 1,Tesla,22,0.17,9.35,1,4.5,15,0,0.534,MEDIUM
EVS00732,"1756 Los Angeles Ave, Los Angeles",AC Level 2,Tesla,50,0.12,7.96,6,4.9,26,0,0.5339,MEDIUM
EVS02898,"1757 Los Angeles Ave, Los Angeles",DC Fast Charger,EVgo,22,0.15,11.71,9,5.0,30,0,0.5339,MEDIUM
EVS03000,"360 Seoul Ave, Seoul",AC Level 2,ChargePoint,150,0.13,14.25,6,4.5,39,0,0.5338,MEDIUM
EVS03958,"2769 Mexico City Ave, Mexico City",DC Fast Charger,EVgo,150,0.21,15.31,5,4.9,50,0,0.5338,MEDIUM
EVS02443,"6862 San Francisco Ave, San Francisco",AC Level 1,ChargePoint,350,0.15,12.9,2,4.8,58,1,0.5337,MEDIUM
EVS03716,"6594 Mumbai Ave, Mumbai",AC Level 1,Tesla,50,0.18,13.75,5,4.6,44,0,0.5337,MEDIUM
EVS02929,"9547 Dubai Ave, Dubai",DC Fast Charger,Ionity,22,0.23,11.07,3,5.0,95,1,0.5336,MEDIUM
EVS00765,"2996 Cape Town Ave, Cape Town",DC Fast Charger,Tesla,150,0.16,14.76,8,4.9,41,0,0.5336,MEDIUM
EVS00331,"9481 Random Rd, City 246, Country",AC Level 1,Greenlots,350,0.13,10.27,1,4.8,47,0,0.5334,MEDIUM
EVS04399,"5559 Moscow Ave, Moscow",DC Fast Charger,ChargePoint,350,0.1,19.95,3,3.7,55,0,0.5333,MEDIUM
EVS02316,"4709 Mumbai Ave, Mumbai",AC Level 2,ChargePoint,50,0.22,12.51,3,4.8,51,0,0.5332,MEDIUM
EVS04032,"6675 Bangkok Ave, Bangkok",AC Level 1,EVgo,150,0.11,11.17,3,4.3,77,1,0.5332,MEDIUM
EVS03932,"1413 Chicago Ave, Chicago",AC Level 2,ChargePoint,22,0.13,11.58,8,4.7,34,0,0.5331,MEDIUM
EVS02469,"5055 Dubai Ave, Dubai",AC Level 2,Ionity,150,0.1,13.09,9,4.7,35,0,0.5331,MEDIUM
EVS03798,"9838 Bangkok Ave, Bangkok",DC Fast Charger,ChargePoint,22,0.11,16.24,7,3.9,99,1,0.5331,MEDIUM
EVS03902,"721 Seoul Ave, Seoul",DC Fast Charger,Greenlots,150,0.24,15.79,2,4.7,33,0,0.5331,MEDIUM
EVS03049,"2130 Toronto Ave, Toronto",AC Level 2,Tesla,150,0.14,12.51,4,4.5,18,0,0.5331,MEDIUM
EVS04177,"9604 Moscow Ave, Moscow",AC Level 2,EVgo,50,0.15,12.61,8,4.8,51,0,0.533,MEDIUM
EVS04070,"4007 Toronto Ave, Toronto",DC Fast Charger,Ionity,150,0.2,14.96,4,4.7,30,0,0.533,MEDIUM
EVS00213,"4470 Chicago Ave, Chicago",DC Fast Charger,Ionity,22,0.22,10.63,1,4.7,32,0,0.5329,MEDIUM
EVS00666,"3856 Mumbai Ave, Mumbai",DC Fast Charger,Ionity,150,0.14,16.46,1,3.7,13,0,0.5329,MEDIUM
EVS00795,"4294 Mexico City Ave, Mexico City",AC Level 2,Ionity,22,0.19,14.84,8,4.8,39,0,0.5329,MEDIUM
EVS03022,"8381 Chicago Ave, Chicago",DC Fast Charger,Greenlots,50,0.16,11.8,4,4.5,15,0,0.5329,MEDIUM
EVS00237,"7608 Seoul Ave, Seoul",AC Level 2,Tesla,50,0.1,10.03,9,4.8,41,0,0.5329,MEDIUM
EVS01955,"1959 Berlin Ave, Berlin",AC Level 1,ChargePoint,50,0.19,13.28,6,4.8,13,0,0.5328,MEDIUM
EVS02216,"3284 Toronto Ave, Toronto",AC Level 1,Ionity,150,0.11,17.5,5,3.8,52,0,0.5327,MEDIUM
EVS02062,"5749 Toronto Ave, Toronto",DC Fast Charger,Greenlots,50,0.12,16.74,9,4.2,83,1,0.5327,MEDIUM
EVS00032,"3787 Beijing Ave, Beijing",AC Level 2,Tesla,150,0.19,18.44,3,4.1,90,1,0.5327,MEDIUM
EVS04402,"8869 Sydney Ave, Sydney",DC Fast Charger,Greenlots,50,0.11,11.72,4,4.1,38,0,0.5327,MEDIUM
EVS03275,"5981 Cape Town Ave, Cape Town",AC Level 2,Tesla,22,0.12,15.83,1,3.3,13,0,0.5326,MEDIUM
EVS04112,"236 Cape Town Ave, Cape Town",AC Level 1,EVgo,50,0.35,18.5,1,4.9,62,1,0.5326,MEDIUM
EVS04092,"3044 Los Angeles Ave, Los Angeles",DC Fast Charger,ChargePoint,50,0.14,3.52,1,4.9,70,1,0.5325,MEDIUM
EVS01781,"5539 Random Rd, City 302, Country",DC Fast Charger,Ionity,22,0.26,19.94,10,5.0,69,1,0.5325,MEDIUM
EVS00755,"8636 Berlin Ave, Berlin",AC Level 1,Greenlots,150,0.16,6.09,1,5.0,34,0,0.5325,MEDIUM
EVS04727,"978 Beijing Ave, Beijing",AC Level 2,Tesla,350,0.18,19.64,1,4.1,21,0,0.5325,MEDIUM
EVS03467,"7123 Seoul Ave, Seoul",DC Fast Charger,Tesla,150,0.26,18.99,4,4.7,82,1,0.5325,MEDIUM
EVS04943,"155 Sydney Ave, Sydney",DC Fast Charger,Greenlots,150,0.23,13.73,1,4.7,62,1,0.5324,MEDIUM
EVS00424,"4217 Cape Town Ave, Cape Town",AC Level 2,EVgo,22,0.28,18.96,6,4.8,18,0,0.5324,MEDIUM
EVS00721,"1220 Random Rd, City 311, Country",DC Fast Charger,ChargePoint,50,0.1,14.0,1,3.4,74,1,0.5324,MEDIUM
EVS03435,"1283 Beijing Ave, Beijing",AC Level 1,ChargePoint,22,0.13,15.54,7,4.1,14,0,0.5324,MEDIUM
EVS04570,"5844 Dubai Ave, Dubai",AC Level 2,Ionity,150,0.27,17.74,3,4.8,30,0,0.5324,MEDIUM
EVS00569,"819 Seoul Ave, Seoul",AC Level 2,EVgo,22,0.11,9.63,1,3.9,57,1,0.5323,MEDIUM
EVS03474,"2342 Mumbai Ave, Mumbai",DC Fast Charger,Greenlots,150,0.1,12.24,6,4.4,92,1,0.5323,MEDIUM
EVS01267,"4209 Beijing Ave, Beijing",AC Level 2,ChargePoint,150,0.19,15.08,6,4.8,43,0,0.5322,MEDIUM
EVS02617,"2631 Toronto Ave, Toronto",AC Level 2,Tesla,50,0.15,15.82,2,3.7,64,1,0.5322,MEDIUM
EVS00598,"4751 Berlin Ave, Berlin",DC Fast Charger,Tesla,50,0.16,10.57,4,4.6,63,1,0.5322,MEDIUM
EVS03951,"945 Random Rd, City 483, Country",AC Level 2,ChargePoint,22,0.12,15.13,10,4.4,87,1,0.5321,MEDIUM
EVS02078,"5554 Chicago Ave, Chicago",AC Level 2,Ionity,350,0.19,18.21,6,4.9,23,0,0.5321,MEDIUM
EVS02692,"8639 Mumbai Ave, Mumbai",AC Level 1,EVgo,22,0.17,14.65,7,4.5,63,1,0.532,MEDIUM
EVS04975,"4379 Seoul Ave, Seoul",AC Level 1,ChargePoint,22,0.16,12.16,1,4.0,20,0,0.532,MEDIUM
EVS00262,"6384 Sydney Ave, Sydney",AC Level 2,ChargePoint,50,0.13,17.13,3,3.5,77,1,0.532,MEDIUM
EVS03963,"1429 Toronto Ave, Toronto",AC Level 1,Tesla,350,0.13,19.84,4,4.0,45,0,0.532,MEDIUM
EVS02192,"1385 São Paulo Ave, São Paulo",DC Fast Charger,EVgo,150,0.27,18.13,1,4.5,21,0,0.532,MEDIUM
EVS00788,"1655 Berlin Ave, Berlin",AC Level 1,Ionity,22,0.25,11.53,2,4.9,71,1,0.5319,MEDIUM
EVS02595,"6636 Mumbai Ave, Mumbai",DC Fast Charger,ChargePoint,22,0.11,14.93,2,3.4,25,0,0.5319,MEDIUM
EVS02573,"1773 Cape Town Ave, Cape Town",DC Fast Charger,Tesla,22,0.12,12.51,5,4.1,19,0,0.5319,MEDIUM
EVS00475,"4042 Chicago Ave, Chicago",AC Level 2,Tesla,50,0.23,18.97,10,4.9,93,1,0.5319,MEDIUM
EVS03802,"2368 San Francisco Ave, San Francisco",AC Level 2,Tesla,22,0.17,15.76,9,4.6,27,0,0.5319,MEDIUM
EVS03960,"8497 Mumbai Ave, Mumbai",AC Level 2,Ionity,22,0.16,19.95,6,3.7,46,0,0.5319,MEDIUM
EVS01394,"9343 Dubai Ave, Dubai",DC Fast Charger,Ionity,50,0.1,11.32,3,3.9,59,1,0.5318,MEDIUM
EVS01083,"276 Chicago Ave, Chicago",AC Level 1,Ionity,50,0.12,18.09,3,3.3,86,1,0.5318,MEDIUM
EVS04890,"9093 Bangkok Ave, Bangkok",DC Fast Charger,EVgo,22,0.12,5.28,5,4.9,57,1,0.5317,MEDIUM
EVS04865,"2738 San Francisco Ave, San Francisco",AC Level 2,Tesla,22,0.26,18.95,6,4.6,66,1,0.5317,MEDIUM
EVS04817,"1434 Berlin Ave, Berlin",AC Level 2,Greenlots,50,0.1,11.4,4,4.0,26,0,0.5317,MEDIUM
EVS00551,"4455 Random Rd, City 82, Country",DC Fast Charger,EVgo,350,0.15,15.32,1,4.3,75,1,0.5317,MEDIUM
EVS02640,"1647 Mumbai Ave, Mumbai",AC Level 1,Tesla,50,0.15,19.98,8,3.9,97,1,0.5316,MEDIUM
EVS03633,"3588 São Paulo Ave, São Paulo",AC Level 1,ChargePoint,22,0.15,7.08,3,4.7,62,1,0.5316,MEDIUM
EVS02128,"1665 Seoul Ave, Seoul",AC Level 2,EVgo,350,0.13,18.62,3,4.0,40,0,0.5316,MEDIUM
EVS04813,"5204 Cape Town Ave, Cape Town",DC Fast Charger,Tesla,50,0.14,19.11,1,3.1,73,1,0.5316,MEDIUM
EVS01443,"4125 Dubai Ave, Dubai",AC Level 1,ChargePoint,150,0.14,14.0,1,3.9,54,0,0.5315,MEDIUM
EVS02893,"8173 San Francisco Ave, San Francisco",AC Level 2,Greenlots,22,0.14,15.83,1,3.4,64,1,0.5315,MEDIUM
EVS02523,"4855 São Paulo Ave, São Paulo",AC Level 2,Tesla,150,0.12,7.21,1,4.5,34,0,0.5315,MEDIUM
EVS00661,"9591 Random Rd, City 452, Country",AC Level 1,EVgo,50,0.16,10.37,5,4.7,42,0,0.5315,MEDIUM
EVS01365,"2476 Bangkok Ave, Bangkok",AC Level 1,ChargePoint,350,0.18,18.63,4,4.5,59,1,0.5313,MEDIUM
EVS00972,"7130 Bangkok Ave, Bangkok",DC Fast Charger,Ionity,22,0.21,19.23,9,4.5,90,1,0.5313,MEDIUM
EVS00512,"6840 Moscow Ave, Moscow",AC Level 1,Ionity,150,0.19,16.81,3,4.2,57,1,0.5312,MEDIUM
EVS03669,"4164 San Francisco Ave, San Francisco",AC Level 2,Ionity,150,0.15,18.85,6,4.0,76,1,0.5312,MEDIUM
EVS04465,"785 Seoul Ave, Seoul",AC Level 1,Ionity,22,0.23,16.86,8,4.8,76,1,0.5312,MEDIUM
EVS02726,"7056 Sydney Ave, Sydney",AC Level 1,Tesla,350,0.22,18.68,4,4.8,32,0,0.5311,MEDIUM
EVS02340,"9326 Mexico City Ave, Mexico City",AC Level 1,Tesla,22,0.1,11.89,1,3.5,26,0,0.5311,MEDIUM
EVS01149,"4319 Cape Town Ave, Cape Town",AC Level 2,EVgo,50,0.28,15.62,2,4.7,63,1,0.5311,MEDIUM
EVS03213,"9311 Sydney Ave, Sydney",AC Level 2,EVgo,350,0.14,19.94,9,4.6,34,0,0.5311,MEDIUM
EVS01996,"6597 Chicago Ave, Chicago",DC Fast Charger,Greenlots,22,0.19,19.27,2,3.5,86,1,0.5309,MEDIUM
EVS00681,"6231 Random Rd, City 229, Country",AC Level 1,Tesla,350,0.16,11.2,1,4.8,46,0,0.5309,MEDIUM
EVS03039,"8163 Moscow Ave, Moscow",AC Level 1,EVgo,50,0.17,8.09,5,5.0,84,1,0.5308,MEDIUM
EVS00104,"4326 Toronto Ave, Toronto",AC Level 2,Ionity,22,0.14,19.64,5,3.4,93,1,0.5308,MEDIUM
EVS00138,"4542 Toronto Ave, Toronto",DC Fast Charger,Tesla,22,0.33,18.44,2,4.7,98,1,0.5307,MEDIUM
EVS01274,"2414 Toronto Ave, Toronto",AC Level 2,EVgo,50,0.14,19.44,6,3.6,75,1,0.5307,MEDIUM
EVS03848,"8603 Chicago Ave, Chicago",DC Fast Charger,ChargePoint,350,0.1,13.05,7,4.8,86,1,0.5307,MEDIUM
EVS03990,"4082 Cape Town Ave, Cape Town",AC Level 2,Ionity,50,0.2,14.02,1,4.1,46,0,0.5306,MEDIUM
EVS03359,"7460 Dubai Ave, Dubai",AC Level 1,ChargePoint,50,0.14,13.28,7,4.4,62,1,0.5306,MEDIUM
EVS01643,"2015 Sydney Ave, Sydney",DC Fast Charger,EVgo,22,0.13,18.37,8,3.8,54,0,0.5306,MEDIUM
EVS04746,"5630 São Paulo Ave, São Paulo",DC Fast Charger,EVgo,150,0.18,11.04,1,4.5,41,0,0.5306,MEDIUM
EVS03232,"8740 San Francisco Ave, San Francisco",AC Level 1,Ionity,150,0.18,14.6,1,4.1,56,0,0.5305,MEDIUM
EVS01517,"9992 Toronto Ave, Toronto",DC Fast Charger,Greenlots,22,0.24,13.84,3,4.6,89,1,0.5305,MEDIUM
EVS00334,"6812 Chicago Ave, Chicago",AC Level 2,EVgo,50,0.24,18.99,4,4.2,23,0,0.5304,MEDIUM
EVS04816,"4039 Mexico City Ave, Mexico City",AC Level 2,ChargePoint,22,0.17,11.33,8,4.9,54,0,0.5304,MEDIUM
EVS03174,"1933 Mumbai Ave, Mumbai",DC Fast Charger,Ionity,22,0.33,19.61,5,4.9,91,1,0.5304,MEDIUM
EVS04538,"9413 Bangkok Ave, Bangkok",AC Level 1,EVgo,22,0.22,12.51,4,4.7,62,1,0.5304,MEDIUM
EVS03777,"5243 Toronto Ave, Toronto",AC Level 1,Tesla,22,0.3,16.26,3,4.8,24,0,0.5303,MEDIUM
EVS04271,"6953 Random Rd, City 177, Country",DC Fast Charger,EVgo,150,0.17,16.73,9,4.7,26,0,0.5303,MEDIUM
EVS04282,"3086 São Paulo Ave, São Paulo",AC Level 2,Greenlots,150,0.16,15.85,2,3.9,99,1,0.5302,MEDIUM
EVS01902,"3966 Cape Town Ave, Cape Town",DC Fast Charger,Tesla,22,0.19,18.47,5,3.9,93,1,0.5302,MEDIUM
EVS03149,"2401 Seoul Ave, Seoul",DC Fast Charger,Ionity,150,0.16,13.27,3,4.3,38,0,0.5301,MEDIUM
EVS01853,"1624 Sydney Ave, Sydney",AC Level 2,ChargePoint,350,0.17,15.68,5,4.8,74,1,0.5301,MEDIUM
EVS03496,"2190 Bangkok Ave, Bangkok",AC Level 1,Greenlots,22,0.23,16.92,6,4.5,30,0,0.53,MEDIUM
EVS04368,"467 Moscow Ave, Moscow",DC Fast Charger,Greenlots,150,0.25,13.99,1,4.7,77,1,0.53,MEDIUM
EVS03913,"5327 Beijing Ave, Beijing",AC Level 1,EVgo,22,0.14,9.6,6,4.6,28,0,0.53,MEDIUM
EVS01966,"7138 Toronto Ave, Toronto",DC Fast Charger,EVgo,22,0.2,15.89,8,4.6,43,0,0.5299,MEDIUM
EVS02053,"5012 Berlin Ave, Berlin",AC Level 2,Ionity,22,0.26,17.34,7,4.8,59,1,0.5299,MEDIUM
EVS02082,"4504 Cape Town Ave, Cape Town",AC Level 1,Tesla,350,0.2,18.91,1,4.2,40,0,0.5299,MEDIUM
EVS03779,"5302 Sydney Ave, Sydney",AC Level 2,Greenlots,22,0.13,11.0,9,4.7,73,1,0.5298,MEDIUM
EVS00128,"6208 Sydney Ave, Sydney",AC Level 2,Ionity,50,0.16,15.95,6,4.1,71,1,0.5298,MEDIUM
EVS04796,"2572 Mexico City Ave, Mexico City",DC Fast Charger,EVgo,22,0.13,16.97,1,3.1,81,1,0.5298,MEDIUM
EVS04506,"7507 Cape Town Ave, Cape Town",AC Level 1,EVgo,350,0.1,18.24,9,4.4,34,0,0.5297,MEDIUM
EVS04777,"5676 Sydney Ave, Sydney",DC Fast Charger,ChargePoint,22,0.16,13.71,7,4.4,59,1,0.5297,MEDIUM
EVS00265,"5383 Berlin Ave, Berlin",DC Fast Charger,Tesla,350,0.2,19.99,9,5.0,55,0,0.5297,MEDIUM
EVS01530,"4332 Mumbai Ave, Mumbai",AC Level 2,Tesla,50,0.29,17.45,2,4.5,58,1,0.5297,MEDIUM
EVS01395,"142 Sydney Ave, Sydney",AC Level 2,Greenlots,150,0.15,15.74,8,4.5,81,1,0.5297,MEDIUM
EVS02540,"5805 Mumbai Ave, Mumbai",AC Level 1,ChargePoint,50,0.18,18.93,5,3.8,31,0,0.5296,MEDIUM
EVS04814,"3866 Bangkok Ave, Bangkok",DC Fast Charger,Ionity,22,0.14,9.4,6,4.6,95,1,0.5296,MEDIUM
EVS03244,"271 Dubai Ave, Dubai",DC Fast Charger,ChargePoint,150,0.17,10.52,6,5.0,100,1,0.5294,MEDIUM
EVS00651,"6747 Random Rd, City 92, Country",DC Fast Charger,Tesla,50,0.15,10.16,3,4.3,39,0,0.5294,MEDIUM
EVS04705,"1224 Beijing Ave, Beijing",AC Level 1,Tesla,150,0.13,15.23,3,3.8,37,0,0.5294,MEDIUM
EVS03893,"2068 Bangkok Ave, Bangkok",AC Level 1,Tesla,50,0.13,6.76,2,4.4,46,0,0.5293,MEDIUM
EVS00028,"1145 São Paulo Ave, São Paulo",AC Level 1,Tesla,50,0.25,13.65,3,4.7,52,0,0.5293,MEDIUM
EVS03453,"761 Los Angeles Ave, Los Angeles",DC Fast Charger,Ionity,22,0.25,18.42,3,4.1,97,1,0.5293,MEDIUM
EVS03182,"9855 Dubai Ave, Dubai",DC Fast Charger,Ionity,50,0.11,18.05,10,3.9,65,1,0.5292,MEDIUM
EVS02884,"6267 Dubai Ave, Dubai",AC Level 1,Greenlots,350,0.23,16.7,4,5.0,29,0,0.5292,MEDIUM
EVS01296,"4477 Beijing Ave, Beijing",DC Fast Charger,Tesla,150,0.34,20.0,1,4.7,11,0,0.5292,MEDIUM
EVS02202,"7433 Moscow Ave, Moscow",DC Fast Charger,EVgo,50,0.14,11.55,6,4.4,42,0,0.5292,MEDIUM
EVS00119,"157 Dubai Ave, Dubai",AC Level 2,Greenlots,50,0.18,18.85,6,3.9,44,0,0.5291,MEDIUM
EVS04335,"4309 Sydney Ave, Sydney",AC Level 1,Ionity,22,0.35,17.45,3,5.0,96,1,0.5291,MEDIUM
EVS02975,"8184 Toronto Ave, Toronto",AC Level 1,ChargePoint,22,0.13,13.96,1,3.4,19,0,0.5291,MEDIUM
EVS02256,"6299 Cape Town Ave, Cape Town",DC Fast Charger,Tesla,50,0.25,15.78,6,4.8,98,1,0.5291,MEDIUM
EVS00449,"2542 Beijing Ave, Beijing",AC Level 2,Tesla,22,0.11,18.32,4,3.1,70,1,0.5291,MEDIUM
EVS00013,"9250 Berlin Ave, Berlin",AC Level 1,ChargePoint,22,0.16,11.77,2,4.0,73,1,0.5291,MEDIUM
EVS04370,"1431 Beijing Ave, Beijing",AC Level 1,Ionity,22,0.26,19.76,8,4.6,55,0,0.529,MEDIUM
EVS02486,"4671 Moscow Ave, Moscow",AC Level 2,EVgo,22,0.11,9.98,2,3.8,85,1,0.529,MEDIUM
EVS00817,"4608 Bangkok Ave, Bangkok",DC Fast Charger,Tesla,150,0.15,12.6,7,4.7,13,0,0.529,MEDIUM
EVS04935,"1115 Moscow Ave, Moscow",DC Fast Charger,EVgo,22,0.33,18.03,5,5.0,30,0,0.529,MEDIUM
EVS04471,"2750 Random Rd, City 224, Country",AC Level 2,Greenlots,50,0.1,5.17,1,4.2,13,0,0.5289,MEDIUM
EVS03953,"5609 Toronto Ave, Toronto",DC Fast Charger,Tesla,350,0.19,18.73,8,4.9,66,1,0.5289,MEDIUM
EVS03570,"2778 Los Angeles Ave, Los Angeles",AC Level 1,Greenlots,22,0.2,17.03,7,4.3,69,1,0.5288,MEDIUM
EVS00601,"3002 Random Rd, City 19, Country",AC Level 2,Greenlots,50,0.18,18.25,9,4.3,75,1,0.5288,MEDIUM
EVS04748,"9678 Bangkok Ave, Bangkok",AC Level 2,EVgo,22,0.12,5.65,5,4.7,27,0,0.5288,MEDIUM
EVS02329,"2559 Toronto Ave, Toronto",AC Level 2,Greenlots,50,0.1,18.47,7,3.4,30,0,0.5288,MEDIUM
EVS03251,"2247 Random Rd, City 229, Country",DC Fast Charger,Tesla,22,0.19,11.38,4,4.5,43,0,0.5288,MEDIUM
EVS01856,"9105 Berlin Ave, Berlin",AC Level 2,ChargePoint,150,0.14,19.79,7,3.8,59,1,0.5287,MEDIUM
EVS02887,"2814 Sydney Ave, Sydney",AC Level 2,Greenlots,150,0.32,17.61,2,4.9,33,0,0.5287,MEDIUM
EVS01611,"5170 Random Rd, City 224, Country",DC Fast Charger,EVgo,50,0.2,17.69,8,4.4,76,1,0.5287,MEDIUM
EVS01684,"6665 San Francisco Ave, San Francisco",DC Fast Charger,Ionity,150,0.13,18.46,9,4.1,96,1,0.5287,MEDIUM
EVS02980,"4419 Berlin Ave, Berlin",AC Level 2,Ionity,50,0.16,11.55,10,5.0,50,0,0.5287,MEDIUM
EVS03414,"7642 Cape Town Ave, Cape Town",AC Level 2,ChargePoint,50,0.16,8.29,6,4.9,23,0,0.5287,MEDIUM
EVS00669,"1042 Mexico City Ave, Mexico City",AC Level 2,Tesla,50,0.11,7.7,2,4.1,59,1,0.5287,MEDIUM
EVS00333,"2497 Los Angeles Ave, Los Angeles",AC Level 1,Tesla,150,0.13,9.66,4,4.5,29,0,0.5286,MEDIUM
EVS00144,"7845 Toronto Ave, Toronto",DC Fast Charger,Greenlots,150,0.15,14.65,4,4.1,80,1,0.5286,MEDIUM
EVS00102,"7022 Beijing Ave, Beijing",DC Fast Charger,Ionity,22,0.12,17.81,4,3.2,41,0,0.5284,MEDIUM
EVS00180,"1592 Moscow Ave, Moscow",AC Level 2,EVgo,50,0.29,19.63,3,4.3,77,1,0.5284,MEDIUM
EVS00923,"992 San Francisco Ave, San Francisco",DC Fast Charger,Tesla,150,0.12,2.26,2,5.0,31,0,0.5283,MEDIUM
EVS04290,"5738 Toronto Ave, Toronto",AC Level 1,Tesla,22,0.25,17.96,3,4.1,34,0,0.5283,MEDIUM
EVS00280,"4464 Los Angeles Ave, Los Angeles",AC Level 2,EVgo,350,0.14,17.41,7,4.5,43,0,0.5283,MEDIUM
EVS03647,"7228 Cape Town Ave, Cape Town",DC Fast Charger,EVgo,22,0.13,10.43,4,4.1,89,1,0.5283,MEDIUM
EVS00356,"842 San Francisco Ave, San Francisco",DC Fast Charger,ChargePoint,50,0.22,18.87,8,4.4,86,1,0.5282,MEDIUM
EVS01914,"8655 Cape Town Ave, Cape Town",AC Level 1,Ionity,22,0.14,19.72,8,3.6,22,0,0.5282,MEDIUM
EVS04840,"4772 Cape Town Ave, Cape Town",AC Level 1,EVgo,50,0.24,15.67,7,4.8,89,1,0.5282,MEDIUM
EVS04351,"5360 Random Rd, City 123, Country",AC Level 2,ChargePoint,50,0.11,15.77,4,3.4,80,1,0.5281,MEDIUM
EVS03651,"7681 Random Rd, City 343, Country",AC Level 2,Greenlots,150,0.15,13.82,6,4.4,93,1,0.5281,MEDIUM
EVS00913,"4722 Los Angeles Ave, Los Angeles",AC Level 1,EVgo,350,0.15,15.97,5,4.5,16,0,0.5281,MEDIUM
EVS04322,"9999 Dubai Ave, Dubai",AC Level 1,Tesla,22,0.33,17.28,3,4.8,18,0,0.528,MEDIUM
EVS00445,"5717 Toronto Ave, Toronto",AC Level 2,Greenlots,350,0.16,18.24,10,4.9,85,1,0.528,MEDIUM
EVS01660,"2968 Berlin Ave, Berlin",DC Fast Charger,Ionity,50,0.19,19.86,6,3.8,30,0,0.5279,MEDIUM
EVS00577,"1871 Seoul Ave, Seoul",AC Level 2,ChargePoint,22,0.23,19.61,1,3.5,46,0,0.5279,MEDIUM
EVS04128,"1935 Cape Town Ave, Cape Town",AC Level 1,Greenlots,22,0.14,2.48,1,4.7,89,1,0.5278,MEDIUM
EVS02532,"9941 Los Angeles Ave, Los Angeles",AC Level 1,ChargePoint,150,0.12,16.29,8,4.1,12,0,0.5278,MEDIUM
EVS03460,"3701 Mumbai Ave, Mumbai",AC Level 1,Tesla,22,0.16,5.81,2,4.6,23,0,0.5278,MEDIUM
EVS01439,"8864 Seoul Ave, Seoul",AC Level 1,Greenlots,150,0.27,15.34,2,4.7,16,0,0.5277,MEDIUM
EVS00810,"2472 San Francisco Ave, San Francisco",DC Fast Charger,ChargePoint,150,0.32,18.75,1,4.6,81,1,0.5277,MEDIUM
EVS00908,"8368 Seoul Ave, Seoul",AC Level 2,Greenlots,22,0.1,13.52,5,3.6,22,0,0.5277,MEDIUM
EVS03853,"4061 Cape Town Ave, Cape Town",AC Level 1,Tesla,22,0.3,18.7,4,4.5,80,1,0.5277,MEDIUM
EVS02672,"4657 Bangkok Ave, Bangkok",AC Level 2,ChargePoint,350,0.16,8.91,2,5.0,82,1,0.5277,MEDIUM
EVS04275,"1178 Los Angeles Ave, Los Angeles",AC Level 2,Ionity,50,0.26,18.06,3,4.2,81,1,0.5277,MEDIUM
EVS03066,"7594 São Paulo Ave, São Paulo",AC Level 2,Tesla,50,0.18,10.81,5,4.6,90,1,0.5276,MEDIUM
EVS04662,"9457 Toronto Ave, Toronto",DC Fast Charger,ChargePoint,150,0.17,11.7,2,4.3,52,0,0.5275,MEDIUM
EVS03217,"2058 Dubai Ave, Dubai",AC Level 2,Greenlots,22,0.16,15.5,2,3.5,21,0,0.5275,MEDIUM
EVS03828,"8372 Toronto Ave, Toronto",AC Level 1,ChargePoint,22,0.27,16.04,1,4.2,74,1,0.5275,MEDIUM
EVS04072,"296 San Francisco Ave, San Francisco",AC Level 1,EVgo,150,0.18,14.17,2,4.1,61,1,0.5275,MEDIUM
EVS03577,"8217 Beijing Ave, Beijing",DC Fast Charger,Ionity,150,0.17,18.91,9,4.3,69,1,0.5274,MEDIUM
EVS00850,"7497 Sydney Ave, Sydney",DC Fast Charger,ChargePoint,50,0.35,18.06,3,4.9,82,1,0.5273,MEDIUM
EVS01680,"3251 São Paulo Ave, São Paulo",AC Level 1,ChargePoint,150,0.1,19.39,4,3.1,65,1,0.5273,MEDIUM
EVS02852,"5218 Mumbai Ave, Mumbai",AC Level 2,EVgo,150,0.26,18.88,2,4.2,59,1,0.5273,MEDIUM
EVS02725,"9853 Seoul Ave, Seoul",AC Level 2,ChargePoint,22,0.15,19.24,9,3.8,63,1,0.5273,MEDIUM
EVS01833,"865 Sydney Ave, Sydney",AC Level 2,Tesla,150,0.14,17.74,4,3.6,79,1,0.5272,MEDIUM
EVS01026,"2487 Berlin Ave, Berlin",AC Level 1,EVgo,350,0.14,16.63,5,4.3,67,1,0.5272,MEDIUM
EVS02471,"3685 Random Rd, City 97, Country",AC Level 1,ChargePoint,22,0.11,10.26,10,4.6,73,1,0.5272,MEDIUM
EVS01261,"3426 Random Rd, City 420, Country",DC Fast Charger,Ionity,350,0.11,13.11,2,4.1,20,0,0.5271,MEDIUM
EVS02241,"4863 Random Rd, City 71, Country",AC Level 1,ChargePoint,22,0.22,17.13,10,4.7,18,0,0.527,MEDIUM
EVS00901,"6039 Random Rd, City 65, Country",AC Level 2,Tesla,50,0.16,12.39,9,4.7,68,1,0.527,MEDIUM
EVS03663,"5295 São Paulo Ave, São Paulo",AC Level 1,Tesla,350,0.19,16.81,7,4.9,31,0,0.527,MEDIUM
EVS04964,"6363 Sydney Ave, Sydney",DC Fast Charger,Ionity,50,0.29,17.94,2,4.3,13,0,0.527,MEDIUM
EVS03566,"1123 Cape Town Ave, Cape Town",DC Fast Charger,Tesla,50,0.1,5.86,6,4.6,37,0,0.527,MEDIUM
EVS01896,"8144 Dubai Ave, Dubai",AC Level 2,Greenlots,22,0.25,9.14,2,4.9,85,1,0.527,MEDIUM
EVS01525,"1556 Bangkok Ave, Bangkok",AC Level 2,Greenlots,350,0.14,18.1,10,4.7,15,0,0.5269,MEDIUM
EVS02190,"8718 Los Angeles Ave, Los Angeles",AC Level 1,Tesla,22,0.11,14.9,6,3.6,38,0,0.5269,MEDIUM
EVS02903,"8599 Beijing Ave, Beijing",AC Level 1,Greenlots,50,0.16,17.24,6,3.8,81,1,0.5269,MEDIUM
EVS01105,"5707 Mumbai Ave, Mumbai",DC Fast Charger,Greenlots,22,0.25,14.46,2,4.3,62,1,0.5269,MEDIUM
EVS00290,"1631 Seoul Ave, Seoul",AC Level 1,ChargePoint,50,0.14,7.03,7,4.9,45,0,0.5269,MEDIUM
EVS01143,"4698 Beijing Ave, Beijing",DC Fast Charger,Greenlots,50,0.2,19.62,9,4.2,57,1,0.5269,MEDIUM
EVS00715,"4537 Los Angeles Ave, Los Angeles",DC Fast Charger,Ionity,22,0.1,3.76,2,4.3,56,0,0.5269,MEDIUM
EVS02294,"1967 Toronto Ave, Toronto",AC Level 2,ChargePoint,50,0.22,17.32,2,3.8,17,0,0.5268,MEDIUM
EVS01871,"9443 Random Rd, City 174, Country",AC Level 2,EVgo,50,0.25,18.41,1,3.8,93,1,0.5268,MEDIUM
EVS02080,"3119 Toronto Ave, Toronto",AC Level 1,Tesla,22,0.17,14.33,10,4.6,65,1,0.5268,MEDIUM
EVS04612,"7312 Cape Town Ave, Cape Town",AC Level 2,EVgo,50,0.11,15.97,10,4.0,28,0,0.5267,MEDIUM
EVS01243,"6828 Toronto Ave, Toronto",DC Fast Charger,Tesla,22,0.13,7.02,4,4.4,29,0,0.5267,MEDIUM
EVS04602,"8449 São Paulo Ave, São Paulo",DC Fast Charger,Ionity,150,0.33,18.97,1,4.6,21,0,0.5267,MEDIUM
EVS00515,"9347 Cape Town Ave, Cape Town",AC Level 2,Ionity,22,0.27,18.44,8,4.7,89,1,0.5267,MEDIUM
EVS01013,"3260 Beijing Ave, Beijing",DC Fast Charger,EVgo,22,0.18,9.66,4,4.5,99,1,0.5267,MEDIUM
EVS04530,"9787 Bangkok Ave, Bangkok",AC Level 1,ChargePoint,150,0.25,17.4,5,4.6,40,0,0.5266,MEDIUM
EVS01908,"7854 São Paulo Ave, São Paulo",DC Fast Charger,Tesla,22,0.22,4.92,1,5.0,87,1,0.5266,MEDIUM
EVS03395,"5567 Bangkok Ave, Bangkok",AC Level 1,EVgo,22,0.13,18.49,10,3.8,18,0,0.5265,MEDIUM
EVS02484,"152 Los Angeles Ave, Los Angeles",DC Fast Charger,EVgo,50,0.23,13.26,7,4.9,72,1,0.5265,MEDIUM
EVS03214,"4674 Dubai Ave, Dubai",AC Level 2,Tesla,22,0.28,16.23,7,4.9,72,1,0.5265,MEDIUM
EVS00085,"6285 Chicago Ave, Chicago",AC Level 2,Tesla,50,0.13,8.18,9,4.9,40,0,0.5264,MEDIUM
EVS02714,"850 Toronto Ave, Toronto",DC Fast Charger,ChargePoint,22,0.29,13.5,2,4.7,43,0,0.5264,MEDIUM
EVS03618,"8620 Seoul Ave, Seoul",AC Level 2,ChargePoint,22,0.22,16.66,3,3.9,41,0,0.5263,MEDIUM
EVS04986,"2412 Mumbai Ave, Mumbai",AC Level 2,Ionity,350,0.12,14.47,3,4.1,68,1,0.5263,MEDIUM
EVS03023,"9530 Moscow Ave, Moscow",DC Fast Charger,ChargePoint,22,0.17,12.93,8,4.5,19,0,0.5263,MEDIUM
EVS02355,"6468 Toronto Ave, Toronto",AC Level 2,EVgo,22,0.1,7.19,9,4.7,55,0,0.5263,MEDIUM
EVS01188,"5183 Chicago Ave, Chicago",AC Level 1,Ionity,22,0.17,16.34,7,4.0,18,0,0.5263,MEDIUM
EVS00804,"1657 Berlin Ave, Berlin",AC Level 2,ChargePoint,350,0.15,19.25,9,4.5,50,0,0.5263,MEDIUM
EVS00472,"3032 Chicago Ave, Chicago",AC Level 2,EVgo,22,0.23,16.38,9,4.7,66,1,0.5262,MEDIUM
EVS03869,"7844 Los Angeles Ave, Los Angeles",AC Level 2,EVgo,150,0.15,9.58,2,4.3,93,1,0.5261,MEDIUM
EVS03452,"3715 Berlin Ave, Berlin",DC Fast Charger,Ionity,350,0.16,13.04,5,4.8,65,1,0.5261,MEDIUM
EVS01134,"9611 Sydney Ave, Sydney",AC Level 1,EVgo,50,0.17,10.58,1,4.0,60,1,0.5261,MEDIUM
EVS02823,"1820 Chicago Ave, Chicago",AC Level 2,Greenlots,50,0.37,19.61,2,4.7,24,0,0.526,MEDIUM
EVS00337,"9000 Mexico City Ave, Mexico City",DC Fast Charger,Greenlots,150,0.22,17.36,3,4.1,78,1,0.526,MEDIUM
EVS01671,"6862 Random Rd, City 10, Country",DC Fast Charger,Tesla,150,0.21,11.73,6,5.0,69,1,0.526,MEDIUM
EVS02279,"8916 Berlin Ave, Berlin",AC Level 2,Tesla,22,0.23,19.88,9,4.3,78,1,0.526,MEDIUM
EVS02792,"9878 Bangkok Ave, Bangkok",DC Fast Charger,Tesla,50,0.2,10.9,1,4.2,62,1,0.526,MEDIUM
EVS01736,"3100 Mexico City Ave, Mexico City",AC Level 1,Tesla,22,0.12,10.87,1,3.5,80,1,0.526,MEDIUM
EVS01381,"5409 Random Rd, City 263, Country",DC Fast Charger,EVgo,22,0.12,16.8,5,3.3,76,1,0.526,MEDIUM
EVS00118,"7486 Dubai Ave, Dubai",DC Fast Charger,Tesla,22,0.17,13.63,8,4.4,89,1,0.5259,MEDIUM
EVS01031,"7446 Random Rd, City 82, Country",DC Fast Charger,Greenlots,50,0.17,4.53,3,4.9,57,1,0.5259,MEDIUM
EVS04001,"2462 Random Rd, City 134, Country",AC Level 2,EVgo,150,0.22,18.29,4,4.1,82,1,0.5258,MEDIUM
EVS04761,"7070 Random Rd, City 81, Country",AC Level 2,Greenlots,22,0.31,13.89,3,4.9,29,0,0.5258,MEDIUM
EVS03445,"9285 Bangkok Ave, Bangkok",AC Level 1,Tesla,50,0.26,18.9,9,4.7,58,1,0.5258,MEDIUM
EVS01968,"7589 Toronto Ave, Toronto",DC Fast Charger,EVgo,50,0.2,9.85,7,5.0,97,1,0.5257,MEDIUM
EVS02228,"7026 São Paulo Ave, São Paulo",AC Level 1,Greenlots,50,0.11,16.21,9,3.8,39,0,0.5257,MEDIUM
EVS02214,"5437 Dubai Ave, Dubai",AC Level 2,EVgo,50,0.11,17.4,5,3.2,75,1,0.5257,MEDIUM
EVS02084,"1402 Sydney Ave, Sydney",AC Level 2,EVgo,150,0.22,10.93,3,4.8,44,0,0.5257,MEDIUM
EVS00173,"8034 San Francisco Ave, San Francisco",AC Level 2,ChargePoint,50,0.19,11.19,3,4.3,31,0,0.5256,MEDIUM
EVS02096,"5779 Mumbai Ave, Mumbai",DC Fast Charger,EVgo,50,0.15,8.62,5,4.5,82,1,0.5256,MEDIUM
EVS00893,"9095 Mexico City Ave, Mexico City",AC Level 2,Tesla,50,0.15,15.61,4,3.6,56,0,0.5256,MEDIUM
EVS02097,"2988 São Paulo Ave, São Paulo",AC Level 2,EVgo,150,0.14,18.41,8,3.9,18,0,0.5256,MEDIUM
EVS03347,"8406 Moscow Ave, Moscow",DC Fast Charger,Tesla,50,0.27,15.64,7,4.9,12,0,0.5255,MEDIUM
EVS04489,"7828 Chicago Ave, Chicago",AC Level 1,Tesla,150,0.14,9.61,9,5.0,39,0,0.5255,MEDIUM
EVS01676,"9857 São Paulo Ave, São Paulo",AC Level 2,EVgo,150,0.21,16.36,9,4.8,12,0,0.5255,MEDIUM
EVS00683,"270 Mexico City Ave, Mexico City",DC Fast Charger,EVgo,22,0.38,18.87,4,5.0,26,0,0.5255,MEDIUM
EVS04619,"9433 Bangkok Ave, Bangkok",AC Level 2,Greenlots,50,0.13,19.3,9,3.6,45,0,0.5254,MEDIUM
EVS01205,"4039 Moscow Ave, Moscow",AC Level 1,Tesla,50,0.15,10.93,3,4.0,10,0,0.5254,MEDIUM
EVS03693,"8707 Moscow Ave, Moscow",AC Level 2,Tesla,150,0.11,11.89,9,4.5,38,0,0.5254,MEDIUM
EVS02981,"8271 Random Rd, City 384, Country",AC Level 1,ChargePoint,50,0.16,5.15,2,4.6,64,1,0.5252,MEDIUM
EVS00024,"128 Berlin Ave, Berlin",DC Fast Charger,Tesla,22,0.21,9.92,2,4.4,52,0,0.5252,MEDIUM
EVS01389,"118 Mumbai Ave, Mumbai",DC Fast Charger,Tesla,22,0.25,9.04,1,4.7,40,0,0.5252,MEDIUM
EVS02861,"4297 Random Rd, City 413, Country",AC Level 2,Tesla,350,0.12,15.06,5,4.2,41,0,0.5251,MEDIUM
EVS01258,"719 São Paulo Ave, São Paulo",AC Level 1,EVgo,150,0.14,13.41,6,4.2,85,1,0.5251,MEDIUM
EVS01466,"3468 Toronto Ave, Toronto",AC Level 1,Ionity,22,0.19,13.76,2,3.8,65,1,0.525,MEDIUM
EVS01898,"5911 Mexico City Ave, Mexico City",DC Fast Charger,Ionity,50,0.12,11.11,8,4.3,88,1,0.525,MEDIUM
EVS03717,"7451 Beijing Ave, Beijing",DC Fast Charger,Greenlots,22,0.24,6.46,1,4.9,18,0,0.525,MEDIUM
EVS02291,"452 Random Rd, City 463, Country",DC Fast Charger,Greenlots,22,0.16,9.66,1,3.9,59,1,0.525,MEDIUM
EVS04307,"4846 San Francisco Ave, San Francisco",AC Level 1,ChargePoint,22,0.12,11.2,7,4.1,46,0,0.5249,MEDIUM
EVS01007,"3827 Dubai Ave, Dubai",DC Fast Charger,Greenlots,22,0.15,16.01,7,3.8,89,1,0.5249,MEDIUM
EVS01177,"3677 Toronto Ave, Toronto",AC Level 1,Greenlots,150,0.19,16.58,4,4.0,63,1,0.5248,MEDIUM
EVS01520,"2111 São Paulo Ave, São Paulo",AC Level 1,Tesla,22,0.22,18.44,8,4.2,90,1,0.5248,MEDIUM
EVS01509,"8589 San Francisco Ave, San Francisco",AC Level 2,Ionity,150,0.11,14.56,5,3.7,90,1,0.5248,MEDIUM
EVS04496,"3037 San Francisco Ave, San Francisco",AC Level 1,Tesla,50,0.13,1.3,4,5.0,26,0,0.5248,MEDIUM
EVS04418,"4493 Los Angeles Ave, Los Angeles",AC Level 2,Greenlots,22,0.15,6.9,6,4.7,38,0,0.5248,MEDIUM
EVS02444,"7804 Sydney Ave, Sydney",AC Level 2,EVgo,50,0.13,7.39,3,4.2,65,1,0.5248,MEDIUM
EVS02266,"3100 Mumbai Ave, Mumbai",AC Level 1,Greenlots,150,0.36,19.43,2,4.8,74,1,0.5247,MEDIUM
EVS01492,"5782 Beijing Ave, Beijing",AC Level 1,Greenlots,50,0.17,10.02,8,4.8,66,1,0.5246,MEDIUM
EVS02018,"3503 Los Angeles Ave, Los Angeles",DC Fast Charger,EVgo,50,0.29,19.73,10,4.9,58,1,0.5246,MEDIUM
EVS00507,"1251 Sydney Ave, Sydney",AC Level 2,Ionity,22,0.39,17.82,1,4.8,59,1,0.5246,MEDIUM
EVS02803,"6800 Mexico City Ave, Mexico City",AC Level 2,EVgo,50,0.15,5.13,3,4.6,40,0,0.5245,MEDIUM
EVS03138,"7360 Chicago Ave, Chicago",AC Level 1,Tesla,22,0.15,6.29,3,4.4,62,1,0.5244,MEDIUM
EVS03154,"1528 Berlin Ave, Berlin",DC Fast Charger,Greenlots,50,0.24,19.36,2,3.6,42,0,0.5244,MEDIUM
EVS02185,"8569 Beijing Ave, Beijing",AC Level 2,EVgo,50,0.28,16.68,7,4.8,40,0,0.5244,MEDIUM
EVS00219,"5083 San Francisco Ave, San Francisco",AC Level 1,ChargePoint,150,0.25,16.3,5,4.6,71,1,0.5243,MEDIUM
EVS00202,"275 Berlin Ave, Berlin",AC Level 2,Tesla,22,0.11,10.66,10,4.4,18,0,0.5243,MEDIUM
EVS04491,"1440 Random Rd, City 481, Country",AC Level 2,Ionity,150,0.11,11.48,10,4.6,96,1,0.5243,MEDIUM
EVS02513,"4949 São Paulo Ave, São Paulo",AC Level 1,Greenlots,50,0.21,6.32,1,4.7,62,1,0.5243,MEDIUM
EVS02219,"9218 San Francisco Ave, San Francisco",DC Fast Charger,ChargePoint,150,0.17,12.31,5,4.4,57,1,0.5242,MEDIUM
EVS02939,"6456 Beijing Ave, Beijing",AC Level 2,EVgo,50,0.27,15.16,2,4.3,11,0,0.5242,MEDIUM
EVS00637,"831 Seoul Ave, Seoul",DC Fast Charger,Tesla,22,0.21,7.46,1,4.5,54,0,0.5241,MEDIUM
EVS03269,"6203 Toronto Ave, Toronto",AC Level 2,Greenlots,50,0.25,13.39,6,4.8,53,0,0.5241,MEDIUM
EVS02508,"3160 Moscow Ave, Moscow",AC Level 1,Ionity,350,0.26,18.02,3,4.7,30,0,0.5241,MEDIUM
EVS03065,"3176 Seoul Ave, Seoul",AC Level 1,Ionity,50,0.24,16.52,8,4.6,49,0,0.5241,MEDIUM
EVS03916,"9196 Sydney Ave, Sydney",AC Level 2,Tesla,22,0.13,2.92,3,4.6,66,1,0.5241,MEDIUM
EVS04717,"6267 São Paulo Ave, São Paulo",AC Level 2,Tesla,150,0.2,18.54,9,4.4,18,0,0.5241,MEDIUM
EVS03171,"6922 Random Rd, City 206, Country",AC Level 1,Greenlots,50,0.2,16.49,9,4.4,91,1,0.5241,MEDIUM
EVS02106,"7193 Beijing Ave, Beijing",DC Fast Charger,EVgo,50,0.11,3.68,8,5.0,43,0,0.5241,MEDIUM
EVS03799,"4488 Sydney Ave, Sydney",DC Fast Charger,EVgo,50,0.31,18.81,8,4.9,38,0,0.524,MEDIUM
EVS02131,"4810 Random Rd, City 335, Country",AC Level 1,Ionity,22,0.39,18.74,3,4.9,75,1,0.524,MEDIUM
EVS04125,"9753 Chicago Ave, Chicago",AC Level 1,ChargePoint,350,0.15,12.07,4,4.6,17,0,0.524,MEDIUM
EVS04342,"2078 Cape Town Ave, Cape Town",AC Level 1,EVgo,50,0.14,8.32,7,4.6,18,0,0.524,MEDIUM
EVS01762,"4380 Seoul Ave, Seoul",DC Fast Charger,Tesla,150,0.19,18.54,2,3.5,29,0,0.524,MEDIUM
EVS02118,"8055 Sydney Ave, Sydney",AC Level 2,Ionity,22,0.2,19.45,3,3.3,58,1,0.524,MEDIUM
EVS01430,"4345 Los Angeles Ave, Los Angeles",AC Level 1,Tesla,50,0.17,13.42,3,3.8,90,1,0.5239,MEDIUM
EVS03691,"6377 Random Rd, City 488, Country",DC Fast Charger,ChargePoint,22,0.15,12.42,10,4.5,89,1,0.5239,MEDIUM
EVS02132,"5661 Moscow Ave, Moscow",DC Fast Charger,ChargePoint,150,0.11,8.46,9,4.8,51,0,0.5239,MEDIUM
EVS03434,"2749 Sydney Ave, Sydney",AC Level 2,Greenlots,350,0.15,18.1,3,3.8,96,1,0.5239,MEDIUM
EVS01558,"5854 San Francisco Ave, San Francisco",DC Fast Charger,Ionity,22,0.12,6.71,4,4.2,96,1,0.5239,MEDIUM
EVS02224,"7150 Mexico City Ave, Mexico City",AC Level 2,Ionity,150,0.15,11.0,7,4.6,12,0,0.5238,MEDIUM
EVS02789,"3525 Chicago Ave, Chicago",AC Level 1,EVgo,50,0.28,17.74,10,5.0,30,0,0.5238,MEDIUM
EVS02837,"7785 Mexico City Ave, Mexico City",AC Level 2,EVgo,22,0.21,14.86,4,4.0,92,1,0.5238,MEDIUM
EVS03241,"1632 Random Rd, City 8, Country",AC Level 1,Greenlots,22,0.2,13.4,5,4.2,62,1,0.5238,MEDIUM
EVS02503,"4767 Sydney Ave, Sydney",AC Level 1,EVgo,22,0.26,13.96,4,4.5,56,0,0.5238,MEDIUM
EVS04474,"7406 Mumbai Ave, Mumbai",DC Fast Charger,EVgo,22,0.2,7.29,6,5.0,77,1,0.5237,MEDIUM
EVS03530,"3352 Moscow Ave, Moscow",AC Level 1,Ionity,150,0.18,7.3,4,4.9,81,1,0.5237,MEDIUM
EVS03249,"9795 Sydney Ave, Sydney",DC Fast Charger,Tesla,22,0.15,16.52,2,3.1,77,1,0.5237,MEDIUM
EVS00259,"3146 Mumbai Ave, Mumbai",AC Level 2,EVgo,350,0.17,19.58,4,3.9,13,0,0.5237,MEDIUM
EVS01384,"5553 Los Angeles Ave, Los Angeles",AC Level 1,ChargePoint,50,0.25,16.44,4,4.2,39,0,0.5236,MEDIUM
EVS04432,"7311 Toronto Ave, Toronto",DC Fast Charger,Tesla,22,0.13,15.17,9,3.9,70,1,0.5236,MEDIUM
EVS01886,"6785 Mumbai Ave, Mumbai",AC Level 1,EVgo,50,0.16,16.85,2,3.2,36,0,0.5236,MEDIUM
EVS02401,"8802 Random Rd, City 276, Country",AC Level 2,Tesla,150,0.37,18.54,1,4.8,15,0,0.5236,MEDIUM
EVS00327,"824 Los Angeles Ave, Los Angeles",AC Level 2,EVgo,150,0.31,16.48,4,4.9,36,0,0.5236,MEDIUM
EVS00447,"5475 Moscow Ave, Moscow",DC Fast Charger,ChargePoint,150,0.18,12.27,2,4.1,89,1,0.5235,MEDIUM
EVS00155,"866 Dubai Ave, Dubai",AC Level 2,Tesla,50,0.11,5.51,4,4.3,93,1,0.5235,MEDIUM
EVS02490,"1898 Cape Town Ave, Cape Town",AC Level 1,Tesla,350,0.2,12.56,3,4.8,60,1,0.5235,MEDIUM
EVS03310,"1618 Seoul Ave, Seoul",AC Level 1,EVgo,350,0.11,15.95,3,3.7,15,0,0.5235,MEDIUM
EVS04023,"9278 San Francisco Ave, San Francisco",DC Fast Charger,ChargePoint,150,0.2,19.15,3,3.6,89,1,0.5234,MEDIUM
EVS00847,"5787 Los Angeles Ave, Los Angeles",DC Fast Charger,ChargePoint,22,0.14,15.64,8,3.8,76,1,0.5234,MEDIUM
EVS01406,"4342 Bangkok Ave, Bangkok",AC Level 1,EVgo,22,0.31,18.7,1,4.0,36,0,0.5234,MEDIUM
EVS03461,"4691 Random Rd, City 146, Country",AC Level 2,Tesla,350,0.24,12.54,2,5.0,29,0,0.5234,MEDIUM
EVS04206,"9108 Los Angeles Ave, Los Angeles",AC Level 2,Ionity,150,0.12,5.99,1,4.2,77,1,0.5234,MEDIUM
EVS03739,"370 Mexico City Ave, Mexico City",AC Level 2,ChargePoint,22,0.18,9.1,5,4.5,44,0,0.5233,MEDIUM
EVS04920,"9934 Sydney Ave, Sydney",AC Level 1,EVgo,150,0.19,16.44,2,3.7,92,1,0.5233,MEDIUM
EVS01496,"9547 Mexico City Ave, Mexico City",DC Fast Charger,Tesla,150,0.21,13.55,3,4.3,56,0,0.5233,MEDIUM
EVS01719,"2494 Berlin Ave, Berlin",AC Level 1,EVgo,22,0.18,16.46,1,3.2,61,1,0.5232,MEDIUM
EVS04278,"2958 Mumbai Ave, Mumbai",AC Level 2,Tesla,50,0.11,1.63,3,4.6,41,0,0.5232,MEDIUM
EVS04373,"3145 Los Angeles Ave, Los Angeles",AC Level 2,Greenlots,150,0.23,16.36,1,3.9,88,1,0.5231,MEDIUM
EVS01785,"1481 Mumbai Ave, Mumbai",AC Level 1,Ionity,150,0.17,11.92,6,4.5,27,0,0.5231,MEDIUM
EVS03458,"3576 Mexico City Ave, Mexico City",AC Level 2,Tesla,50,0.12,8.98,6,4.2,13,0,0.5231,MEDIUM
EVS02514,"9727 Chicago Ave, Chicago",AC Level 1,EVgo,150,0.31,18.59,2,4.4,80,1,0.523,MEDIUM
EVS04323,"8892 Los Angeles Ave, Los Angeles",DC Fast Charger,Ionity,50,0.14,17.93,9,3.7,66,1,0.523,MEDIUM
EVS04443,"737 Chicago Ave, Chicago",AC Level 2,ChargePoint,50,0.13,5.93,5,4.5,90,1,0.523,MEDIUM
EVS00604,"906 Dubai Ave, Dubai",DC Fast Charger,Tesla,22,0.11,10.71,9,4.2,54,0,0.5229,MEDIUM
EVS02094,"9528 San Francisco Ave, San Francisco",AC Level 2,EVgo,150,0.19,12.8,3,4.2,42,0,0.5229,MEDIUM
EVS03971,"4830 Random Rd, City 36, Country",AC Level 2,Tesla,50,0.24,14.44,10,5.0,68,1,0.5229,MEDIUM
EVS02095,"8443 Chicago Ave, Chicago",DC Fast Charger,ChargePoint,350,0.13,19.89,4,3.5,65,1,0.5228,MEDIUM
EVS02848,"8810 Bangkok Ave, Bangkok",DC Fast Charger,Ionity,50,0.12,12.72,8,4.0,34,0,0.5228,MEDIUM
EVS00042,"2960 Chicago Ave, Chicago",DC Fast Charger,Tesla,50,0.39,19.63,3,4.8,14,0,0.5228,MEDIUM
EVS00938,"315 Mexico City Ave, Mexico City",AC Level 1,ChargePoint,150,0.2,15.4,4,4.1,44,0,0.5228,MEDIUM
EVS04910,"5684 Los Angeles Ave, Los Angeles",AC Level 2,Tesla,22,0.14,7.4,3,4.1,77,1,0.5226,MEDIUM
EVS00851,"2585 Random Rd, City 89, Country",AC Level 1,Greenlots,22,0.12,12.94,2,3.2,97,1,0.5226,MEDIUM
EVS04751,"1979 Random Rd, City 330, Country",AC Level 2,Ionity,22,0.19,18.8,8,3.8,86,1,0.5226,MEDIUM
EVS04912,"7837 Cape Town Ave, Cape Town",AC Level 1,Greenlots,22,0.28,15.25,1,4.1,98,1,0.5225,MEDIUM
EVS03863,"5539 São Paulo Ave, São Paulo",DC Fast Charger,Greenlots,350,0.11,6.57,3,4.7,47,0,0.5225,MEDIUM
EVS02917,"1645 Mumbai Ave, Mumbai",AC Level 2,Ionity,350,0.2,12.98,3,4.7,48,0,0.5225,MEDIUM
EVS03538,"995 Dubai Ave, Dubai",AC Level 1,Ionity,50,0.16,16.17,1,3.1,59,1,0.5225,MEDIUM
EVS01379,"8873 Moscow Ave, Moscow",AC Level 1,Ionity,150,0.14,16.94,2,3.2,48,0,0.5225,MEDIUM
EVS02680,"2403 Beijing Ave, Beijing",AC Level 1,ChargePoint,150,0.15,14.81,7,4.1,29,0,0.5225,MEDIUM
EVS04458,"7514 San Francisco Ave, San Francisco",DC Fast Charger,Greenlots,50,0.1,2.66,5,4.6,57,1,0.5225,MEDIUM
EVS03522,"8092 Chicago Ave, Chicago",AC Level 2,Greenlots,350,0.1,4.88,3,4.8,26,0,0.5223,MEDIUM
EVS00332,"2039 Moscow Ave, Moscow",DC Fast Charger,Ionity,22,0.21,16.38,1,3.4,55,0,0.5223,MEDIUM
EVS02984,"587 Sydney Ave, Sydney",DC Fast Charger,EVgo,22,0.36,16.36,1,4.6,73,1,0.5223,MEDIUM
EVS04057,"3681 Berlin Ave, Berlin",AC Level 1,EVgo,350,0.12,7.45,5,4.9,63,1,0.5222,MEDIUM
EVS01155,"6277 Mexico City Ave, Mexico City",AC Level 1,Tesla,22,0.15,14.13,9,4.1,70,1,0.5222,MEDIUM
EVS02325,"7759 San Francisco Ave, San Francisco",DC Fast Charger,ChargePoint,50,0.15,19.16,9,3.6,13,0,0.5222,MEDIUM
EVS04111,"7401 Random Rd, City 48, Country",AC Level 1,Ionity,50,0.23,14.15,9,4.8,97,1,0.5222,MEDIUM
EVS01361,"4883 Random Rd, City 169, Country",AC Level 2,Greenlots,350,0.14,10.48,4,4.6,93,1,0.5222,MEDIUM
EVS02505,"4748 San Francisco Ave, San Francisco",AC Level 1,Ionity,350,0.19,12.7,1,4.4,62,1,0.5221,MEDIUM
EVS00035,"9647 Chicago Ave, Chicago",AC Level 2,Ionity,50,0.22,9.7,2,4.4,16,0,0.5221,MEDIUM
EVS01964,"4289 Mumbai Ave, Mumbai",DC Fast Charger,Tesla,50,0.29,17.65,4,4.3,70,1,0.5221,MEDIUM
EVS02858,"3467 Beijing Ave, Beijing",DC Fast Charger,Greenlots,150,0.2,15.36,6,4.3,90,1,0.5221,MEDIUM
EVS03814,"7906 San Francisco Ave, San Francisco",AC Level 1,Tesla,150,0.14,11.38,2,3.8,74,1,0.522,MEDIUM
EVS04936,"4300 Chicago Ave, Chicago",AC Level 2,Tesla,50,0.19,13.31,5,4.1,71,1,0.522,MEDIUM
EVS00607,"6177 Mexico City Ave, Mexico City",AC Level 1,Greenlots,50,0.1,5.82,10,4.8,70,1,0.522,MEDIUM
EVS03189,"4315 Cape Town Ave, Cape Town",AC Level 2,Tesla,50,0.15,9.4,4,4.1,68,1,0.522,MEDIUM
EVS04392,"5476 Bangkok Ave, Bangkok",DC Fast Charger,ChargePoint,22,0.3,19.34,9,4.7,76,1,0.5219,MEDIUM
EVS02633,"1729 Mexico City Ave, Mexico City",AC Level 1,Tesla,22,0.23,11.09,5,4.6,68,1,0.5219,MEDIUM
EVS03367,"2142 Beijing Ave, Beijing",DC Fast Charger,Ionity,350,0.12,3.14,1,4.9,92,1,0.5219,MEDIUM
EVS02333,"7600 Dubai Ave, Dubai",AC Level 1,ChargePoint,22,0.15,6.71,8,4.8,97,1,0.5219,MEDIUM
EVS02022,"5973 Cape Town Ave, Cape Town",DC Fast Charger,ChargePoint,350,0.15,19.53,7,4.0,18,0,0.5219,MEDIUM
EVS01806,"4504 Mumbai Ave, Mumbai",AC Level 2,Tesla,50,0.24,19.95,2,3.4,22,0,0.5219,MEDIUM
EVS04139,"1358 San Francisco Ave, San Francisco",AC Level 2,Greenlots,50,0.24,12.17,4,4.5,92,1,0.5218,MEDIUM
EVS02964,"4952 Mumbai Ave, Mumbai",AC Level 1,Ionity,150,0.16,6.44,2,4.5,66,1,0.5218,MEDIUM
EVS02922,"6671 Dubai Ave, Dubai",AC Level 1,Greenlots,22,0.12,12.69,9,4.0,67,1,0.5218,MEDIUM
EVS03484,"7591 Toronto Ave, Toronto",DC Fast Charger,ChargePoint,350,0.11,4.15,1,4.7,11,0,0.5218,MEDIUM
EVS03982,"5321 Mexico City Ave, Mexico City",AC Level 2,Greenlots,22,0.33,18.58,8,4.9,19,0,0.5218,MEDIUM
EVS04473,"3922 Berlin Ave, Berlin",AC Level 2,ChargePoint,50,0.21,18.32,6,3.8,81,1,0.5217,MEDIUM
EVS02180,"7117 Beijing Ave, Beijing",AC Level 1,ChargePoint,150,0.18,17.02,10,4.4,81,1,0.5217,MEDIUM
EVS02737,"8618 Chicago Ave, Chicago",AC Level 1,ChargePoint,350,0.13,11.62,6,4.6,39,0,0.5217,MEDIUM
EVS02847,"5217 Bangkok Ave, Bangkok",DC Fast Charger,Greenlots,22,0.3,16.42,2,4.2,82,1,0.5217,MEDIUM
EVS02614,"945 Mexico City Ave, Mexico City",AC Level 2,Greenlots,22,0.19,18.66,10,4.0,69,1,0.5217,MEDIUM
EVS00583,"6905 Berlin Ave, Berlin",AC Level 1,Ionity,22,0.11,7.3,8,4.4,100,1,0.5216,MEDIUM
EVS04992,"1575 Chicago Ave, Chicago",AC Level 2,Tesla,22,0.29,16.69,9,4.9,83,1,0.5216,MEDIUM
EVS04709,"1676 Moscow Ave, Moscow",AC Level 1,EVgo,350,0.33,19.74,1,4.7,81,1,0.5216,MEDIUM
EVS01854,"7596 Seoul Ave, Seoul",AC Level 2,ChargePoint,50,0.31,19.88,5,4.3,90,1,0.5216,MEDIUM
EVS01247,"4874 Beijing Ave, Beijing",DC Fast Charger,Ionity,22,0.21,18.88,2,3.2,42,0,0.5216,MEDIUM
EVS00962,"7868 San Francisco Ave, San Francisco",AC Level 1,Ionity,22,0.15,14.87,4,3.4,89,1,0.5215,MEDIUM
EVS04988,"380 Cape Town Ave, Cape Town",AC Level 2,Ionity,150,0.18,8.63,2,4.4,19,0,0.5215,MEDIUM
EVS02013,"7862 Los Angeles Ave, Los Angeles",AC Level 2,ChargePoint,22,0.17,8.24,4,4.3,82,1,0.5215,MEDIUM
EVS01480,"161 Chicago Ave, Chicago",DC Fast Charger,ChargePoint,22,0.12,3.62,9,5.0,54,0,0.5215,MEDIUM
EVS03891,"4596 Random Rd, City 238, Country",DC Fast Charger,ChargePoint,22,0.25,10.06,2,4.5,58,1,0.5214,MEDIUM
EVS01636,"9791 Toronto Ave, Toronto",AC Level 2,EVgo,22,0.24,10.8,6,4.8,17,0,0.5214,MEDIUM
EVS04461,"1005 Random Rd, City 281, Country",AC Level 1,Tesla,22,0.12,15.3,10,3.8,43,0,0.5214,MEDIUM
EVS04963,"1606 San Francisco Ave, San Francisco",DC Fast Charger,Tesla,350,0.11,14.16,4,3.9,62,1,0.5213,MEDIUM
EVS04889,"4181 San Francisco Ave, San Francisco",AC Level 2,ChargePoint,50,0.14,19.49,7,3.2,43,0,0.5213,MEDIUM
EVS01114,"5612 Cape Town Ave, Cape Town",AC Level 2,Ionity,22,0.25,7.56,4,5.0,98,1,0.5212,MEDIUM
EVS03708,"2662 Chicago Ave, Chicago",AC Level 1,EVgo,22,0.12,5.89,1,3.8,63,1,0.5212,MEDIUM
EVS03033,"9226 Sydney Ave, Sydney",DC Fast Charger,EVgo,22,0.25,8.16,2,4.7,55,0,0.5212,MEDIUM
EVS02744,"8664 Los Angeles Ave, Los Angeles",AC Level 2,Greenlots,50,0.16,2.6,4,4.9,44,0,0.5212,MEDIUM
EVS04081,"4049 Random Rd, City 326, Country",AC Level 1,Ionity,350,0.11,10.99,1,3.9,43,0,0.5212,MEDIUM
EVS02033,"4427 Berlin Ave, Berlin",DC Fast Charger,Ionity,50,0.22,5.52,1,4.7,37,0,0.5211,MEDIUM
EVS01003,"7419 Dubai Ave, Dubai",AC Level 1,Greenlots,350,0.15,16.18,5,4.1,100,1,0.5211,MEDIUM
EVS01416,"9808 Toronto Ave, Toronto",DC Fast Charger,Greenlots,50,0.21,7.17,5,4.9,44,0,0.5211,MEDIUM
EVS04091,"540 Random Rd, City 432, Country",AC Level 2,Tesla,50,0.32,19.9,8,4.7,90,1,0.5211,MEDIUM
EVS02635,"5815 Moscow Ave, Moscow",AC Level 1,Ionity,50,0.28,9.93,2,4.8,23,0,0.5211,MEDIUM
EVS04031,"7434 Random Rd, City 156, Country",AC Level 1,Ionity,350,0.12,12.96,10,4.8,61,1,0.5211,MEDIUM
EVS04767,"4736 Mexico City Ave, Mexico City",AC Level 2,Ionity,150,0.1,14.15,1,3.0,74,1,0.521,MEDIUM
EVS03017,"5656 Seoul Ave, Seoul",AC Level 1,Tesla,50,0.27,13.65,2,4.3,63,1,0.521,MEDIUM
EVS01691,"8659 Random Rd, City 163, Country",AC Level 2,Ionity,22,0.31,13.53,4,4.8,37,0,0.521,MEDIUM
EVS02244,"4529 San Francisco Ave, San Francisco",AC Level 2,Greenlots,22,0.14,18.04,8,3.4,45,0,0.521,MEDIUM
EVS04252,"2769 Los Angeles Ave, Los Angeles",AC Level 1,Tesla,22,0.17,7.54,7,4.7,87,1,0.521,MEDIUM
EVS03431,"7615 Random Rd, City 275, Country",AC Level 1,EVgo,50,0.18,16.12,2,3.3,100,1,0.521,MEDIUM
EVS02102,"1609 Dubai Ave, Dubai",AC Level 2,Tesla,150,0.1,13.04,6,3.7,62,1,0.5209,MEDIUM
EVS00892,"7146 Moscow Ave, Moscow",DC Fast Charger,Tesla,50,0.28,13.68,4,4.6,89,1,0.5209,MEDIUM
EVS03010,"7775 Seoul Ave, Seoul",AC Level 1,Tesla,22,0.11,16.14,10,3.6,99,1,0.5209,MEDIUM
EVS01069,"7498 Mexico City Ave, Mexico City",DC Fast Charger,Greenlots,22,0.27,11.2,2,4.5,12,0,0.5209,MEDIUM
EVS03003,"6716 Cape Town Ave, Cape Town",AC Level 2,ChargePoint,50,0.17,15.2,1,3.2,64,1,0.5208,MEDIUM
EVS04346,"7520 San Francisco Ave, San Francisco",AC Level 1,Greenlots,22,0.14,10.1,3,3.7,66,1,0.5208,MEDIUM
EVS01441,"3239 Random Rd, City 489, Country",AC Level 2,Greenlots,50,0.14,17.06,4,3.1,41,0,0.5208,MEDIUM
EVS01221,"3957 Random Rd, City 14, Country",AC Level 2,Greenlots,50,0.15,15.51,7,3.7,50,0,0.5208,MEDIUM
EVS03724,"1945 Seoul Ave, Seoul",AC Level 1,Greenlots,50,0.15,16.4,7,3.6,72,1,0.5208,MEDIUM
EVS04235,"1398 Mexico City Ave, Mexico City",DC Fast Charger,ChargePoint,350,0.14,9.36,1,4.3,81,1,0.5208,MEDIUM
EVS04577,"8883 Los Angeles Ave, Los Angeles",AC Level 1,Tesla,50,0.12,9.33,10,4.5,84,1,0.5207,MEDIUM
EVS03950,"3589 Mumbai Ave, Mumbai",DC Fast Charger,ChargePoint,350,0.29,15.57,1,4.8,10,0,0.5207,MEDIUM
EVS04397,"4200 Moscow Ave, Moscow",AC Level 2,EVgo,150,0.13,11.49,6,4.1,28,0,0.5207,MEDIUM
EVS01336,"7451 Mexico City Ave, Mexico City",AC Level 2,Greenlots,22,0.27,15.26,6,4.5,15,0,0.5207,MEDIUM
EVS03425,"8476 Bangkok Ave, Bangkok",AC Level 2,Greenlots,350,0.13,16.91,3,3.6,38,0,0.5206,MEDIUM
EVS03662,"281 Dubai Ave, Dubai",DC Fast Charger,EVgo,150,0.18,17.41,4,3.6,41,0,0.5206,MEDIUM
EVS02611,"8842 Random Rd, City 424, Country",DC Fast Charger,ChargePoint,50,0.18,13.86,6,4.0,82,1,0.5206,MEDIUM
EVS00345,"7409 Dubai Ave, Dubai",AC Level 1,ChargePoint,22,0.23,14.3,7,4.4,41,0,0.5206,MEDIUM
EVS01864,"4293 Berlin Ave, Berlin",DC Fast Charger,Greenlots,350,0.16,17.52,5,4.0,82,1,0.5206,MEDIUM
EVS03351,"4562 Random Rd, City 99, Country",AC Level 2,ChargePoint,50,0.21,7.94,6,4.9,79,1,0.5206,MEDIUM
EVS02528,"4611 Beijing Ave, Beijing",AC Level 2,Ionity,50,0.28,16.91,9,4.8,74,1,0.5205,MEDIUM
EVS03110,"9142 San Francisco Ave, San Francisco",AC Level 1,EVgo,22,0.39,18.08,4,4.9,86,1,0.5205,MEDIUM
EVS04318,"3972 Sydney Ave, Sydney",AC Level 2,Greenlots,22,0.21,4.21,3,4.9,34,0,0.5205,MEDIUM
EVS03397,"3597 Dubai Ave, Dubai",AC Level 2,Ionity,22,0.19,16.89,2,3.2,14,0,0.5204,MEDIUM
EVS03177,"8903 San Francisco Ave, San Francisco",AC Level 2,Tesla,150,0.32,17.89,7,5.0,62,1,0.5204,MEDIUM
EVS00139,"852 Beijing Ave, Beijing",AC Level 1,Ionity,22,0.34,12.54,3,5.0,94,1,0.5204,MEDIUM
EVS00380,"9023 Beijing Ave, Beijing",AC Level 1,Greenlots,150,0.25,19.6,4,3.9,84,1,0.5204,MEDIUM
EVS01479,"7336 São Paulo Ave, São Paulo",AC Level 1,Greenlots,22,0.1,2.72,4,4.3,50,0,0.5204,MEDIUM
EVS00587,"9409 Berlin Ave, Berlin",DC Fast Charger,Greenlots,150,0.37,16.1,1,4.9,60,1,0.5204,MEDIUM
EVS03811,"9242 Random Rd, City 330, Country",AC Level 2,Ionity,50,0.29,14.88,3,4.4,55,0,0.5203,MEDIUM
EVS00056,"5574 Mumbai Ave, Mumbai",AC Level 2,ChargePoint,150,0.18,11.91,4,4.2,50,0,0.5203,MEDIUM
EVS00203,"9022 Cape Town Ave, Cape Town",AC Level 2,EVgo,150,0.15,16.61,2,3.2,51,0,0.5203,MEDIUM
EVS01959,"8107 Seoul Ave, Seoul",DC Fast Charger,Greenlots,50,0.17,18.2,5,3.3,71,1,0.5203,MEDIUM
EVS00553,"2191 São Paulo Ave, São Paulo",AC Level 1,Greenlots,22,0.15,11.42,9,4.3,18,0,0.5203,MEDIUM
EVS01429,"144 Beijing Ave, Beijing",AC Level 2,EVgo,22,0.12,17.16,8,3.3,49,0,0.5203,MEDIUM
EVS04317,"1162 Chicago Ave, Chicago",DC Fast Charger,ChargePoint,150,0.13,13.81,5,3.7,34,0,0.5203,MEDIUM
EVS03046,"9405 Toronto Ave, Toronto",AC Level 1,EVgo,150,0.16,10.73,6,4.4,40,0,0.5202,MEDIUM
EVS02152,"5705 Mumbai Ave, Mumbai",DC Fast Charger,Ionity,50,0.15,17.03,7,3.5,83,1,0.5202,MEDIUM
EVS01398,"4481 Toronto Ave, Toronto",AC Level 2,EVgo,50,0.17,13.7,5,3.8,77,1,0.5202,MEDIUM
EVS01958,"6032 Mumbai Ave, Mumbai",AC Level 2,Ionity,150,0.13,7.23,9,4.9,51,0,0.5202,MEDIUM
EVS00390,"1698 Beijing Ave, Beijing",AC Level 2,EVgo,150,0.34,17.6,2,4.6,35,0,0.5202,MEDIUM
EVS04526,"565 Chicago Ave, Chicago",DC Fast Charger,Greenlots,350,0.14,15.33,1,3.6,76,1,0.5202,MEDIUM
EVS02537,"3992 Mumbai Ave, Mumbai",DC Fast Charger,Greenlots,22,0.2,15.69,2,3.4,17,0,0.5202,MEDIUM
EVS02074,"8094 Moscow Ave, Moscow",AC Level 1,EVgo,50,0.18,4.71,6,5.0,49,0,0.5201,MEDIUM
EVS03611,"9147 Random Rd, City 227, Country",AC Level 1,EVgo,50,0.26,16.07,2,3.9,25,0,0.5201,MEDIUM
EVS00773,"2976 Mexico City Ave, Mexico City",AC Level 2,Ionity,50,0.42,19.43,2,4.8,95,1,0.5201,MEDIUM
EVS03371,"33 Random Rd, City 9, Country",AC Level 1,Tesla,50,0.21,19.32,6,3.6,65,1,0.5201,MEDIUM
EVS01248,"3250 Mexico City Ave, Mexico City",AC Level 1,Tesla,22,0.11,2.26,3,4.3,26,0,0.5201,MEDIUM
EVS04873,"1352 Toronto Ave, Toronto",DC Fast Charger,EVgo,350,0.24,14.81,4,4.8,28,0,0.5201,MEDIUM
EVS01130,"7715 Moscow Ave, Moscow",DC Fast Charger,ChargePoint,350,0.14,15.54,9,4.5,75,1,0.5201,MEDIUM
EVS04544,"561 Chicago Ave, Chicago",AC Level 1,Greenlots,50,0.11,11.54,8,3.9,97,1,0.52,MEDIUM
EVS03758,"6856 São Paulo Ave, São Paulo",DC Fast Charger,EVgo,50,0.11,1.14,4,4.6,93,1,0.52,MEDIUM
EVS01579,"7590 Cape Town Ave, Cape Town",DC Fast Charger,ChargePoint,50,0.28,18.57,10,4.7,60,1,0.5199,MEDIUM
EVS02139,"7682 Beijing Ave, Beijing",DC Fast Charger,Ionity,150,0.21,6.57,3,4.9,30,0,0.5199,MEDIUM
EVS01695,"3894 Chicago Ave, Chicago",AC Level 1,Ionity,50,0.12,5.84,1,3.8,99,1,0.5199,MEDIUM
EVS00385,"2046 Toronto Ave, Toronto",AC Level 1,EVgo,150,0.19,17.77,4,3.6,55,0,0.5199,MEDIUM
EVS02270,"2705 Bangkok Ave, Bangkok",AC Level 2,Greenlots,22,0.17,19.07,4,3.0,21,0,0.5199,MEDIUM
EVS03063,"5516 Beijing Ave, Beijing",DC Fast Charger,Tesla,50,0.19,12.27,5,4.1,57,1,0.5198,MEDIUM
EVS02405,"8708 São Paulo Ave, São Paulo",DC Fast Charger,Tesla,50,0.19,1.12,2,5.0,84,1,0.5198,MEDIUM
EVS00792,"4213 Moscow Ave, Moscow",AC Level 1,Tesla,22,0.2,12.65,7,4.3,55,0,0.5197,MEDIUM
EVS03914,"941 Mumbai Ave, Mumbai",AC Level 1,Greenlots,22,0.28,15.38,5,4.4,54,0,0.5197,MEDIUM
EVS01340,"1029 Seoul Ave, Seoul",AC Level 2,EVgo,350,0.1,8.83,2,4.1,100,1,0.5197,MEDIUM
EVS02382,"2495 Mumbai Ave, Mumbai",AC Level 2,Tesla,150,0.37,16.97,3,5.0,96,1,0.5197,MEDIUM
EVS04558,"2103 Cape Town Ave, Cape Town",AC Level 1,ChargePoint,150,0.21,18.94,3,3.5,97,1,0.5197,MEDIUM
EVS03151,"9271 Random Rd, City 11, Country",AC Level 1,Tesla,150,0.18,7.86,3,4.5,55,0,0.5196,MEDIUM
EVS03557,"8274 Mexico City Ave, Mexico City",DC Fast Charger,ChargePoint,22,0.21,15.52,10,4.4,51,0,0.5196,MEDIUM
EVS01644,"5564 Los Angeles Ave, Los Angeles",DC Fast Charger,ChargePoint,350,0.17,15.53,8,4.6,35,0,0.5196,MEDIUM
EVS04821,"6612 Random Rd, City 387, Country",DC Fast Charger,Greenlots,350,0.16,13.05,2,4.1,53,0,0.5196,MEDIUM
EVS00049,"689 Chicago Ave, Chicago",AC Level 1,ChargePoint,150,0.18,19.26,8,3.8,40,0,0.5196,MEDIUM
EVS03806,"2927 Toronto Ave, Toronto",AC Level 2,Greenlots,50,0.15,8.97,9,4.6,54,0,0.5195,MEDIUM
EVS00410,"8905 Sydney Ave, Sydney",AC Level 1,ChargePoint,150,0.29,16.4,2,4.3,50,0,0.5195,MEDIUM
EVS03509,"8445 Moscow Ave, Moscow",AC Level 2,Ionity,22,0.22,15.16,9,4.4,47,0,0.5195,MEDIUM
EVS00674,"5034 Berlin Ave, Berlin",AC Level 1,Tesla,50,0.34,13.45,2,4.8,45,0,0.5195,MEDIUM
EVS04256,"2821 Toronto Ave, Toronto",AC Level 2,EVgo,50,0.15,19.08,5,3.0,57,1,0.5195,MEDIUM
EVS02645,"182 Bangkok Ave, Bangkok",AC Level 1,ChargePoint,150,0.13,13.31,4,3.6,85,1,0.5195,MEDIUM
EVS03494,"1156 Sydney Ave, Sydney",AC Level 2,ChargePoint,22,0.33,11.11,1,4.8,14,0,0.5195,MEDIUM
EVS02289,"9280 Dubai Ave, Dubai",AC Level 2,Tesla,22,0.16,10.72,8,4.3,88,1,0.5195,MEDIUM
EVS01495,"816 Seoul Ave, Seoul",AC Level 2,Ionity,150,0.23,12.82,7,4.8,19,0,0.5195,MEDIUM
EVS02504,"3868 Seoul Ave, Seoul",DC Fast Charger,ChargePoint,50,0.11,15.6,7,3.3,100,1,0.5195,MEDIUM
EVS02785,"2754 Seoul Ave, Seoul",DC Fast Charger,ChargePoint,150,0.16,14.49,10,4.4,61,1,0.5194,MEDIUM
EVS03057,"3452 Cape Town Ave, Cape Town",DC Fast Charger,Greenlots,50,0.14,17.86,8,3.4,38,0,0.5194,MEDIUM
EVS03283,"8087 Moscow Ave, Moscow",AC Level 2,Greenlots,22,0.17,8.57,7,4.5,89,1,0.5194,MEDIUM
EVS03266,"7389 Mumbai Ave, Mumbai",AC Level 1,Ionity,150,0.2,19.85,9,4.0,31,0,0.5194,MEDIUM
EVS04967,"3323 Mumbai Ave, Mumbai",AC Level 2,ChargePoint,150,0.11,4.52,3,4.3,71,1,0.5193,MEDIUM
EVS01185,"7197 Sydney Ave, Sydney",AC Level 2,Tesla,50,0.26,13.89,2,4.1,57,1,0.5193,MEDIUM
EVS00354,"3427 Bangkok Ave, Bangkok",AC Level 1,EVgo,350,0.19,14.13,8,4.9,68,1,0.5193,MEDIUM
EVS01536,"1167 São Paulo Ave, São Paulo",AC Level 1,Greenlots,50,0.26,17.7,10,4.6,52,0,0.5192,MEDIUM
EVS02578,"4806 Berlin Ave, Berlin",AC Level 1,Greenlots,350,0.21,12.86,2,4.5,67,1,0.5192,MEDIUM
EVS02044,"9985 Sydney Ave, Sydney",DC Fast Charger,EVgo,22,0.12,9.83,4,3.6,47,0,0.5192,MEDIUM
EVS00987,"1186 Chicago Ave, Chicago",DC Fast Charger,Greenlots,22,0.24,12.72,2,4.0,98,1,0.5192,MEDIUM
EVS02399,"7083 San Francisco Ave, San Francisco",DC Fast Charger,Greenlots,50,0.13,10.64,7,4.0,75,1,0.5192,MEDIUM
EVS01086,"5178 São Paulo Ave, São Paulo",AC Level 2,Ionity,22,0.25,8.96,2,4.5,19,0,0.5192,MEDIUM
EVS00614,"9458 Cape Town Ave, Cape Town",DC Fast Charger,EVgo,350,0.22,18.15,3,4.1,40,0,0.5192,MEDIUM
EVS00266,"7437 Dubai Ave, Dubai",AC Level 1,EVgo,150,0.19,19.31,5,3.5,83,1,0.5191,MEDIUM
EVS02923,"2364 San Francisco Ave, San Francisco",AC Level 1,ChargePoint,22,0.3,19.61,2,3.7,87,1,0.5191,MEDIUM
EVS03808,"2978 Moscow Ave, Moscow",AC Level 1,Ionity,50,0.15,3.36,3,4.5,60,1,0.519,MEDIUM
EVS00593,"739 Moscow Ave, Moscow",AC Level 1,Greenlots,22,0.2,16.28,10,4.2,57,1,0.519,MEDIUM
EVS02363,"1828 Dubai Ave, Dubai",AC Level 2,Ionity,22,0.19,4.57,2,4.5,17,0,0.5189,MEDIUM
EVS00431,"3609 Random Rd, City 318, Country",AC Level 2,Greenlots,150,0.18,13.88,10,4.6,61,1,0.5189,MEDIUM
EVS03616,"870 Beijing Ave, Beijing",AC Level 1,Ionity,50,0.22,10.67,7,4.7,16,0,0.5189,MEDIUM
EVS01544,"4517 Dubai Ave, Dubai",DC Fast Charger,Greenlots,150,0.28,16.11,1,4.1,11,0,0.5189,MEDIUM
EVS02028,"4200 San Francisco Ave, San Francisco",DC Fast Charger,EVgo,50,0.15,14.87,9,3.9,27,0,0.5188,MEDIUM
EVS02620,"9792 Mumbai Ave, Mumbai",AC Level 1,EVgo,350,0.26,18.02,2,4.3,67,1,0.5188,MEDIUM
EVS04656,"9157 San Francisco Ave, San Francisco",DC Fast Charger,Ionity,350,0.11,14.71,10,4.4,78,1,0.5188,MEDIUM
EVS02138,"1111 Cape Town Ave, Cape Town",AC Level 2,Greenlots,150,0.3,11.23,1,4.8,81,1,0.5187,MEDIUM
EVS03288,"5761 Los Angeles Ave, Los Angeles",AC Level 2,Greenlots,50,0.19,4.59,5,4.9,53,0,0.5187,MEDIUM
EVS00548,"2001 Seoul Ave, Seoul",AC Level 2,Greenlots,150,0.11,4.8,1,4.0,33,0,0.5187,MEDIUM
EVS02878,"4606 Bangkok Ave, Bangkok",AC Level 2,Ionity,50,0.22,8.32,4,4.6,81,1,0.5186,MEDIUM
EVS04451,"3197 Random Rd, City 487, Country",AC Level 1,Ionity,50,0.11,9.97,2,3.3,11,0,0.5185,MEDIUM
EVS04610,"577 Dubai Ave, Dubai",DC Fast Charger,Greenlots,50,0.14,7.5,1,3.7,39,0,0.5185,MEDIUM
EVS03265,"6702 Sydney Ave, Sydney",AC Level 2,ChargePoint,22,0.1,12.23,8,3.6,86,1,0.5185,MEDIUM
EVS04653,"2486 Mumbai Ave, Mumbai",DC Fast Charger,Ionity,150,0.13,3.02,4,4.7,72,1,0.5185,MEDIUM
EVS01304,"8194 Beijing Ave, Beijing",AC Level 1,ChargePoint,22,0.17,13.62,8,4.0,39,0,0.5185,MEDIUM
EVS02467,"9038 Beijing Ave, Beijing",AC Level 2,ChargePoint,50,0.1,7.27,7,4.1,71,1,0.5185,MEDIUM
EVS02221,"2358 Random Rd, City 172, Country",DC Fast Charger,ChargePoint,22,0.14,18.9,10,3.4,97,1,0.5185,MEDIUM
EVS01282,"1760 Berlin Ave, Berlin",AC Level 1,EVgo,50,0.11,7.96,7,4.1,27,0,0.5184,MEDIUM
EVS02598,"5046 São Paulo Ave, São Paulo",DC Fast Charger,EVgo,150,0.16,10.29,9,4.7,91,1,0.5184,MEDIUM
EVS04445,"3215 Mexico City Ave, Mexico City",AC Level 2,EVgo,50,0.21,17.13,3,3.4,35,0,0.5183,MEDIUM
EVS04649,"9658 Toronto Ave, Toronto",DC Fast Charger,Tesla,150,0.16,17.69,5,3.4,100,1,0.5183,MEDIUM
EVS01713,"5938 São Paulo Ave, São Paulo",AC Level 2,EVgo,350,0.11,0.69,1,4.9,88,1,0.5183,MEDIUM
EVS04883,"9068 Mumbai Ave, Mumbai",AC Level 2,Greenlots,350,0.31,19.98,5,4.8,84,1,0.5183,MEDIUM
EVS02187,"2885 Beijing Ave, Beijing",AC Level 1,ChargePoint,22,0.15,9.58,3,3.7,44,0,0.5183,MEDIUM
EVS04365,"3105 San Francisco Ave, San Francisco",AC Level 1,Greenlots,350,0.14,7.09,6,5.0,57,1,0.5182,MEDIUM
EVS03831,"4687 Random Rd, City 50, Country",DC Fast Charger,ChargePoint,50,0.16,11.69,9,4.3,80,1,0.5182,MEDIUM
EVS00235,"2695 Beijing Ave, Beijing",DC Fast Charger,ChargePoint,22,0.12,5.59,3,3.9,72,1,0.5181,MEDIUM
EVS01291,"8868 Random Rd, City 370, Country",AC Level 2,Greenlots,50,0.11,9.74,8,4.0,80,1,0.5181,MEDIUM
EVS03361,"641 Random Rd, City 335, Country",AC Level 1,EVgo,350,0.18,15.8,10,4.8,55,0,0.5181,MEDIUM
EVS02815,"6952 São Paulo Ave, São Paulo",AC Level 2,Greenlots,350,0.11,9.93,4,4.2,27,0,0.5181,MEDIUM
EVS04676,"8043 Bangkok Ave, Bangkok",AC Level 2,Ionity,22,0.26,15.53,3,3.9,12,0,0.518,MEDIUM
EVS04571,"3169 Random Rd, City 182, Country",DC Fast Charger,Ionity,22,0.14,5.62,6,4.4,60,1,0.518,MEDIUM
EVS02117,"7326 São Paulo Ave, São Paulo",AC Level 1,Tesla,150,0.22,17.64,7,4.1,73,1,0.518,MEDIUM
EVS01725,"2626 Bangkok Ave, Bangkok",AC Level 2,ChargePoint,150,0.39,18.44,3,4.9,71,1,0.5179,MEDIUM
EVS02295,"2982 Sydney Ave, Sydney",AC Level 1,ChargePoint,350,0.22,14.28,5,4.7,78,1,0.5179,MEDIUM
EVS03304,"412 Sydney Ave, Sydney",AC Level 2,Greenlots,150,0.15,6.83,4,4.4,77,1,0.5179,MEDIUM
EVS02693,"3982 Dubai Ave, Dubai",AC Level 2,Tesla,50,0.36,19.72,4,4.4,64,1,0.5179,MEDIUM
EVS03298,"1034 Mumbai Ave, Mumbai",AC Level 2,Greenlots,50,0.2,14.54,10,4.4,44,0,0.5179,MEDIUM
EVS04642,"8225 Sydney Ave, Sydney",DC Fast Charger,Ionity,22,0.26,12.9,4,4.3,51,0,0.5178,MEDIUM
EVS00383,"2944 Toronto Ave, Toronto",AC Level 2,EVgo,350,0.32,18.25,2,4.7,79,1,0.5178,MEDIUM
EVS00543,"9465 Dubai Ave, Dubai",DC Fast Charger,EVgo,150,0.18,16.63,8,4.0,26,0,0.5178,MEDIUM
EVS03871,"5180 Random Rd, City 95, Country",DC Fast Charger,ChargePoint,150,0.23,10.54,3,4.5,68,1,0.5178,MEDIUM
EVS04411,"8455 Random Rd, City 424, Country",AC Level 1,Ionity,50,0.22,3.01,1,4.8,66,1,0.5178,MEDIUM
EVS00772,"7483 Los Angeles Ave, Los Angeles",AC Level 1,Greenlots,22,0.31,16.56,5,4.4,43,0,0.5177,MEDIUM
EVS03983,"7677 Chicago Ave, Chicago",AC Level 1,Ionity,22,0.32,12.8,5,4.9,22,0,0.5177,MEDIUM
EVS03807,"9012 Los Angeles Ave, Los Angeles",AC Level 2,EVgo,50,0.1,1.85,3,4.2,35,0,0.5177,MEDIUM
EVS03619,"9505 San Francisco Ave, San Francisco",AC Level 2,ChargePoint,50,0.22,14.51,7,4.2,85,1,0.5176,MEDIUM
EVS00640,"8799 Chicago Ave, Chicago",AC Level 1,EVgo,150,0.12,19.38,8,3.2,76,1,0.5176,MEDIUM
EVS01064,"946 Mumbai Ave, Mumbai",AC Level 1,Ionity,150,0.24,13.81,3,4.2,11,0,0.5175,MEDIUM
EVS00633,"5738 Toronto Ave, Toronto",AC Level 1,Greenlots,150,0.24,17.49,4,3.9,38,0,0.5175,MEDIUM
EVS03854,"2082 Bangkok Ave, Bangkok",AC Level 2,Ionity,50,0.38,16.34,3,4.8,31,0,0.5175,MEDIUM
EVS00328,"2168 São Paulo Ave, São Paulo",AC Level 2,Tesla,22,0.11,9.9,3,3.3,59,1,0.5174,MEDIUM
EVS03004,"9563 Chicago Ave, Chicago",AC Level 2,EVgo,50,0.27,12.94,3,4.3,35,0,0.5174,MEDIUM
EVS00555,"3069 Cape Town Ave, Cape Town",AC Level 2,ChargePoint,22,0.11,13.14,7,3.4,85,1,0.5174,MEDIUM
EVS04626,"9034 Los Angeles Ave, Los Angeles",AC Level 1,Greenlots,150,0.28,13.91,3,4.5,43,0,0.5174,MEDIUM
EVS04854,"4407 San Francisco Ave, San Francisco",AC Level 2,Ionity,150,0.27,14.97,3,4.3,26,0,0.5174,MEDIUM
EVS01408,"4725 Sydney Ave, Sydney",AC Level 2,EVgo,150,0.16,17.98,4,3.2,67,1,0.5174,MEDIUM
EVS00022,"9338 Moscow Ave, Moscow",AC Level 2,Tesla,350,0.1,5.45,5,4.7,47,0,0.5173,MEDIUM
EVS04148,"3425 San Francisco Ave, San Francisco",DC Fast Charger,Ionity,150,0.3,13.96,6,5.0,88,1,0.5173,MEDIUM
EVS00181,"7167 Random Rd, City 496, Country",AC Level 2,Ionity,22,0.14,5.29,6,4.4,79,1,0.5173,MEDIUM
EVS04328,"8640 Los Angeles Ave, Los Angeles",AC Level 2,ChargePoint,150,0.16,18.69,9,3.7,71,1,0.5173,MEDIUM
EVS03535,"726 San Francisco Ave, San Francisco",AC Level 2,Tesla,150,0.21,14.09,2,3.8,89,1,0.5173,MEDIUM
EVS01817,"5703 Beijing Ave, Beijing",AC Level 2,Tesla,350,0.19,17.78,9,4.5,60,1,0.5173,MEDIUM
EVS03568,"8929 Los Angeles Ave, Los Angeles",AC Level 2,Ionity,22,0.25,19.04,10,4.2,11,0,0.5173,MEDIUM
EVS01123,"6393 Sydney Ave, Sydney",DC Fast Charger,Tesla,50,0.38,17.89,2,4.5,35,0,0.5173,MEDIUM
EVS03103,"3261 São Paulo Ave, São Paulo",AC Level 2,Greenlots,350,0.32,18.27,4,4.9,89,1,0.5173,MEDIUM
EVS02517,"2961 Moscow Ave, Moscow",DC Fast Charger,EVgo,50,0.4,15.74,2,4.9,13,0,0.5173,MEDIUM
EVS04737,"4698 Mumbai Ave, Mumbai",AC Level 1,EVgo,22,0.16,1.49,1,4.4,87,1,0.5173,MEDIUM
EVS01166,"2241 São Paulo Ave, São Paulo",AC Level 2,Greenlots,50,0.28,12.38,1,4.2,50,0,0.5172,MEDIUM
EVS03272,"8756 Mumbai Ave, Mumbai",DC Fast Charger,ChargePoint,50,0.15,6.5,6,4.4,87,1,0.5172,MEDIUM
EVS01653,"9460 Seoul Ave, Seoul",AC Level 2,Greenlots,22,0.17,4.67,6,4.7,89,1,0.5172,MEDIUM
EVS03918,"1539 Mexico City Ave, Mexico City",AC Level 1,Tesla,22,0.43,19.93,2,4.6,97,1,0.5172,MEDIUM
EVS02043,"6608 Seoul Ave, Seoul",AC Level 2,Greenlots,50,0.15,1.72,4,4.7,95,1,0.5171,MEDIUM
EVS03238,"3630 Toronto Ave, Toronto",DC Fast Charger,Ionity,50,0.16,9.56,4,3.9,18,0,0.5171,MEDIUM
EVS02914,"3942 Mexico City Ave, Mexico City",AC Level 1,Tesla,22,0.24,19.74,2,3.1,52,0,0.5171,MEDIUM
EVS02557,"5668 São Paulo Ave, São Paulo",DC Fast Charger,EVgo,150,0.13,4.54,7,4.8,92,1,0.5171,MEDIUM
EVS03767,"1925 Beijing Ave, Beijing",AC Level 1,Ionity,50,0.18,17.62,7,3.5,20,0,0.517,MEDIUM
EVS02249,"9373 Seoul Ave, Seoul",AC Level 1,Greenlots,22,0.15,17.58,7,3.2,27,0,0.517,MEDIUM
EVS03575,"6545 Dubai Ave, Dubai",AC Level 1,Greenlots,350,0.14,16.16,5,3.8,53,0,0.517,MEDIUM
EVS00508,"4596 São Paulo Ave, São Paulo",DC Fast Charger,Tesla,150,0.21,11.84,6,4.5,67,1,0.517,MEDIUM
EVS03490,"4639 Berlin Ave, Berlin",DC Fast Charger,Ionity,150,0.16,16.9,4,3.3,39,0,0.517,MEDIUM
EVS03851,"8842 Random Rd, City 465, Country",AC Level 2,Greenlots,150,0.22,18.48,10,4.3,75,1,0.517,MEDIUM
EVS03942,"3177 Dubai Ave, Dubai",AC Level 2,ChargePoint,22,0.11,6.98,3,3.6,74,1,0.5169,MEDIUM
EVS04542,"1302 Moscow Ave, Moscow",AC Level 1,Ionity,350,0.13,7.09,3,4.5,42,0,0.5169,MEDIUM
EVS01778,"9034 Cape Town Ave, Cape Town",DC Fast Charger,Tesla,50,0.2,15.59,2,3.3,93,1,0.5169,MEDIUM
EVS01868,"7465 Dubai Ave, Dubai",AC Level 1,Greenlots,50,0.16,8.57,4,4.0,35,0,0.5169,MEDIUM
EVS03668,"124 Seoul Ave, Seoul",AC Level 1,Ionity,50,0.29,12.73,6,4.8,69,1,0.5168,MEDIUM
EVS02630,"372 Mexico City Ave, Mexico City",AC Level 1,EVgo,50,0.18,9.79,9,4.6,51,0,0.5168,MEDIUM
EVS00485,"7602 Beijing Ave, Beijing",AC Level 1,Greenlots,50,0.12,2.25,5,4.5,32,0,0.5168,MEDIUM
EVS04586,"9978 Sydney Ave, Sydney",AC Level 1,Greenlots,150,0.3,12.97,1,4.5,61,1,0.5168,MEDIUM
EVS02882,"8376 San Francisco Ave, San Francisco",AC Level 2,Ionity,350,0.15,15.88,5,3.9,94,1,0.5168,MEDIUM
EVS04916,"664 Bangkok Ave, Bangkok",DC Fast Charger,EVgo,50,0.2,10.18,2,3.9,40,0,0.5168,MEDIUM
EVS04304,"3595 Beijing Ave, Beijing",AC Level 2,Ionity,50,0.33,18.54,2,4.0,75,1,0.5168,MEDIUM
EVS02350,"1085 Los Angeles Ave, Los Angeles",AC Level 1,EVgo,150,0.24,12.08,6,4.7,80,1,0.5167,MEDIUM
EVS03262,"835 Seoul Ave, Seoul",AC Level 1,Tesla,350,0.2,10.35,4,4.8,72,1,0.5167,MEDIUM
EVS02458,"5502 Seoul Ave, Seoul",AC Level 1,ChargePoint,22,0.13,14.53,9,3.6,42,0,0.5167,MEDIUM
EVS02814,"2959 Berlin Ave, Berlin",AC Level 1,EVgo,150,0.2,18.28,7,3.8,94,1,0.5167,MEDIUM
EVS01423,"6200 Mexico City Ave, Mexico City",AC Level 2,EVgo,50,0.4,18.58,5,4.9,25,0,0.5167,MEDIUM
EVS01552,"8097 Dubai Ave, Dubai",DC Fast Charger,Greenlots,22,0.26,13.67,7,4.5,83,1,0.5167,MEDIUM
EVS01190,"4317 Berlin Ave, Berlin",AC Level 2,Ionity,50,0.24,17.44,2,3.4,65,1,0.5167,MEDIUM
EVS02092,"2401 Toronto Ave, Toronto",AC Level 1,ChargePoint,150,0.14,6.98,2,4.0,18,0,0.5166,MEDIUM
EVS03067,"6988 Moscow Ave, Moscow",AC Level 1,Greenlots,22,0.15,0.74,3,4.6,90,1,0.5166,MEDIUM
EVS02676,"733 Los Angeles Ave, Los Angeles",DC Fast Charger,Greenlots,350,0.11,19.32,6,3.3,58,1,0.5166,MEDIUM
EVS01594,"2734 São Paulo Ave, São Paulo",AC Level 1,EVgo,150,0.21,17.15,1,3.3,31,0,0.5166,MEDIUM
EVS02786,"2142 Seoul Ave, Seoul",AC Level 2,ChargePoint,50,0.27,14.59,5,4.3,50,0,0.5165,MEDIUM
EVS01801,"9018 Random Rd, City 24, Country",DC Fast Charger,ChargePoint,350,0.13,5.72,1,4.4,20,0,0.5165,MEDIUM
EVS04222,"7114 Mexico City Ave, Mexico City",DC Fast Charger,Ionity,50,0.19,3.39,4,4.8,33,0,0.5165,MEDIUM
EVS01337,"4757 Toronto Ave, Toronto",AC Level 2,ChargePoint,50,0.26,12.98,5,4.4,88,1,0.5165,MEDIUM
EVS04423,"8999 Mumbai Ave, Mumbai",DC Fast Charger,Greenlots,350,0.29,19.18,3,4.4,54,0,0.5165,MEDIUM
EVS04562,"6216 Mexico City Ave, Mexico City",AC Level 2,ChargePoint,150,0.33,18.53,1,4.1,17,0,0.5165,MEDIUM
EVS03923,"9979 Toronto Ave, Toronto",AC Level 2,EVgo,150,0.12,15.87,6,3.3,42,0,0.5164,MEDIUM
EVS00611,"9809 Random Rd, City 237, Country",AC Level 2,Ionity,350,0.12,13.09,8,4.3,14,0,0.5164,MEDIUM
EVS00322,"9728 Beijing Ave, Beijing",AC Level 2,EVgo,150,0.15,4.74,1,4.2,94,1,0.5163,MEDIUM
EVS00456,"8431 Dubai Ave, Dubai",AC Level 2,ChargePoint,150,0.21,15.37,8,4.3,13,0,0.5163,MEDIUM
EVS02299,"4401 San Francisco Ave, San Francisco",AC Level 2,Ionity,150,0.22,5.39,2,4.8,32,0,0.5163,MEDIUM
EVS03190,"1186 São Paulo Ave, São Paulo",AC Level 1,Greenlots,50,0.24,10.99,8,4.8,88,1,0.5163,MEDIUM
EVS00295,"9320 Chicago Ave, Chicago",AC Level 2,EVgo,22,0.14,18.45,8,3.1,59,1,0.5163,MEDIUM
EVS03339,"2423 Mexico City Ave, Mexico City",DC Fast Charger,Tesla,350,0.13,10.04,7,4.6,66,1,0.5163,MEDIUM
EVS00594,"8836 Los Angeles Ave, Los Angeles",AC Level 1,Ionity,50,0.26,18.78,9,4.2,65,1,0.5162,MEDIUM
EVS04470,"3441 Bangkok Ave, Bangkok",AC Level 1,Tesla,50,0.15,16.45,4,3.0,26,0,0.5162,MEDIUM
EVS00855,"6327 Moscow Ave, Moscow",AC Level 2,Greenlots,150,0.13,2.05,5,4.8,59,1,0.5162,MEDIUM
EVS03965,"4963 São Paulo Ave, São Paulo",DC Fast Charger,Greenlots,22,0.2,12.13,9,4.4,44,0,0.5162,MEDIUM
EVS02902,"5220 Mumbai Ave, Mumbai",AC Level 1,Ionity,150,0.24,15.52,7,4.4,98,1,0.5162,MEDIUM
EVS00376,"8208 Mumbai Ave, Mumbai",AC Level 2,Tesla,350,0.21,11.69,4,4.7,50,0,0.5162,MEDIUM
EVS04707,"5260 Mexico City Ave, Mexico City",AC Level 1,Greenlots,150,0.4,19.34,4,4.9,93,1,0.5162,MEDIUM
EVS00061,"5140 Random Rd, City 50, Country",DC Fast Charger,Ionity,22,0.33,14.4,4,4.6,75,1,0.5162,MEDIUM
EVS00552,"6529 San Francisco Ave, San Francisco",AC Level 2,ChargePoint,50,0.27,12.45,4,4.4,97,1,0.5161,MEDIUM
EVS00991,"2118 Random Rd, City 223, Country",AC Level 2,EVgo,150,0.24,5.97,3,5.0,85,1,0.5161,MEDIUM
EVS03334,"7412 Sydney Ave, Sydney",AC Level 2,Tesla,150,0.26,13.47,8,4.9,10,0,0.5161,MEDIUM
EVS02426,"6149 Los Angeles Ave, Los Angeles",AC Level 2,Greenlots,50,0.23,14.03,10,4.6,51,0,0.5161,MEDIUM
EVS01334,"5447 Bangkok Ave, Bangkok",AC Level 2,EVgo,150,0.12,13.14,7,3.7,38,0,0.516,MEDIUM
EVS04795,"2984 Cape Town Ave, Cape Town",AC Level 2,Tesla,50,0.22,15.68,8,4.1,76,1,0.516,MEDIUM
EVS02845,"2158 Bangkok Ave, Bangkok",DC Fast Charger,Tesla,22,0.32,16.29,4,4.3,28,0,0.516,MEDIUM
EVS04345,"6780 Mexico City Ave, Mexico City",AC Level 2,Ionity,150,0.2,19.42,5,3.4,54,0,0.516,MEDIUM
EVS03751,"1333 Random Rd, City 390, Country",AC Level 2,Tesla,150,0.18,5.21,3,4.6,92,1,0.516,MEDIUM
EVS02087,"1123 Beijing Ave, Beijing",AC Level 1,Tesla,22,0.16,14.39,2,3.0,82,1,0.516,MEDIUM
EVS03676,"3725 Dubai Ave, Dubai",AC Level 1,EVgo,50,0.21,6.78,1,4.2,59,1,0.5159,MEDIUM
EVS04481,"8527 Random Rd, City 135, Country",AC Level 1,Tesla,150,0.36,17.13,3,4.7,31,0,0.5159,MEDIUM
EVS04516,"2954 Beijing Ave, Beijing",AC Level 1,Tesla,22,0.37,17.28,5,4.7,81,1,0.5159,MEDIUM
EVS02478,"4624 Moscow Ave, Moscow",DC Fast Charger,Tesla,150,0.3,14.47,2,4.4,84,1,0.5159,MEDIUM
EVS03172,"7672 Mexico City Ave, Mexico City",DC Fast Charger,EVgo,350,0.38,19.65,1,4.8,72,1,0.5159,MEDIUM
EVS01111,"1129 Random Rd, City 254, Country",DC Fast Charger,Ionity,350,0.38,18.9,2,5.0,80,1,0.5159,MEDIUM
EVS01471,"3780 Random Rd, City 116, Country",AC Level 1,ChargePoint,22,0.22,17.56,7,3.7,62,1,0.5158,MEDIUM
EVS03340,"1260 Toronto Ave, Toronto",AC Level 2,ChargePoint,150,0.31,12.63,3,4.8,75,1,0.5158,MEDIUM
EVS02353,"1474 Dubai Ave, Dubai",AC Level 1,Ionity,150,0.24,8.68,4,4.8,44,0,0.5158,MEDIUM
EVS03444,"9017 Los Angeles Ave, Los Angeles",AC Level 2,Tesla,50,0.13,7.55,9,4.4,25,0,0.5158,MEDIUM
EVS02209,"1928 Chicago Ave, Chicago",DC Fast Charger,ChargePoint,22,0.16,11.66,2,3.3,83,1,0.5158,MEDIUM
EVS01470,"3492 Toronto Ave, Toronto",AC Level 1,EVgo,22,0.14,15.42,7,3.3,20,0,0.5158,MEDIUM
EVS02926,"6207 São Paulo Ave, São Paulo",AC Level 2,Greenlots,150,0.1,10.15,3,3.4,31,0,0.5158,MEDIUM
EVS02833,"9738 Seoul Ave, Seoul",AC Level 2,Ionity,350,0.11,7.8,9,4.9,74,1,0.5158,MEDIUM
EVS00571,"5571 Random Rd, City 321, Country",DC Fast Charger,ChargePoint,350,0.17,19.21,9,4.1,48,0,0.5158,MEDIUM
EVS01866,"63 Dubai Ave, Dubai",AC Level 1,EVgo,22,0.15,19.09,9,3.2,55,0,0.5158,MEDIUM
EVS00321,"9748 Random Rd, City 276, Country",AC Level 1,ChargePoint,150,0.16,7.37,10,5.0,29,0,0.5157,MEDIUM
EVS02346,"9268 Chicago Ave, Chicago",AC Level 1,Ionity,22,0.11,15.0,7,3.1,17,0,0.5157,MEDIUM
EVS00208,"7980 Beijing Ave, Beijing",AC Level 2,Greenlots,50,0.34,17.98,3,4.2,92,1,0.5157,MEDIUM
EVS00815,"2495 Mexico City Ave, Mexico City",AC Level 2,Greenlots,22,0.13,10.9,6,3.6,77,1,0.5156,MEDIUM
EVS02259,"4208 São Paulo Ave, São Paulo",AC Level 2,EVgo,22,0.16,14.53,4,3.2,72,1,0.5156,MEDIUM
EVS00600,"5749 Cape Town Ave, Cape Town",DC Fast Charger,Greenlots,50,0.28,7.59,4,5.0,59,1,0.5156,MEDIUM
EVS00040,"6005 Cape Town Ave, Cape Town",AC Level 2,Tesla,50,0.41,14.62,1,4.9,15,0,0.5156,MEDIUM
EVS02045,"729 Cape Town Ave, Cape Town",AC Level 1,ChargePoint,150,0.32,17.08,5,4.6,82,1,0.5156,MEDIUM
EVS00168,"2338 San Francisco Ave, San Francisco",DC Fast Charger,Ionity,150,0.13,16.32,7,3.4,69,1,0.5156,MEDIUM
EVS00564,"8120 Los Angeles Ave, Los Angeles",DC Fast Charger,ChargePoint,22,0.18,1.22,1,4.5,20,0,0.5156,MEDIUM
EVS00428,"4344 Bangkok Ave, Bangkok",DC Fast Charger,EVgo,22,0.16,2.01,4,4.6,46,0,0.5156,MEDIUM
EVS02453,"8095 Sydney Ave, Sydney",AC Level 1,EVgo,50,0.32,13.98,4,4.6,93,1,0.5156,MEDIUM
EVS02762,"1086 Toronto Ave, Toronto",AC Level 2,EVgo,150,0.22,13.19,9,4.7,94,1,0.5155,MEDIUM
EVS00093,"6288 Berlin Ave, Berlin",AC Level 1,Greenlots,350,0.11,6.63,8,4.9,18,0,0.5155,MEDIUM
EVS02615,"6802 Bangkok Ave, Bangkok",DC Fast Charger,ChargePoint,22,0.33,15.59,2,4.2,22,0,0.5155,MEDIUM
EVS04953,"4689 Mexico City Ave, Mexico City",AC Level 2,ChargePoint,150,0.13,17.6,10,3.6,74,1,0.5155,MEDIUM
EVS01256,"4640 Dubai Ave, Dubai",AC Level 2,EVgo,22,0.11,5.23,8,4.3,50,0,0.5155,MEDIUM
EVS02047,"3096 San Francisco Ave, San Francisco",AC Level 1,ChargePoint,150,0.24,10.14,3,4.5,30,0,0.5155,MEDIUM
EVS00685,"3717 San Francisco Ave, San Francisco",AC Level 2,Ionity,50,0.19,14.34,3,3.4,76,1,0.5155,MEDIUM
EVS03240,"8405 Sydney Ave, Sydney",DC Fast Charger,EVgo,50,0.36,19.15,8,4.8,60,1,0.5155,MEDIUM
EVS00521,"4323 Random Rd, City 261, Country",AC Level 1,EVgo,22,0.27,18.25,7,4.0,48,0,0.5154,MEDIUM
EVS04332,"53 Dubai Ave, Dubai",AC Level 1,ChargePoint,22,0.33,12.72,1,4.4,84,1,0.5154,MEDIUM
EVS00562,"1340 Dubai Ave, Dubai",AC Level 2,Tesla,150,0.17,14.32,5,3.7,34,0,0.5154,MEDIUM
EVS01709,"2561 Mumbai Ave, Mumbai",AC Level 2,EVgo,22,0.23,10.45,10,4.9,42,0,0.5154,MEDIUM
EVS04299,"8882 Seoul Ave, Seoul",DC Fast Charger,Tesla,150,0.11,3.48,9,4.9,27,0,0.5154,MEDIUM
EVS01189,"9505 Los Angeles Ave, Los Angeles",DC Fast Charger,EVgo,150,0.15,3.8,4,4.6,80,1,0.5153,MEDIUM
EVS01647,"5351 Berlin Ave, Berlin",DC Fast Charger,ChargePoint,50,0.25,15.99,4,3.8,70,1,0.5153,MEDIUM
EVS00697,"1545 Berlin Ave, Berlin",DC Fast Charger,Ionity,50,0.29,10.95,5,4.8,98,1,0.5153,MEDIUM
EVS02197,"2681 Cape Town Ave, Cape Town",AC Level 2,EVgo,150,0.3,19.64,9,4.6,13,0,0.5152,MEDIUM
EVS01776,"970 San Francisco Ave, San Francisco",AC Level 2,Ionity,350,0.14,13.95,8,4.3,11,0,0.5152,MEDIUM
EVS00045,"7799 Sydney Ave, Sydney",AC Level 2,Ionity,22,0.4,19.67,3,4.4,78,1,0.5152,MEDIUM
EVS01037,"5807 Mumbai Ave, Mumbai",AC Level 1,ChargePoint,22,0.17,8.18,6,4.2,74,1,0.5152,MEDIUM
EVS03064,"7137 Chicago Ave, Chicago",AC Level 1,EVgo,50,0.35,13.11,3,4.8,14,0,0.5152,MEDIUM
EVS03470,"9045 Dubai Ave, Dubai",DC Fast Charger,EVgo,50,0.23,9.0,9,5.0,100,1,0.5152,MEDIUM
EVS04989,"6347 Chicago Ave, Chicago",AC Level 1,Ionity,50,0.29,17.43,7,4.3,22,0,0.5151,MEDIUM
EVS04947,"2691 Los Angeles Ave, Los Angeles",DC Fast Charger,Ionity,150,0.11,9.35,1,3.3,15,0,0.5151,MEDIUM
EVS01542,"2825 Seoul Ave, Seoul",AC Level 2,Greenlots,350,0.11,15.65,10,4.1,78,1,0.5151,MEDIUM
EVS02943,"7536 Toronto Ave, Toronto",AC Level 1,Greenlots,22,0.25,9.69,8,4.9,55,0,0.5151,MEDIUM
EVS04004,"2985 Beijing Ave, Beijing",AC Level 2,Ionity,22,0.36,11.3,2,4.9,15,0,0.5151,MEDIUM
EVS00222,"7852 Berlin Ave, Berlin",AC Level 1,Ionity,150,0.23,9.55,5,4.7,49,0,0.5151,MEDIUM
EVS01484,"1896 Dubai Ave, Dubai",DC Fast Charger,Tesla,350,0.15,17.32,2,3.3,90,1,0.5151,MEDIUM
EVS04319,"5195 Cape Town Ave, Cape Town",AC Level 2,Greenlots,150,0.19,11.9,4,4.0,92,1,0.5151,MEDIUM
EVS02326,"2977 Dubai Ave, Dubai",DC Fast Charger,ChargePoint,50,0.19,9.52,8,4.5,25,0,0.5151,MEDIUM
EVS03173,"140 Beijing Ave, Beijing",AC Level 1,Tesla,150,0.31,14.32,5,4.8,78,1,0.515,MEDIUM
EVS04510,"9504 Mexico City Ave, Mexico City",AC Level 2,Greenlots,50,0.13,14.75,6,3.2,50,0,0.515,MEDIUM
EVS02344,"9096 Sydney Ave, Sydney",DC Fast Charger,Greenlots,22,0.24,16.2,9,4.2,10,0,0.515,MEDIUM
EVS03643,"5599 Chicago Ave, Chicago",AC Level 1,EVgo,350,0.12,12.44,8,4.3,10,0,0.515,MEDIUM
EVS04693,"7499 Seoul Ave, Seoul",AC Level 1,Tesla,22,0.11,2.63,4,4.1,17,0,0.515,MEDIUM
EVS04985,"8162 Beijing Ave, Beijing",AC Level 1,ChargePoint,150,0.24,15.23,3,3.9,90,1,0.5149,MEDIUM
EVS00796,"5689 Dubai Ave, Dubai",AC Level 2,Ionity,50,0.11,9.86,1,3.0,77,1,0.5149,MEDIUM
EVS03475,"5449 San Francisco Ave, San Francisco",AC Level 1,ChargePoint,350,0.11,11.67,2,3.6,94,1,0.5149,MEDIUM
EVS00646,"1258 Los Angeles Ave, Los Angeles",AC Level 2,Tesla,150,0.21,9.34,2,4.2,24,0,0.5148,MEDIUM
EVS01244,"1294 Toronto Ave, Toronto",AC Level 1,ChargePoint,150,0.13,14.29,8,3.7,14,0,0.5148,MEDIUM
EVS04801,"5938 Random Rd, City 264, Country",AC Level 1,EVgo,50,0.23,14.44,5,3.9,29,0,0.5147,MEDIUM
EVS01138,"8939 Dubai Ave, Dubai",DC Fast Charger,Tesla,350,0.18,12.87,1,3.9,38,0,0.5147,MEDIUM
EVS04789,"4329 Toronto Ave, Toronto",DC Fast Charger,Tesla,150,0.35,19.08,7,4.8,47,0,0.5147,MEDIUM
EVS03493,"3220 Los Angeles Ave, Los Angeles",AC Level 1,Ionity,350,0.36,19.87,4,4.9,55,0,0.5147,MEDIUM
EVS04513,"2103 Cape Town Ave, Cape Town",AC Level 1,Ionity,50,0.24,17.22,1,3.2,75,1,0.5147,MEDIUM
EVS04830,"9866 Berlin Ave, Berlin",AC Level 2,ChargePoint,350,0.16,18.05,4,3.5,72,1,0.5145,MEDIUM
EVS03226,"9076 San Francisco Ave, San Francisco",AC Level 1,ChargePoint,50,0.33,18.49,9,4.7,44,0,0.5145,MEDIUM
EVS03646,"3566 Seoul Ave, Seoul",DC Fast Charger,Greenlots,150,0.24,14.89,2,3.8,52,0,0.5145,MEDIUM
EVS02321,"6810 Random Rd, City 361, Country",AC Level 2,ChargePoint,50,0.13,3.34,9,4.8,89,1,0.5145,MEDIUM
EVS00142,"3638 Beijing Ave, Beijing",AC Level 1,ChargePoint,150,0.11,8.57,10,4.4,85,1,0.5145,MEDIUM
EVS01841,"8332 Random Rd, City 272, Country",AC Level 1,Ionity,350,0.24,17.03,7,4.6,28,0,0.5145,MEDIUM
EVS00514,"8754 Toronto Ave, Toronto",AC Level 2,Tesla,150,0.18,12.96,6,4.0,26,0,0.5145,MEDIUM
EVS01839,"3576 Los Angeles Ave, Los Angeles",AC Level 2,Greenlots,150,0.13,5.51,10,4.9,70,1,0.5145,MEDIUM
EVS01883,"1745 Mexico City Ave, Mexico City",AC Level 2,Greenlots,150,0.37,15.05,1,4.7,63,1,0.5144,MEDIUM
EVS04133,"6038 Bangkok Ave, Bangkok",AC Level 2,Greenlots,22,0.31,15.56,9,4.8,39,0,0.5144,MEDIUM
EVS04593,"8967 Chicago Ave, Chicago",AC Level 1,EVgo,50,0.19,12.79,8,4.1,52,0,0.5144,MEDIUM
EVS03448,"3705 Bangkok Ave, Bangkok",AC Level 2,Tesla,22,0.26,10.81,7,4.7,76,1,0.5144,MEDIUM
EVS01634,"8415 São Paulo Ave, São Paulo",AC Level 2,ChargePoint,150,0.15,18.83,6,3.1,62,1,0.5144,MEDIUM
EVS01930,"1893 Chicago Ave, Chicago",DC Fast Charger,Tesla,350,0.22,15.59,1,3.9,95,1,0.5144,MEDIUM
EVS03237,"9487 Moscow Ave, Moscow",AC Level 1,Ionity,150,0.22,5.53,3,4.8,87,1,0.5144,MEDIUM
EVS00448,"5917 Berlin Ave, Berlin",AC Level 2,Ionity,50,0.14,10.41,4,3.5,10,0,0.5144,MEDIUM
EVS00536,"6926 Sydney Ave, Sydney",DC Fast Charger,ChargePoint,50,0.21,7.96,2,4.1,38,0,0.5144,MEDIUM
EVS00017,"3181 Bangkok Ave, Bangkok",AC Level 1,Ionity,350,0.17,13.18,3,4.0,28,0,0.5144,MEDIUM
EVS03492,"5366 Toronto Ave, Toronto",AC Level 2,Ionity,150,0.2,19.39,4,3.2,27,0,0.5144,MEDIUM
EVS04785,"6411 Chicago Ave, Chicago",DC Fast Charger,Greenlots,350,0.33,14.61,2,5.0,61,1,0.5143,MEDIUM
EVS02767,"587 Toronto Ave, Toronto",AC Level 1,Ionity,50,0.15,13.17,6,3.5,72,1,0.5143,MEDIUM
EVS01141,"2228 Random Rd, City 249, Country",DC Fast Charger,ChargePoint,150,0.24,19.7,5,3.6,37,0,0.5143,MEDIUM
EVS02804,"8050 Beijing Ave, Beijing",AC Level 2,Ionity,350,0.12,13.9,8,4.1,100,1,0.5143,MEDIUM
EVS01645,"8233 Mumbai Ave, Mumbai",DC Fast Charger,Greenlots,50,0.22,8.93,4,4.3,39,0,0.5143,MEDIUM
EVS02048,"2820 Mexico City Ave, Mexico City",AC Level 1,Ionity,150,0.19,12.23,9,4.5,94,1,0.5143,MEDIUM
EVS01587,"8239 Seoul Ave, Seoul",AC Level 1,ChargePoint,150,0.27,16.6,6,4.3,65,1,0.5143,MEDIUM
EVS04723,"4777 Sydney Ave, Sydney",AC Level 1,EVgo,50,0.11,7.92,2,3.3,51,0,0.5143,MEDIUM
EVS02729,"9753 Mexico City Ave, Mexico City",DC Fast Charger,ChargePoint,50,0.34,11.96,3,4.8,77,1,0.5143,MEDIUM
EVS00287,"8540 Cape Town Ave, Cape Town",AC Level 2,Ionity,22,0.3,12.97,9,5.0,60,1,0.5143,MEDIUM
EVS04806,"9414 San Francisco Ave, San Francisco",AC Level 2,ChargePoint,150,0.25,17.38,9,4.4,40,0,0.5142,MEDIUM
EVS04636,"9573 Toronto Ave, Toronto",DC Fast Charger,EVgo,350,0.14,13.66,3,3.7,48,0,0.5142,MEDIUM
EVS00436,"9195 Mumbai Ave, Mumbai",AC Level 2,Tesla,22,0.37,9.64,1,5.0,66,1,0.5142,MEDIUM
EVS04280,"1831 Chicago Ave, Chicago",AC Level 1,Ionity,22,0.14,8.1,5,3.8,67,1,0.5142,MEDIUM
EVS01962,"8134 Toronto Ave, Toronto",AC Level 2,ChargePoint,150,0.17,7.35,4,4.3,47,0,0.5142,MEDIUM
EVS00256,"7234 Beijing Ave, Beijing",AC Level 2,ChargePoint,50,0.24,18.45,5,3.5,21,0,0.5141,MEDIUM
EVS01236,"1779 Seoul Ave, Seoul",AC Level 1,Ionity,50,0.21,14.49,5,3.7,92,1,0.5141,MEDIUM
EVS03677,"5097 Dubai Ave, Dubai",AC Level 2,ChargePoint,22,0.15,8.73,5,3.8,96,1,0.514,MEDIUM
EVS04609,"8489 Cape Town Ave, Cape Town",AC Level 1,Ionity,150,0.2,16.38,3,3.4,59,1,0.514,MEDIUM
EVS00196,"8293 São Paulo Ave, São Paulo",AC Level 1,ChargePoint,350,0.11,8.1,5,4.3,30,0,0.5139,MEDIUM
EVS04687,"2844 São Paulo Ave, São Paulo",AC Level 1,Greenlots,350,0.12,7.77,4,4.3,16,0,0.5139,MEDIUM
EVS03842,"5641 Los Angeles Ave, Los Angeles",AC Level 1,ChargePoint,50,0.25,19.65,3,3.2,70,1,0.5139,MEDIUM
EVS00382,"5849 Chicago Ave, Chicago",AC Level 2,Tesla,150,0.12,9.61,2,3.4,40,0,0.5139,MEDIUM
EVS02985,"2174 Beijing Ave, Beijing",AC Level 2,Ionity,350,0.14,10.8,9,4.7,23,0,0.5139,MEDIUM
EVS04611,"3941 Random Rd, City 399, Country",AC Level 1,ChargePoint,350,0.2,19.84,5,3.7,89,1,0.5139,MEDIUM
EVS04415,"848 Beijing Ave, Beijing",AC Level 1,Greenlots,50,0.17,6.51,1,3.8,32,0,0.5139,MEDIUM
EVS04999,"8710 Dubai Ave, Dubai",DC Fast Charger,ChargePoint,150,0.19,4.03,3,4.7,44,0,0.5139,MEDIUM
EVS01739,"3423 Toronto Ave, Toronto",AC Level 2,Greenlots,350,0.33,19.42,6,4.9,12,0,0.5139,MEDIUM
EVS01170,"5944 Sydney Ave, Sydney",DC Fast Charger,ChargePoint,22,0.11,16.34,10,3.2,65,1,0.5139,MEDIUM
EVS00152,"9559 Berlin Ave, Berlin",AC Level 2,Greenlots,22,0.25,11.02,3,4.1,92,1,0.5139,MEDIUM
EVS04435,"5291 Mumbai Ave, Mumbai",DC Fast Charger,Greenlots,50,0.21,0.57,2,4.9,95,1,0.5139,MEDIUM
EVS00442,"3578 Bangkok Ave, Bangkok",AC Level 2,Ionity,50,0.17,6.64,2,3.9,13,0,0.5139,MEDIUM
EVS00498,"9224 Toronto Ave, Toronto",AC Level 1,EVgo,50,0.14,0.77,7,4.9,55,0,0.5139,MEDIUM
EVS03207,"4406 Mexico City Ave, Mexico City",DC Fast Charger,Ionity,22,0.15,6.7,4,3.9,63,1,0.5138,MEDIUM
EVS01209,"9172 San Francisco Ave, San Francisco",AC Level 1,Greenlots,22,0.25,19.89,9,3.8,52,0,0.5138,MEDIUM
EVS04704,"9777 Seoul Ave, Seoul",AC Level 2,Tesla,350,0.34,18.01,4,4.9,17,0,0.5138,MEDIUM
EVS03939,"1073 Mexico City Ave, Mexico City",AC Level 1,ChargePoint,150,0.19,8.42,3,4.2,55,0,0.5137,MEDIUM
EVS03230,"8903 Mumbai Ave, Mumbai",AC Level 2,EVgo,22,0.11,2.45,7,4.4,82,1,0.5137,MEDIUM
EVS01578,"7982 Los Angeles Ave, Los Angeles",AC Level 2,Ionity,50,0.19,2.93,4,4.7,24,0,0.5137,MEDIUM
EVS01295,"5929 Los Angeles Ave, Los Angeles",AC Level 2,ChargePoint,350,0.11,11.4,4,3.8,57,1,0.5137,MEDIUM
EVS00639,"8575 Beijing Ave, Beijing",AC Level 2,Tesla,50,0.21,3.16,2,4.6,35,0,0.5137,MEDIUM
EVS03718,"8676 Bangkok Ave, Bangkok",DC Fast Charger,Greenlots,50,0.22,9.66,5,4.3,36,0,0.5137,MEDIUM
EVS01674,"8471 Mumbai Ave, Mumbai",AC Level 1,EVgo,50,0.3,15.64,7,4.5,56,0,0.5136,MEDIUM
EVS00162,"273 San Francisco Ave, San Francisco",DC Fast Charger,Ionity,150,0.3,13.53,3,4.5,30,0,0.5136,MEDIUM
EVS03860,"9736 Los Angeles Ave, Los Angeles",AC Level 2,ChargePoint,22,0.16,1.97,4,4.5,16,0,0.5136,MEDIUM
EVS00359,"4207 Mumbai Ave, Mumbai",DC Fast Charger,Tesla,22,0.26,13.7,5,4.1,13,0,0.5136,MEDIUM
EVS02750,"7492 Berlin Ave, Berlin",AC Level 1,EVgo,150,0.37,17.91,5,4.8,98,1,0.5136,MEDIUM
EVS00270,"3111 Mumbai Ave, Mumbai",DC Fast Charger,Ionity,150,0.27,13.77,1,4.0,20,0,0.5136,MEDIUM
EVS04803,"9517 Dubai Ave, Dubai",AC Level 1,Ionity,150,0.12,13.01,8,3.7,78,1,0.5136,MEDIUM
EVS01565,"3418 Dubai Ave, Dubai",AC Level 2,EVgo,22,0.37,19.44,3,4.1,82,1,0.5136,MEDIUM
EVS03246,"1353 Mexico City Ave, Mexico City",DC Fast Charger,Tesla,50,0.22,12.58,7,4.2,11,0,0.5136,MEDIUM
EVS04925,"5131 Mumbai Ave, Mumbai",DC Fast Charger,EVgo,150,0.23,6.58,2,4.6,85,1,0.5136,MEDIUM
EVS00284,"8022 Moscow Ave, Moscow",AC Level 2,Greenlots,22,0.17,15.13,4,3.1,81,1,0.5135,MEDIUM
EVS02015,"7773 Cape Town Ave, Cape Town",AC Level 1,Greenlots,50,0.27,12.1,10,5.0,66,1,0.5135,MEDIUM
EVS04685,"7900 Seoul Ave, Seoul",AC Level 2,Ionity,50,0.25,7.12,4,4.7,27,0,0.5135,MEDIUM
EVS03505,"4318 Mumbai Ave, Mumbai",AC Level 1,Ionity,350,0.1,9.26,7,4.3,30,0,0.5135,MEDIUM
EVS02025,"2166 Bangkok Ave, Bangkok",DC Fast Charger,EVgo,350,0.1,16.85,4,3.1,90,1,0.5135,MEDIUM
EVS01309,"2550 Bangkok Ave, Bangkok",AC Level 2,Greenlots,22,0.24,10.27,10,4.9,39,0,0.5135,MEDIUM
EVS02126,"8102 Los Angeles Ave, Los Angeles",DC Fast Charger,Greenlots,150,0.29,15.58,4,4.3,75,1,0.5135,MEDIUM
EVS02374,"8013 Berlin Ave, Berlin",AC Level 1,ChargePoint,350,0.15,2.12,1,4.8,80,1,0.5135,MEDIUM
EVS00687,"2924 Sydney Ave, Sydney",AC Level 1,Greenlots,150,0.34,14.81,5,4.9,25,0,0.5135,MEDIUM
EVS01387,"3478 Berlin Ave, Berlin",DC Fast Charger,ChargePoint,22,0.19,11.6,7,4.0,60,1,0.5135,MEDIUM
EVS02308,"7286 Chicago Ave, Chicago",AC Level 1,Tesla,350,0.17,13.17,6,4.3,69,1,0.5134,MEDIUM
EVS02924,"5150 Dubai Ave, Dubai",AC Level 1,Ionity,22,0.16,13.45,10,3.9,42,0,0.5134,MEDIUM
EVS03794,"4971 Cape Town Ave, Cape Town",AC Level 2,Ionity,22,0.12,12.69,6,3.2,100,1,0.5134,MEDIUM
EVS01263,"6233 Toronto Ave, Toronto",AC Level 2,Ionity,22,0.3,18.95,10,4.4,32,0,0.5134,MEDIUM
EVS00176,"9513 Seoul Ave, Seoul",DC Fast Charger,ChargePoint,350,0.17,12.86,4,4.1,56,0,0.5134,MEDIUM
EVS04297,"5347 Mumbai Ave, Mumbai",AC Level 1,ChargePoint,50,0.25,13.88,8,4.4,77,1,0.5134,MEDIUM
EVS00223,"9887 Toronto Ave, Toronto",AC Level 1,EVgo,150,0.22,13.18,4,4.0,40,0,0.5133,MEDIUM
EVS04245,"1200 Beijing Ave, Beijing",AC Level 2,Ionity,150,0.1,11.91,5,3.3,100,1,0.5133,MEDIUM
EVS03289,"7342 Cape Town Ave, Cape Town",AC Level 2,Ionity,22,0.26,7.45,6,4.9,81,1,0.5133,MEDIUM
EVS03897,"606 São Paulo Ave, São Paulo",AC Level 1,Tesla,150,0.17,10.36,3,3.8,79,1,0.5133,MEDIUM
EVS02993,"4427 Cape Town Ave, Cape Town",AC Level 2,EVgo,22,0.2,14.04,1,3.1,27,0,0.5133,MEDIUM
EVS04195,"6629 Cape Town Ave, Cape Town",DC Fast Charger,ChargePoint,50,0.31,17.96,7,4.3,85,1,0.5133,MEDIUM
EVS02743,"3481 Dubai Ave, Dubai",AC Level 1,EVgo,22,0.15,1.67,8,4.9,45,0,0.5133,MEDIUM
EVS04651,"6748 Random Rd, City 234, Country",AC Level 2,Tesla,22,0.32,7.39,1,4.8,61,1,0.5132,MEDIUM
EVS04124,"4779 Mexico City Ave, Mexico City",DC Fast Charger,EVgo,150,0.12,13.13,10,3.9,83,1,0.5132,MEDIUM
EVS03763,"5085 Beijing Ave, Beijing",AC Level 1,Tesla,150,0.3,19.29,1,3.6,61,1,0.5132,MEDIUM
EVS04756,"7081 Dubai Ave, Dubai",AC Level 1,Ionity,50,0.19,12.37,3,3.5,69,1,0.5132,MEDIUM
EVS01704,"3527 San Francisco Ave, San Francisco",DC Fast Charger,ChargePoint,50,0.33,9.99,4,5.0,88,1,0.5132,MEDIUM
EVS04579,"8104 Cape Town Ave, Cape Town",DC Fast Charger,EVgo,22,0.36,12.13,2,4.7,67,1,0.5132,MEDIUM
EVS03162,"1863 Seoul Ave, Seoul",AC Level 1,EVgo,150,0.14,4.43,2,4.1,27,0,0.5131,MEDIUM
EVS00712,"1044 Chicago Ave, Chicago",AC Level 2,ChargePoint,50,0.2,1.15,1,4.6,91,1,0.5131,MEDIUM
EVS02456,"8818 Cape Town Ave, Cape Town",AC Level 1,Ionity,50,0.12,6.57,10,4.4,91,1,0.5131,MEDIUM
EVS02621,"6765 Random Rd, City 236, Country",DC Fast Charger,Tesla,50,0.21,14.62,9,4.1,99,1,0.5131,MEDIUM
EVS04753,"6465 Dubai Ave, Dubai",DC Fast Charger,Tesla,50,0.13,13.69,5,3.1,75,1,0.5131,MEDIUM
EVS03594,"1540 Chicago Ave, Chicago",AC Level 2,Ionity,350,0.1,3.88,2,4.3,19,0,0.5131,MEDIUM
EVS00372,"6270 Los Angeles Ave, Los Angeles",AC Level 1,Ionity,150,0.24,10.79,3,4.3,95,1,0.5131,MEDIUM
EVS03227,"6742 Mumbai Ave, Mumbai",AC Level 1,Tesla,150,0.35,16.53,7,5.0,71,1,0.5131,MEDIUM
EVS00107,"7328 Cape Town Ave, Cape Town",DC Fast Charger,ChargePoint,22,0.31,12.84,7,4.8,96,1,0.5131,MEDIUM
EVS00993,"3714 Mexico City Ave, Mexico City",AC Level 1,Ionity,150,0.35,15.19,4,4.8,10,0,0.5131,MEDIUM
EVS02105,"527 Bangkok Ave, Bangkok",AC Level 2,EVgo,350,0.34,16.5,2,4.8,48,0,0.5131,MEDIUM
EVS00895,"1712 Seoul Ave, Seoul",DC Fast Charger,EVgo,150,0.27,16.39,9,4.6,49,0,0.5129,MEDIUM
EVS01181,"320 Random Rd, City 325, Country",DC Fast Charger,ChargePoint,22,0.28,11.82,3,4.2,68,1,0.5129,MEDIUM
EVS04270,"3016 Sydney Ave, Sydney",AC Level 1,Tesla,150,0.29,19.45,2,3.6,22,0,0.5129,MEDIUM
EVS04258,"8485 São Paulo Ave, São Paulo",AC Level 1,ChargePoint,150,0.16,5.71,8,4.8,79,1,0.5129,MEDIUM
EVS03500,"739 Los Angeles Ave, Los Angeles",AC Level 2,Ionity,22,0.38,16.38,4,4.6,70,1,0.5129,MEDIUM
EVS03648,"9282 Moscow Ave, Moscow",AC Level 2,ChargePoint,22,0.13,2.28,5,4.3,71,1,0.5128,MEDIUM
EVS04352,"6718 Mexico City Ave, Mexico City",AC Level 2,Greenlots,50,0.21,14.34,8,4.0,71,1,0.5128,MEDIUM
EVS04308,"2904 Cape Town Ave, Cape Town",DC Fast Charger,Ionity,22,0.22,11.96,3,3.7,70,1,0.5128,MEDIUM
EVS02857,"3369 Cape Town Ave, Cape Town",AC Level 2,Tesla,22,0.3,11.1,7,4.9,35,0,0.5128,MEDIUM
EVS04942,"5353 San Francisco Ave, San Francisco",DC Fast Charger,Ionity,150,0.2,7.19,5,4.6,60,1,0.5128,MEDIUM
EVS03839,"8504 Seoul Ave, Seoul",AC Level 2,Tesla,150,0.13,12.16,6,3.6,56,0,0.5128,MEDIUM
EVS03719,"6696 Sydney Ave, Sydney",DC Fast Charger,Tesla,22,0.2,5.74,7,4.7,31,0,0.5128,MEDIUM
EVS04129,"68 Berlin Ave, Berlin",DC Fast Charger,Greenlots,350,0.12,19.25,7,3.3,57,1,0.5128,MEDIUM
EVS02719,"199 Mumbai Ave, Mumbai",AC Level 1,Ionity,350,0.21,9.02,3,4.7,63,1,0.5128,MEDIUM
EVS01278,"5540 São Paulo Ave, São Paulo",AC Level 2,Ionity,150,0.25,17.58,3,3.6,18,0,0.5128,MEDIUM
EVS01836,"8263 Dubai Ave, Dubai",AC Level 1,EVgo,150,0.17,15.59,4,3.3,19,0,0.5128,MEDIUM
EVS01936,"7904 Toronto Ave, Toronto",DC Fast Charger,EVgo,350,0.1,7.1,1,3.8,52,0,0.5127,MEDIUM
EVS02001,"4268 Random Rd, City 485, Country",DC Fast Charger,ChargePoint,22,0.29,13.6,5,4.3,69,1,0.5127,MEDIUM
EVS02027,"9221 São Paulo Ave, São Paulo",DC Fast Charger,Ionity,350,0.21,13.27,8,4.8,59,1,0.5127,MEDIUM
EVS02145,"9440 Los Angeles Ave, Los Angeles",DC Fast Charger,Tesla,150,0.33,18.9,10,4.9,83,1,0.5127,MEDIUM
EVS04561,"920 Random Rd, City 243, Country",AC Level 1,Ionity,50,0.24,9.11,7,4.7,61,1,0.5127,MEDIUM
EVS04914,"1018 Mexico City Ave, Mexico City",AC Level 2,Greenlots,50,0.22,5.9,1,4.2,56,0,0.5126,MEDIUM
EVS04797,"5463 Moscow Ave, Moscow",DC Fast Charger,Tesla,150,0.13,16.08,9,3.5,23,0,0.5126,MEDIUM
EVS00653,"422 San Francisco Ave, San Francisco",AC Level 2,Tesla,50,0.13,6.44,6,4.0,91,1,0.5126,MEDIUM
EVS02269,"1683 Chicago Ave, Chicago",DC Fast Charger,EVgo,150,0.11,1.27,3,4.3,93,1,0.5126,MEDIUM
EVS00206,"4652 Mexico City Ave, Mexico City",AC Level 2,Greenlots,50,0.38,18.6,4,4.4,66,1,0.5126,MEDIUM
EVS02367,"5617 Los Angeles Ave, Los Angeles",DC Fast Charger,EVgo,22,0.23,13.58,4,3.7,27,0,0.5126,MEDIUM
EVS01546,"933 Berlin Ave, Berlin",DC Fast Charger,Tesla,150,0.3,13.15,4,4.6,20,0,0.5125,MEDIUM
EVS04547,"9132 Berlin Ave, Berlin",AC Level 1,EVgo,22,0.22,16.99,8,3.7,100,1,0.5125,MEDIUM
EVS00347,"1429 Moscow Ave, Moscow",AC Level 1,Greenlots,50,0.2,16.3,3,3.1,79,1,0.5125,MEDIUM
EVS00750,"7398 Moscow Ave, Moscow",DC Fast Charger,Ionity,22,0.23,10.72,3,3.9,33,0,0.5125,MEDIUM
EVS04959,"5489 Los Angeles Ave, Los Angeles",AC Level 2,ChargePoint,50,0.25,16.71,6,3.8,20,0,0.5125,MEDIUM
EVS02701,"6184 Random Rd, City 246, Country",AC Level 2,Tesla,350,0.13,3.31,4,4.8,34,0,0.5124,MEDIUM
EVS00109,"5042 Moscow Ave, Moscow",DC Fast Charger,Ionity,50,0.19,17.93,7,3.3,62,1,0.5124,MEDIUM
EVS04907,"6132 Toronto Ave, Toronto",AC Level 2,EVgo,350,0.2,17.79,8,4.2,91,1,0.5124,MEDIUM
EVS00358,"6408 Los Angeles Ave, Los Angeles",AC Level 2,Tesla,22,0.13,17.81,9,3.0,37,0,0.5124,MEDIUM
EVS01545,"3188 São Paulo Ave, São Paulo",AC Level 1,Ionity,22,0.39,19.38,9,4.9,62,1,0.5124,MEDIUM
EVS02681,"545 Random Rd, City 94, Country",AC Level 1,Greenlots,50,0.18,2.77,6,4.8,46,0,0.5124,MEDIUM
EVS00338,"3400 San Francisco Ave, San Francisco",DC Fast Charger,Greenlots,22,0.16,7.89,6,4.0,25,0,0.5123,MEDIUM
EVS03459,"1095 Sydney Ave, Sydney",AC Level 2,Greenlots,150,0.19,15.77,3,3.3,47,0,0.5123,MEDIUM
EVS04846,"1154 Beijing Ave, Beijing",AC Level 2,ChargePoint,22,0.31,6.23,1,4.8,50,0,0.5123,MEDIUM
EVS00108,"9772 Mumbai Ave, Mumbai",AC Level 2,Tesla,350,0.11,3.14,7,5.0,43,0,0.5123,MEDIUM
EVS03204,"5434 Los Angeles Ave, Los Angeles",AC Level 1,Greenlots,50,0.26,8.13,4,4.6,43,0,0.5123,MEDIUM
EVS01415,"301 Toronto Ave, Toronto",DC Fast Charger,EVgo,22,0.26,13.77,10,4.6,43,0,0.5123,MEDIUM
EVS01571,"4901 Random Rd, City 404, Country",DC Fast Charger,EVgo,22,0.26,0.86,1,5.0,85,1,0.5123,MEDIUM
EVS02718,"6241 Mumbai Ave, Mumbai",AC Level 2,ChargePoint,50,0.16,5.74,6,4.3,98,1,0.5122,MEDIUM
EVS02541,"7693 Random Rd, City 55, Country",DC Fast Charger,EVgo,22,0.15,12.16,10,3.9,92,1,0.5122,MEDIUM
EVS01128,"1941 Sydney Ave, Sydney",DC Fast Charger,Ionity,22,0.27,19.98,5,3.4,28,0,0.5122,MEDIUM
EVS02280,"5091 Toronto Ave, Toronto",DC Fast Charger,Greenlots,150,0.21,10.3,5,4.3,26,0,0.5122,MEDIUM
EVS01129,"7403 Chicago Ave, Chicago",DC Fast Charger,ChargePoint,350,0.39,19.79,3,4.9,71,1,0.5122,MEDIUM
EVS00746,"6412 San Francisco Ave, San Francisco",DC Fast Charger,ChargePoint,22,0.25,17.95,7,3.7,69,1,0.5122,MEDIUM
EVS04856,"1096 Berlin Ave, Berlin",AC Level 2,Tesla,150,0.38,18.25,1,4.3,77,1,0.5122,MEDIUM
EVS01458,"3791 Dubai Ave, Dubai",AC Level 1,Greenlots,350,0.18,4.94,4,5.0,95,1,0.5121,MEDIUM
EVS01293,"8142 Sydney Ave, Sydney",AC Level 2,EVgo,22,0.28,13.95,8,4.5,77,1,0.5121,MEDIUM
EVS00242,"8128 Toronto Ave, Toronto",AC Level 2,Ionity,50,0.21,8.91,10,4.8,50,0,0.5121,MEDIUM
EVS02064,"4337 Toronto Ave, Toronto",DC Fast Charger,Ionity,22,0.19,11.22,9,4.2,61,1,0.5121,MEDIUM
EVS00132,"2642 Chicago Ave, Chicago",AC Level 1,EVgo,150,0.27,4.99,1,4.9,32,0,0.512,MEDIUM
EVS00629,"8849 Dubai Ave, Dubai",AC Level 2,EVgo,22,0.11,6.71,5,3.6,13,0,0.512,MEDIUM
EVS00238,"4891 Seoul Ave, Seoul",DC Fast Charger,Tesla,150,0.33,16.23,6,4.7,98,1,0.512,MEDIUM
EVS01920,"2618 Beijing Ave, Beijing",AC Level 1,EVgo,50,0.27,10.96,1,4.0,85,1,0.512,MEDIUM
EVS03005,"3124 Dubai Ave, Dubai",AC Level 1,Tesla,50,0.14,12.77,10,3.8,31,0,0.5119,MEDIUM
EVS00906,"7694 Berlin Ave, Berlin",AC Level 1,Ionity,350,0.24,8.96,3,4.9,37,0,0.5119,MEDIUM
EVS03326,"4316 Beijing Ave, Beijing",DC Fast Charger,Tesla,50,0.38,17.53,5,4.6,59,1,0.5119,MEDIUM
EVS04828,"2355 Seoul Ave, Seoul",AC Level 2,Ionity,50,0.11,9.14,6,3.5,48,0,0.5119,MEDIUM
EVS00711,"9899 Random Rd, City 245, Country",AC Level 2,Tesla,22,0.17,6.44,5,4.1,15,0,0.5119,MEDIUM
EVS02176,"2739 Los Angeles Ave, Los Angeles",AC Level 1,EVgo,22,0.19,3.85,2,4.2,92,1,0.5118,MEDIUM
EVS00486,"2295 Dubai Ave, Dubai",AC Level 1,Tesla,150,0.19,16.12,7,3.7,86,1,0.5118,MEDIUM
EVS04818,"6183 Berlin Ave, Berlin",AC Level 2,Greenlots,350,0.23,16.79,7,4.4,18,0,0.5118,MEDIUM
EVS04866,"9175 Sydney Ave, Sydney",AC Level 2,Ionity,350,0.21,14.91,10,4.8,69,1,0.5118,MEDIUM
EVS02896,"6254 Berlin Ave, Berlin",DC Fast Charger,ChargePoint,350,0.13,19.01,10,3.7,33,0,0.5117,MEDIUM
EVS04799,"8919 São Paulo Ave, São Paulo",AC Level 1,Ionity,50,0.16,13.52,6,3.4,73,1,0.5117,MEDIUM
EVS04118,"987 San Francisco Ave, San Francisco",DC Fast Charger,ChargePoint,22,0.28,14.34,6,4.2,92,1,0.5117,MEDIUM
EVS04567,"8064 Mexico City Ave, Mexico City",DC Fast Charger,EVgo,50,0.32,15.25,1,3.9,75,1,0.5117,MEDIUM
EVS00831,"2039 Random Rd, City 45, Country",DC Fast Charger,Ionity,350,0.25,14.62,1,4.1,70,1,0.5117,MEDIUM
EVS01151,"3842 Random Rd, City 393, Country",AC Level 2,ChargePoint,150,0.24,7.41,3,4.6,92,1,0.5116,MEDIUM
EVS00615,"7486 São Paulo Ave, São Paulo",AC Level 2,ChargePoint,50,0.32,19.8,8,4.2,76,1,0.5116,MEDIUM
EVS04097,"5931 Sydney Ave, Sydney",AC Level 1,Greenlots,22,0.43,15.62,3,4.9,28,0,0.5116,MEDIUM
EVS01078,"6687 Moscow Ave, Moscow",AC Level 1,Ionity,50,0.33,13.36,2,4.3,42,0,0.5115,MEDIUM
EVS03034,"185 Beijing Ave, Beijing",DC Fast Charger,Greenlots,50,0.22,11.29,5,4.0,90,1,0.5115,MEDIUM
EVS03187,"5657 Bangkok Ave, Bangkok",AC Level 1,ChargePoint,150,0.37,16.3,1,4.4,11,0,0.5115,MEDIUM
EVS02704,"1263 Toronto Ave, Toronto",AC Level 2,EVgo,50,0.46,19.3,4,4.9,53,0,0.5114,MEDIUM
EVS01038,"1356 San Francisco Ave, San Francisco",AC Level 1,ChargePoint,50,0.27,11.11,4,4.3,23,0,0.5114,MEDIUM
EVS04811,"5510 Random Rd, City 321, Country",AC Level 2,Ionity,350,0.18,12.33,2,3.9,24,0,0.5114,MEDIUM
EVS01834,"8140 Seoul Ave, Seoul",AC Level 1,Greenlots,22,0.2,3.9,5,4.6,69,1,0.5114,MEDIUM
EVS04000,"2741 Sydney Ave, Sydney",AC Level 2,ChargePoint,22,0.12,0.72,4,4.2,61,1,0.5114,MEDIUM
EVS03768,"723 Bangkok Ave, Bangkok",AC Level 2,Greenlots,150,0.16,6.92,9,4.7,55,0,0.5114,MEDIUM
EVS03786,"7976 Mumbai Ave, Mumbai",AC Level 2,Greenlots,150,0.25,14.84,1,3.6,52,0,0.5114,MEDIUM
EVS01734,"6386 Bangkok Ave, Bangkok",AC Level 1,Ionity,350,0.24,12.27,3,4.5,27,0,0.5114,MEDIUM
EVS03124,"3445 Chicago Ave, Chicago",AC Level 2,ChargePoint,350,0.3,19.05,8,4.8,14,0,0.5114,MEDIUM
EVS03649,"4965 San Francisco Ave, San Francisco",AC Level 2,ChargePoint,22,0.18,13.44,7,3.6,63,1,0.5113,MEDIUM
EVS00365,"8923 Sydney Ave, Sydney",AC Level 2,EVgo,22,0.27,10.33,9,4.9,36,0,0.5113,MEDIUM
EVS02073,"7758 San Francisco Ave, San Francisco",AC Level 1,Greenlots,350,0.13,11.24,7,4.2,53,0,0.5113,MEDIUM
EVS02820,"3574 Toronto Ave, Toronto",AC Level 2,Tesla,150,0.29,15.25,9,4.8,72,1,0.5113,MEDIUM
EVS01095,"2437 Dubai Ave, Dubai",AC Level 1,EVgo,22,0.23,7.45,3,4.2,18,0,0.5112,MEDIUM
EVS03160,"6040 São Paulo Ave, São Paulo",AC Level 2,Ionity,50,0.38,19.14,6,4.5,17,0,0.5112,MEDIUM
EVS04998,"7567 Chicago Ave, Chicago",DC Fast Charger,ChargePoint,150,0.2,13.27,3,3.6,89,1,0.5112,MEDIUM
EVS04867,"4256 Dubai Ave, Dubai",AC Level 2,Tesla,50,0.28,6.96,2,4.6,54,0,0.5112,MEDIUM
EVS00819,"291 Cape Town Ave, Cape Town",AC Level 1,EVgo,150,0.24,10.01,4,4.4,31,0,0.5112,MEDIUM
EVS04003,"3845 Seoul Ave, Seoul",AC Level 1,EVgo,150,0.22,18.23,9,3.9,13,0,0.5112,MEDIUM
EVS04592,"4025 Seoul Ave, Seoul",AC Level 1,Ionity,22,0.12,13.98,10,3.4,24,0,0.5112,MEDIUM
EVS04029,"3393 Sydney Ave, Sydney",AC Level 2,Tesla,50,0.43,19.56,3,4.5,73,1,0.5112,MEDIUM
EVS01437,"9826 Berlin Ave, Berlin",AC Level 2,ChargePoint,350,0.15,6.94,5,4.6,96,1,0.5112,MEDIUM
EVS01532,"3098 Moscow Ave, Moscow",DC Fast Charger,Tesla,50,0.3,15.79,4,4.0,28,0,0.5112,MEDIUM
EVS00218,"7958 Mexico City Ave, Mexico City",DC Fast Charger,Ionity,150,0.22,2.9,2,4.8,65,1,0.5111,MEDIUM
EVS02542,"3058 São Paulo Ave, São Paulo",AC Level 2,Ionity,50,0.18,4.2,8,4.8,34,0,0.511,MEDIUM
EVS00947,"4297 São Paulo Ave, São Paulo",DC Fast Charger,Tesla,150,0.29,11.28,1,4.3,17,0,0.511,MEDIUM
EVS02687,"9981 Mexico City Ave, Mexico City",AC Level 1,ChargePoint,150,0.14,9.51,1,3.3,45,0,0.511,MEDIUM
EVS01522,"5914 Cape Town Ave, Cape Town",AC Level 2,Tesla,150,0.4,19.68,5,4.7,40,0,0.511,MEDIUM
EVS03547,"2188 Moscow Ave, Moscow",AC Level 1,ChargePoint,50,0.34,7.55,2,5.0,84,1,0.511,MEDIUM
EVS01374,"6914 Cape Town Ave, Cape Town",AC Level 1,Tesla,150,0.13,9.03,3,3.5,26,0,0.5109,MEDIUM
EVS02550,"4306 Dubai Ave, Dubai",AC Level 1,Ionity,150,0.18,8.42,5,4.2,42,0,0.5109,MEDIUM
EVS03127,"6533 Mumbai Ave, Mumbai",AC Level 1,Greenlots,22,0.3,18.22,1,3.3,50,0,0.5109,MEDIUM
EVS01669,"2836 Los Angeles Ave, Los Angeles",DC Fast Charger,Tesla,50,0.45,16.97,1,4.7,83,1,0.5108,MEDIUM
EVS00227,"2267 Seoul Ave, Seoul",AC Level 1,EVgo,22,0.26,5.68,2,4.5,43,0,0.5108,MEDIUM
EVS00578,"6788 Chicago Ave, Chicago",AC Level 1,EVgo,50,0.37,15.12,3,4.5,69,1,0.5108,MEDIUM
EVS03952,"1756 Mumbai Ave, Mumbai",DC Fast Charger,ChargePoint,50,0.35,18.3,4,4.1,56,0,0.5108,MEDIUM
EVS02883,"4674 Mumbai Ave, Mumbai",DC Fast Charger,ChargePoint,350,0.29,19.69,7,4.5,54,0,0.5108,MEDIUM
EVS04997,"5494 São Paulo Ave, São Paulo",AC Level 1,Tesla,350,0.22,16.92,10,4.6,68,1,0.5108,MEDIUM
EVS04674,"660 Seoul Ave, Seoul",AC Level 2,ChargePoint,22,0.41,16.76,5,4.8,76,1,0.5108,MEDIUM
EVS03981,"2963 Random Rd, City 148, Country",AC Level 2,EVgo,22,0.21,10.37,10,4.5,60,1,0.5107,MEDIUM
EVS01792,"6094 Seoul Ave, Seoul",AC Level 2,Tesla,50,0.23,6.87,9,5.0,27,0,0.5107,MEDIUM
EVS00762,"7786 Seoul Ave, Seoul",AC Level 2,Greenlots,350,0.2,10.72,8,4.9,26,0,0.5107,MEDIUM
EVS04776,"9111 Berlin Ave, Berlin",AC Level 1,ChargePoint,50,0.26,10.62,8,4.7,22,0,0.5107,MEDIUM
EVS02876,"6326 São Paulo Ave, São Paulo",DC Fast Charger,ChargePoint,50,0.19,7.11,6,4.3,47,0,0.5106,MEDIUM
EVS04766,"7558 Bangkok Ave, Bangkok",AC Level 2,Greenlots,350,0.19,15.49,3,3.7,12,0,0.5106,MEDIUM
EVS01757,"9472 Mexico City Ave, Mexico City",DC Fast Charger,EVgo,22,0.13,5.2,8,4.2,77,1,0.5106,MEDIUM
EVS01862,"862 Toronto Ave, Toronto",DC Fast Charger,EVgo,150,0.2,10.73,6,4.2,97,1,0.5106,MEDIUM
EVS00490,"5128 Cape Town Ave, Cape Town",AC Level 1,Ionity,50,0.15,9.87,8,3.9,47,0,0.5106,MEDIUM
EVS03620,"6277 Sydney Ave, Sydney",AC Level 1,EVgo,350,0.1,17.2,10,3.6,65,1,0.5106,MEDIUM
EVS03561,"8624 Random Rd, City 213, Country",AC Level 2,Greenlots,150,0.39,19.06,1,4.2,69,1,0.5105,MEDIUM
EVS00641,"826 Random Rd, City 378, Country",AC Level 2,EVgo,150,0.14,4.19,9,4.8,22,0,0.5105,MEDIUM
EVS01030,"2667 Bangkok Ave, Bangkok",AC Level 2,Tesla,50,0.11,12.2,7,3.2,70,1,0.5105,MEDIUM
EVS00912,"216 Cape Town Ave, Cape Town",AC Level 1,Greenlots,50,0.21,12.64,4,3.6,87,1,0.5105,MEDIUM
EVS03428,"3961 São Paulo Ave, São Paulo",AC Level 2,Tesla,150,0.22,11.81,4,4.0,29,0,0.5105,MEDIUM
EVS00466,"2225 Moscow Ave, Moscow",AC Level 2,ChargePoint,50,0.34,9.98,2,4.7,75,1,0.5104,MEDIUM
EVS01950,"9677 San Francisco Ave, San Francisco",DC Fast Charger,Tesla,22,0.19,5.11,3,4.1,72,1,0.5104,MEDIUM
EVS03309,"3000 Moscow Ave, Moscow",AC Level 2,Ionity,150,0.22,7.92,2,4.2,37,0,0.5104,MEDIUM
EVS00201,"7820 Random Rd, City 148, Country",AC Level 1,Greenlots,150,0.38,19.15,7,4.8,19,0,0.5104,MEDIUM
EVS02511,"6020 Random Rd, City 250, Country",AC Level 1,Ionity,22,0.27,14.93,7,4.1,12,0,0.5104,MEDIUM
EVS02421,"5585 Random Rd, City 162, Country",AC Level 2,Ionity,350,0.19,8.97,2,4.3,65,1,0.5104,MEDIUM
EVS00979,"6451 Berlin Ave, Berlin",AC Level 1,Tesla,22,0.14,7.88,10,4.2,40,0,0.5104,MEDIUM
EVS04582,"1137 Mumbai Ave, Mumbai",AC Level 1,Tesla,350,0.39,17.72,1,4.8,75,1,0.5104,MEDIUM
EVS04413,"8937 Los Angeles Ave, Los Angeles",AC Level 2,Tesla,150,0.18,6.96,9,4.8,94,1,0.5104,MEDIUM
EVS01448,"1581 Chicago Ave, Chicago",DC Fast Charger,ChargePoint,22,0.36,8.99,2,4.9,63,1,0.5103,MEDIUM
EVS02098,"4342 Toronto Ave, Toronto",DC Fast Charger,Ionity,150,0.2,14.46,8,4.0,78,1,0.5103,MEDIUM
EVS03654,"9547 San Francisco Ave, San Francisco",AC Level 2,Ionity,350,0.12,1.42,3,4.7,54,0,0.5103,MEDIUM
EVS01207,"3096 San Francisco Ave, San Francisco",AC Level 2,EVgo,150,0.18,9.6,9,4.5,44,0,0.5103,MEDIUM
EVS01798,"4003 Toronto Ave, Toronto",AC Level 1,Ionity,22,0.14,9.04,6,3.6,56,0,0.5103,MEDIUM
EVS01948,"4948 Mexico City Ave, Mexico City",AC Level 2,EVgo,22,0.11,6.29,8,3.9,89,1,0.5103,MEDIUM
EVS02373,"4315 Bangkok Ave, Bangkok",DC Fast Charger,Ionity,150,0.2,15.63,4,3.4,32,0,0.5102,MEDIUM
EVS01933,"4539 São Paulo Ave, São Paulo",AC Level 1,EVgo,150,0.18,12.27,3,3.5,74,1,0.5102,MEDIUM
EVS01088,"9216 Mumbai Ave, Mumbai",DC Fast Charger,ChargePoint,150,0.38,18.77,5,4.6,69,1,0.5102,MEDIUM
EVS02191,"9941 Random Rd, City 439, Country",AC Level 2,Ionity,350,0.1,2.16,6,4.8,96,1,0.5102,MEDIUM
EVS02890,"3565 Moscow Ave, Moscow",DC Fast Charger,ChargePoint,350,0.18,12.31,6,4.3,19,0,0.5102,MEDIUM
EVS04172,"8644 Bangkok Ave, Bangkok",AC Level 2,ChargePoint,150,0.15,5.76,10,4.8,37,0,0.5101,MEDIUM
EVS03308,"8835 Cape Town Ave, Cape Town",DC Fast Charger,Tesla,350,0.16,7.6,8,4.9,30,0,0.5101,MEDIUM
EVS02867,"124 Bangkok Ave, Bangkok",AC Level 1,Ionity,350,0.16,14.58,1,3.3,86,1,0.5101,MEDIUM
EVS03386,"8530 Seoul Ave, Seoul",DC Fast Charger,ChargePoint,50,0.2,4.71,5,4.5,92,1,0.51,MEDIUM
EVS04283,"8835 Cape Town Ave, Cape Town",DC Fast Charger,ChargePoint,150,0.19,10.36,4,3.9,19,0,0.51,MEDIUM
EVS00760,"886 Toronto Ave, Toronto",AC Level 1,Tesla,22,0.33,17.85,5,4.0,11,0,0.51,MEDIUM
EVS04639,"5238 Moscow Ave, Moscow",AC Level 2,ChargePoint,22,0.33,13.66,7,4.7,59,1,0.51,MEDIUM
EVS02819,"3218 Sydney Ave, Sydney",AC Level 2,Tesla,22,0.35,18.07,3,3.9,92,1,0.51,MEDIUM
EVS03679,"3579 Bangkok Ave, Bangkok",AC Level 2,Greenlots,22,0.19,11.13,3,3.4,86,1,0.51,MEDIUM
EVS03482,"8918 Los Angeles Ave, Los Angeles",DC Fast Charger,EVgo,22,0.34,15.71,4,4.2,93,1,0.51,MEDIUM
EVS02046,"5443 Los Angeles Ave, Los Angeles",AC Level 1,Greenlots,350,0.24,16.05,3,4.0,81,1,0.51,MEDIUM
EVS02206,"9438 São Paulo Ave, São Paulo",AC Level 1,EVgo,150,0.15,5.22,7,4.5,12,0,0.5099,MEDIUM
EVS00770,"468 Beijing Ave, Beijing",AC Level 2,EVgo,22,0.27,8.61,8,4.9,59,1,0.5099,MEDIUM
EVS04616,"9301 Sydney Ave, Sydney",AC Level 1,Greenlots,150,0.31,7.85,2,4.9,73,1,0.5099,MEDIUM
EVS00886,"7699 San Francisco Ave, San Francisco",AC Level 1,Tesla,50,0.18,5.27,7,4.5,24,0,0.5099,MEDIUM
EVS03908,"6555 Sydney Ave, Sydney",DC Fast Charger,Tesla,150,0.3,19.87,10,4.4,65,1,0.5098,MEDIUM
EVS02384,"7302 Moscow Ave, Moscow",DC Fast Charger,ChargePoint,150,0.42,18.62,4,4.8,48,0,0.5098,MEDIUM
EVS03699,"3294 Moscow Ave, Moscow",AC Level 2,EVgo,150,0.24,18.43,5,3.5,78,1,0.5098,MEDIUM
EVS01290,"2410 Bangkok Ave, Bangkok",AC Level 1,EVgo,350,0.15,14.62,7,3.9,99,1,0.5098,MEDIUM
EVS04681,"6360 Random Rd, City 194, Country",AC Level 2,EVgo,150,0.28,13.97,10,4.9,41,0,0.5098,MEDIUM
EVS00122,"170 Los Angeles Ave, Los Angeles",AC Level 2,Greenlots,50,0.29,18.6,2,3.3,57,1,0.5098,MEDIUM
EVS01735,"4140 Chicago Ave, Chicago",AC Level 2,Ionity,50,0.13,0.64,6,4.5,30,0,0.5098,MEDIUM
EVS02683,"6955 Mumbai Ave, Mumbai",AC Level 2,ChargePoint,50,0.24,15.92,2,3.2,51,0,0.5098,MEDIUM
EVS00904,"3846 São Paulo Ave, São Paulo",AC Level 2,Tesla,50,0.12,7.51,3,3.3,66,1,0.5098,MEDIUM
EVS01067,"1246 Berlin Ave, Berlin",AC Level 2,ChargePoint,22,0.12,7.36,6,3.6,29,0,0.5097,MEDIUM
EVS02365,"2302 Dubai Ave, Dubai",AC Level 2,ChargePoint,150,0.17,3.58,5,4.6,74,1,0.5097,MEDIUM
EVS04719,"8161 São Paulo Ave, São Paulo",AC Level 2,Greenlots,350,0.28,12.54,3,4.7,27,0,0.5097,MEDIUM
EVS00149,"2735 Mexico City Ave, Mexico City",AC Level 2,Tesla,50,0.26,10.3,9,4.8,75,1,0.5097,MEDIUM
EVS03840,"3224 Sydney Ave, Sydney",AC Level 2,EVgo,50,0.25,18.07,6,3.5,51,0,0.5097,MEDIUM
EVS02009,"7138 Bangkok Ave, Bangkok",DC Fast Charger,Greenlots,150,0.27,12.78,1,3.9,85,1,0.5097,MEDIUM
EVS02605,"9289 Beijing Ave, Beijing",AC Level 1,ChargePoint,350,0.12,8.53,5,4.1,17,0,0.5096,MEDIUM
EVS04857,"6365 Sydney Ave, Sydney",DC Fast Charger,Tesla,150,0.34,10.74,2,4.8,17,0,0.5096,MEDIUM
EVS02356,"7977 Berlin Ave, Berlin",AC Level 2,EVgo,50,0.23,14.21,8,4.0,45,0,0.5096,MEDIUM
EVS02267,"4743 São Paulo Ave, São Paulo",AC Level 2,Tesla,150,0.4,15.29,4,5.0,89,1,0.5096,MEDIUM
EVS03152,"2588 Cape Town Ave, Cape Town",DC Fast Charger,EVgo,150,0.23,5.25,6,5.0,35,0,0.5096,MEDIUM
EVS03430,"9884 São Paulo Ave, São Paulo",AC Level 1,Greenlots,50,0.24,6.0,2,4.3,67,1,0.5096,MEDIUM
EVS04809,"5966 Berlin Ave, Berlin",AC Level 1,Greenlots,22,0.25,14.01,1,3.3,78,1,0.5095,MEDIUM
EVS03416,"931 Mumbai Ave, Mumbai",DC Fast Charger,Greenlots,50,0.18,7.81,1,3.5,88,1,0.5095,MEDIUM
EVS02860,"6371 San Francisco Ave, San Francisco",AC Level 2,Tesla,150,0.1,1.59,8,4.6,84,1,0.5095,MEDIUM
EVS03186,"1424 Mexico City Ave, Mexico City",AC Level 1,ChargePoint,350,0.16,4.48,1,4.4,17,0,0.5095,MEDIUM
EVS00546,"8954 Bangkok Ave, Bangkok",AC Level 1,Ionity,22,0.26,12.43,10,4.6,71,1,0.5095,MEDIUM
EVS01989,"8479 Dubai Ave, Dubai",AC Level 2,Tesla,350,0.22,11.7,3,4.3,63,1,0.5094,MEDIUM
EVS04038,"4967 Cape Town Ave, Cape Town",AC Level 2,EVgo,150,0.36,16.08,5,4.7,62,1,0.5094,MEDIUM
EVS04455,"2898 San Francisco Ave, San Francisco",AC Level 1,EVgo,50,0.14,14.85,8,3.2,59,1,0.5094,MEDIUM
EVS03813,"1314 Beijing Ave, Beijing",AC Level 1,Tesla,350,0.17,8.13,3,4.3,13,0,0.5094,MEDIUM
EVS01907,"8176 Mumbai Ave, Mumbai",AC Level 2,Tesla,50,0.41,19.94,9,4.9,15,0,0.5094,MEDIUM
EVS02309,"3916 Cape Town Ave, Cape Town",AC Level 2,Tesla,50,0.19,17.79,10,3.5,80,1,0.5094,MEDIUM
EVS00789,"9303 Beijing Ave, Beijing",DC Fast Charger,EVgo,150,0.14,15.09,8,3.4,98,1,0.5094,MEDIUM
EVS04738,"5409 Cape Town Ave, Cape Town",AC Level 2,Greenlots,50,0.26,18.46,5,3.4,34,0,0.5093,MEDIUM
EVS04892,"2549 Berlin Ave, Berlin",AC Level 1,Tesla,150,0.16,4.45,5,4.4,26,0,0.5093,MEDIUM
EVS02938,"7963 Toronto Ave, Toronto",AC Level 1,ChargePoint,50,0.3,7.75,4,4.8,88,1,0.5093,MEDIUM
EVS04703,"4180 Seoul Ave, Seoul",AC Level 1,Tesla,22,0.3,12.49,10,4.9,66,1,0.5092,MEDIUM
EVS03687,"5857 Mumbai Ave, Mumbai",DC Fast Charger,EVgo,150,0.3,17.62,9,4.5,36,0,0.5092,MEDIUM
EVS00780,"6193 Seoul Ave, Seoul",DC Fast Charger,Greenlots,50,0.41,18.8,8,4.9,41,0,0.5092,MEDIUM
EVS00387,"9219 Dubai Ave, Dubai",AC Level 2,Tesla,50,0.26,14.48,9,4.3,28,0,0.5091,MEDIUM
EVS03591,"6206 Random Rd, City 182, Country",AC Level 1,Greenlots,22,0.2,14.09,9,3.8,18,0,0.5091,MEDIUM
EVS02616,"1983 Bangkok Ave, Bangkok",DC Fast Charger,Tesla,50,0.24,7.11,5,4.5,25,0,0.5091,MEDIUM
EVS03518,"1670 Moscow Ave, Moscow",AC Level 1,ChargePoint,350,0.11,9.49,6,4.0,82,1,0.5091,MEDIUM
EVS04872,"1000 Cape Town Ave, Cape Town",AC Level 2,Greenlots,50,0.26,15.21,2,3.4,20,0,0.5091,MEDIUM
EVS04978,"6700 Cape Town Ave, Cape Town",AC Level 1,Tesla,150,0.37,17.64,6,4.7,22,0,0.509,MEDIUM
EVS03838,"4559 Seoul Ave, Seoul",AC Level 1,Tesla,150,0.14,5.11,8,4.5,81,1,0.509,MEDIUM
EVS00183,"4051 São Paulo Ave, São Paulo",AC Level 1,EVgo,350,0.19,7.58,3,4.5,75,1,0.509,MEDIUM
EVS01024,"2279 Dubai Ave, Dubai",AC Level 2,Tesla,350,0.17,12.08,7,4.3,35,0,0.509,MEDIUM
EVS01171,"9313 Random Rd, City 235, Country",AC Level 2,Greenlots,150,0.13,12.12,6,3.4,86,1,0.509,MEDIUM
EVS01044,"2698 Moscow Ave, Moscow",AC Level 2,Tesla,50,0.28,19.4,9,3.9,25,0,0.509,MEDIUM
EVS04367,"6302 Dubai Ave, Dubai",DC Fast Charger,ChargePoint,150,0.18,2.27,6,4.9,49,0,0.5089,MEDIUM
EVS01100,"8508 Mexico City Ave, Mexico City",DC Fast Charger,ChargePoint,22,0.2,13.12,3,3.2,78,1,0.5089,MEDIUM
EVS00174,"4929 Berlin Ave, Berlin",AC Level 1,ChargePoint,22,0.32,7.39,3,4.8,45,0,0.5089,MEDIUM
EVS04088,"9516 Los Angeles Ave, Los Angeles",DC Fast Charger,Ionity,150,0.12,11.79,9,3.7,15,0,0.5089,MEDIUM
EVS01018,"4573 São Paulo Ave, São Paulo",AC Level 1,Ionity,150,0.37,12.66,3,4.9,45,0,0.5089,MEDIUM
EVS01835,"7241 Mexico City Ave, Mexico City",AC Level 2,Tesla,350,0.14,9.12,8,4.5,40,0,0.5088,MEDIUM
EVS01714,"6394 Mumbai Ave, Mumbai",AC Level 1,Ionity,22,0.19,10.43,2,3.3,83,1,0.5088,MEDIUM
EVS03876,"2936 Seoul Ave, Seoul",AC Level 1,EVgo,22,0.22,6.32,2,4.0,55,0,0.5088,MEDIUM
EVS04291,"933 Random Rd, City 434, Country",DC Fast Charger,Tesla,350,0.16,12.48,3,3.7,86,1,0.5088,MEDIUM
EVS00192,"950 Mexico City Ave, Mexico City",DC Fast Charger,EVgo,50,0.23,17.85,5,3.2,56,0,0.5088,MEDIUM
EVS04977,"2203 Dubai Ave, Dubai",AC Level 1,ChargePoint,50,0.33,8.48,2,4.7,48,0,0.5088,MEDIUM
EVS00474,"1744 Toronto Ave, Toronto",AC Level 2,Greenlots,22,0.14,9.66,9,3.8,100,1,0.5088,MEDIUM
EVS01582,"1757 Moscow Ave, Moscow",AC Level 1,Tesla,150,0.37,19.89,10,4.9,84,1,0.5088,MEDIUM
EVS00250,"8981 San Francisco Ave, San Francisco",DC Fast Charger,ChargePoint,50,0.33,19.44,10,4.4,31,0,0.5088,MEDIUM
EVS03136,"3910 Los Angeles Ave, Los Angeles",AC Level 1,Tesla,150,0.16,19.04,9,3.2,15,0,0.5088,MEDIUM
EVS02502,"7196 Cape Town Ave, Cape Town",AC Level 1,EVgo,22,0.26,19.22,10,3.8,82,1,0.5087,MEDIUM
EVS01562,"8860 Seoul Ave, Seoul",AC Level 2,Ionity,350,0.11,4.13,1,4.0,70,1,0.5087,MEDIUM
EVS00418,"4487 Los Angeles Ave, Los Angeles",AC Level 1,Greenlots,150,0.12,12.32,7,3.4,78,1,0.5087,MEDIUM
EVS02153,"3049 Bangkok Ave, Bangkok",AC Level 1,Tesla,22,0.16,6.59,9,4.3,37,0,0.5087,MEDIUM
EVS00010,"4339 Beijing Ave, Beijing",AC Level 2,Tesla,150,0.37,19.13,5,4.4,82,1,0.5087,MEDIUM
EVS00488,"8707 Cape Town Ave, Cape Town",AC Level 1,EVgo,350,0.1,7.39,10,4.6,84,1,0.5087,MEDIUM
EVS04394,"5630 Mumbai Ave, Mumbai",DC Fast Charger,Ionity,350,0.15,12.9,5,3.8,32,0,0.5087,MEDIUM
EVS02468,"272 Chicago Ave, Chicago",DC Fast Charger,Ionity,50,0.21,15.92,8,3.6,56,0,0.5087,MEDIUM
EVS01980,"5661 Berlin Ave, Berlin",AC Level 2,Greenlots,50,0.27,2.36,2,4.9,38,0,0.5087,MEDIUM
EVS02782,"5279 Mumbai Ave, Mumbai",AC Level 2,Ionity,150,0.26,8.3,3,4.5,55,0,0.5087,MEDIUM
EVS00936,"4084 Seoul Ave, Seoul",AC Level 2,ChargePoint,22,0.21,6.7,10,4.8,64,1,0.5087,MEDIUM
EVS03413,"3450 Berlin Ave, Berlin",DC Fast Charger,EVgo,150,0.15,10.56,5,3.6,87,1,0.5087,MEDIUM
EVS03578,"4287 Los Angeles Ave, Los Angeles",AC Level 2,Greenlots,22,0.25,19.35,10,3.7,29,0,0.5086,MEDIUM
EVS04400,"1119 San Francisco Ave, San Francisco",AC Level 1,Tesla,50,0.24,9.12,2,3.9,68,1,0.5086,MEDIUM
EVS02581,"7023 Random Rd, City 139, Country",AC Level 2,ChargePoint,50,0.14,5.25,6,4.0,54,0,0.5086,MEDIUM
EVS02544,"8177 Mexico City Ave, Mexico City",AC Level 1,ChargePoint,22,0.19,19.37,9,3.1,41,0,0.5086,MEDIUM
EVS03825,"7548 Berlin Ave, Berlin",AC Level 1,Ionity,22,0.15,1.36,3,4.1,51,0,0.5086,MEDIUM
EVS04793,"5769 Cape Town Ave, Cape Town",AC Level 2,EVgo,350,0.11,19.46,9,3.2,75,1,0.5085,MEDIUM
EVS00638,"1277 Mumbai Ave, Mumbai",AC Level 2,Tesla,22,0.13,2.73,4,3.9,12,0,0.5085,MEDIUM
EVS03959,"2250 San Francisco Ave, San Francisco",AC Level 1,Tesla,350,0.26,9.63,3,4.8,43,0,0.5085,MEDIUM
EVS00215,"6861 San Francisco Ave, San Francisco",DC Fast Charger,ChargePoint,22,0.22,12.98,6,3.7,30,0,0.5085,MEDIUM
EVS01763,"144 Mexico City Ave, Mexico City",AC Level 2,Greenlots,150,0.21,12.96,5,3.8,16,0,0.5085,MEDIUM
EVS02184,"4229 Dubai Ave, Dubai",DC Fast Charger,EVgo,50,0.31,6.28,4,5.0,96,1,0.5084,MEDIUM
EVS03587,"8212 Los Angeles Ave, Los Angeles",DC Fast Charger,Ionity,50,0.17,10.87,6,3.6,71,1,0.5084,MEDIUM
EVS02732,"7950 Beijing Ave, Beijing",AC Level 2,Greenlots,22,0.26,9.86,8,4.6,26,0,0.5084,MEDIUM
EVS00652,"9820 Los Angeles Ave, Los Angeles",AC Level 2,Ionity,50,0.16,7.02,9,4.3,31,0,0.5084,MEDIUM
EVS00141,"8709 Random Rd, City 424, Country",AC Level 1,Tesla,22,0.35,13.3,6,4.7,87,1,0.5084,MEDIUM
EVS01499,"2615 Mexico City Ave, Mexico City",AC Level 2,ChargePoint,150,0.2,10.44,5,4.0,98,1,0.5084,MEDIUM
EVS04648,"999 Los Angeles Ave, Los Angeles",AC Level 1,Tesla,22,0.28,16.32,6,3.8,95,1,0.5084,MEDIUM
EVS01708,"1853 Mumbai Ave, Mumbai",AC Level 2,ChargePoint,150,0.26,12.15,6,4.4,37,0,0.5083,MEDIUM
EVS02123,"9944 Chicago Ave, Chicago",DC Fast Charger,Greenlots,22,0.13,7.25,5,3.5,11,0,0.5083,MEDIUM
EVS00494,"5308 San Francisco Ave, San Francisco",DC Fast Charger,Tesla,350,0.31,15.34,6,4.9,65,1,0.5083,MEDIUM
EVS04338,"1113 Chicago Ave, Chicago",AC Level 2,Tesla,22,0.41,18.87,3,4.2,24,0,0.5083,MEDIUM
EVS03060,"2387 Dubai Ave, Dubai",AC Level 1,ChargePoint,150,0.19,16.21,7,3.5,14,0,0.5083,MEDIUM
EVS00311,"2931 Random Rd, City 265, Country",AC Level 1,ChargePoint,350,0.2,12.26,2,3.9,86,1,0.5083,MEDIUM
EVS02928,"42 Mexico City Ave, Mexico City",AC Level 2,Greenlots,22,0.36,12.02,5,4.8,81,1,0.5083,MEDIUM
EVS02798,"1935 São Paulo Ave, São Paulo",DC Fast Charger,EVgo,22,0.32,9.76,3,4.5,67,1,0.5083,MEDIUM
EVS03372,"9564 Los Angeles Ave, Los Angeles",DC Fast Charger,Greenlots,22,0.27,17.63,8,3.8,95,1,0.5083,MEDIUM
EVS01696,"4021 Moscow Ave, Moscow",AC Level 1,ChargePoint,22,0.34,8.64,4,4.9,91,1,0.5082,MEDIUM
EVS04962,"6086 São Paulo Ave, São Paulo",DC Fast Charger,Greenlots,150,0.15,10.81,2,3.2,92,1,0.5082,MEDIUM
EVS00504,"1640 Toronto Ave, Toronto",AC Level 2,Greenlots,350,0.1,10.29,7,3.9,86,1,0.5082,MEDIUM
EVS01409,"5702 Dubai Ave, Dubai",AC Level 2,Tesla,22,0.1,6.68,10,3.9,61,1,0.5082,MEDIUM
EVS00084,"6532 Moscow Ave, Moscow",AC Level 2,ChargePoint,150,0.28,13.67,1,3.8,82,1,0.5082,MEDIUM
EVS03515,"9674 Mumbai Ave, Mumbai",DC Fast Charger,Tesla,150,0.13,9.81,5,3.5,96,1,0.5082,MEDIUM
EVS02151,"5984 Random Rd, City 167, Country",DC Fast Charger,Greenlots,50,0.15,16.9,9,3.1,37,0,0.5082,MEDIUM
EVS03303,"1437 Chicago Ave, Chicago",DC Fast Charger,Greenlots,22,0.31,15.69,6,4.1,94,1,0.5082,MEDIUM
EVS03015,"5856 Los Angeles Ave, Los Angeles",AC Level 2,ChargePoint,50,0.1,3.52,9,4.2,78,1,0.5082,MEDIUM
EVS00031,"8491 Random Rd, City 59, Country",AC Level 2,Tesla,22,0.17,9.13,5,3.6,36,0,0.5082,MEDIUM
EVS00941,"9185 Random Rd, City 377, Country",DC Fast Charger,Greenlots,50,0.16,4.82,7,4.3,10,0,0.5082,MEDIUM
EVS02812,"4171 Dubai Ave, Dubai",AC Level 1,Ionity,22,0.24,11.58,6,4.0,58,1,0.5082,MEDIUM
EVS03759,"1146 San Francisco Ave, San Francisco",AC Level 1,ChargePoint,50,0.15,7.67,7,3.9,64,1,0.5082,MEDIUM
EVS00643,"9288 Mexico City Ave, Mexico City",AC Level 1,Greenlots,350,0.21,10.97,1,4.0,27,0,0.5081,MEDIUM
EVS01975,"9106 Seoul Ave, Seoul",AC Level 2,Ionity,22,0.31,16.24,10,4.5,53,0,0.5081,MEDIUM
EVS04606,"6652 Sydney Ave, Sydney",AC Level 2,Tesla,350,0.13,13.72,4,3.4,43,0,0.5081,MEDIUM
EVS03412,"4840 São Paulo Ave, São Paulo",DC Fast Charger,Tesla,50,0.25,14.33,4,3.6,36,0,0.5081,MEDIUM
EVS03700,"6872 Cape Town Ave, Cape Town",AC Level 1,Greenlots,350,0.13,9.39,5,4.0,18,0,0.5081,MEDIUM
EVS01176,"9562 San Francisco Ave, San Francisco",AC Level 1,Greenlots,50,0.22,8.45,9,4.6,48,0,0.5081,MEDIUM
EVS03895,"418 Mexico City Ave, Mexico City",AC Level 2,Tesla,50,0.29,14.94,1,3.5,83,1,0.5081,MEDIUM
EVS04980,"5810 Los Angeles Ave, Los Angeles",AC Level 2,Ionity,50,0.16,6.98,10,4.4,100,1,0.508,MEDIUM
EVS00163,"9567 Moscow Ave, Moscow",DC Fast Charger,Tesla,350,0.29,18.4,1,3.8,17,0,0.508,MEDIUM
EVS00944,"6599 Sydney Ave, Sydney",AC Level 2,Ionity,350,0.26,10.16,2,4.6,61,1,0.508,MEDIUM
EVS03335,"3869 Cape Town Ave, Cape Town",DC Fast Charger,ChargePoint,22,0.13,10.67,5,3.1,71,1,0.508,MEDIUM
EVS04604,"8199 San Francisco Ave, San Francisco",AC Level 2,Greenlots,50,0.4,17.52,8,4.9,11,0,0.508,MEDIUM
EVS04646,"7493 Moscow Ave, Moscow",AC Level 2,EVgo,350,0.22,13.37,7,4.5,75,1,0.508,MEDIUM
EVS04479,"9018 Dubai Ave, Dubai",AC Level 2,Tesla,50,0.21,14.7,2,3.0,54,0,0.508,MEDIUM
EVS04790,"1804 Dubai Ave, Dubai",DC Fast Charger,Greenlots,150,0.11,5.43,10,4.4,85,1,0.508,MEDIUM
EVS02947,"6055 Dubai Ave, Dubai",AC Level 2,Ionity,50,0.22,14.04,5,3.5,66,1,0.5079,MEDIUM
EVS01183,"5202 Moscow Ave, Moscow",AC Level 2,Greenlots,150,0.25,9.87,9,4.9,51,0,0.5079,MEDIUM
EVS04241,"9686 Random Rd, City 317, Country",DC Fast Charger,EVgo,150,0.21,10.29,7,4.3,26,0,0.5079,MEDIUM
EVS00549,"8868 Chicago Ave, Chicago",AC Level 2,Tesla,50,0.29,18.69,9,4.0,34,0,0.5079,MEDIUM
EVS02058,"1954 Chicago Ave, Chicago",DC Fast Charger,Greenlots,50,0.17,1.06,8,4.9,47,0,0.5078,MEDIUM
EVS03969,"2925 Dubai Ave, Dubai",DC Fast Charger,Greenlots,150,0.19,16.84,7,3.4,68,1,0.5078,MEDIUM
EVS02252,"708 San Francisco Ave, San Francisco",AC Level 2,Ionity,350,0.32,18.45,6,4.6,69,1,0.5077,MEDIUM
EVS02841,"7960 Random Rd, City 400, Country",DC Fast Charger,EVgo,350,0.35,19.11,2,4.3,35,0,0.5077,MEDIUM
EVS01892,"9909 Bangkok Ave, Bangkok",DC Fast Charger,Greenlots,150,0.19,18.01,9,3.5,10,0,0.5077,MEDIUM
EVS03788,"7599 Sydney Ave, Sydney",AC Level 2,EVgo,50,0.14,6.89,2,3.3,55,0,0.5077,MEDIUM
EVS03829,"8407 Los Angeles Ave, Los Angeles",DC Fast Charger,ChargePoint,22,0.45,17.84,3,4.6,79,1,0.5077,MEDIUM
EVS03730,"9059 San Francisco Ave, San Francisco",DC Fast Charger,Tesla,50,0.24,5.67,6,4.7,95,1,0.5077,MEDIUM
EVS04533,"8074 Cape Town Ave, Cape Town",AC Level 1,ChargePoint,22,0.25,19.93,5,3.0,38,0,0.5076,MEDIUM
EVS00942,"7182 Seoul Ave, Seoul",AC Level 1,Tesla,50,0.28,9.86,3,4.2,61,1,0.5076,MEDIUM
EVS00980,"6253 San Francisco Ave, San Francisco",AC Level 1,Ionity,350,0.33,10.35,1,5.0,99,1,0.5076,MEDIUM
EVS01621,"9347 Random Rd, City 109, Country",AC Level 1,Tesla,350,0.22,8.59,6,4.9,72,1,0.5076,MEDIUM
EVS01972,"2618 Dubai Ave, Dubai",DC Fast Charger,EVgo,22,0.14,0.92,8,4.6,22,0,0.5076,MEDIUM
EVS04094,"4665 San Francisco Ave, San Francisco",DC Fast Charger,Ionity,22,0.22,14.2,5,3.4,29,0,0.5076,MEDIUM
EVS04339,"3917 Mexico City Ave, Mexico City",AC Level 1,ChargePoint,22,0.23,15.63,10,3.9,60,1,0.5076,MEDIUM
EVS00705,"7870 Los Angeles Ave, Los Angeles",AC Level 1,Greenlots,50,0.32,12.8,10,5.0,95,1,0.5076,MEDIUM
EVS01651,"1773 Random Rd, City 171, Country",DC Fast Charger,Greenlots,150,0.48,18.83,2,4.9,39,0,0.5076,MEDIUM
EVS04879,"1939 Cape Town Ave, Cape Town",AC Level 1,Greenlots,22,0.24,10.83,9,4.4,21,0,0.5075,MEDIUM
EVS03782,"4486 Berlin Ave, Berlin",AC Level 1,Tesla,150,0.21,1.37,2,4.7,24,0,0.5075,MEDIUM
EVS02906,"8533 Berlin Ave, Berlin",DC Fast Charger,ChargePoint,50,0.28,8.9,3,4.3,72,1,0.5075,MEDIUM
EVS00622,"1201 São Paulo Ave, São Paulo",AC Level 2,Tesla,50,0.42,15.43,4,4.8,18,0,0.5075,MEDIUM
EVS01444,"3429 San Francisco Ave, San Francisco",DC Fast Charger,EVgo,22,0.31,8.36,1,4.3,64,1,0.5074,MEDIUM
EVS00188,"662 Toronto Ave, Toronto",DC Fast Charger,Greenlots,22,0.35,18.49,2,3.6,15,0,0.5074,MEDIUM
EVS03487,"5748 Berlin Ave, Berlin",DC Fast Charger,Tesla,22,0.24,10.05,4,3.9,19,0,0.5074,MEDIUM
EVS01783,"3444 Bangkok Ave, Bangkok",AC Level 2,Tesla,50,0.19,6.15,10,4.7,96,1,0.5074,MEDIUM
EVS04176,"8833 Los Angeles Ave, Los Angeles",AC Level 1,Greenlots,50,0.16,13.53,8,3.4,38,0,0.5074,MEDIUM
EVS02414,"6482 Beijing Ave, Beijing",DC Fast Charger,Ionity,150,0.3,15.88,9,4.6,43,0,0.5074,MEDIUM
EVS00968,"8580 Los Angeles Ave, Los Angeles",AC Level 2,Tesla,22,0.25,9.68,9,4.6,87,1,0.5074,MEDIUM
EVS01102,"9099 Mumbai Ave, Mumbai",DC Fast Charger,EVgo,350,0.16,6.13,7,4.8,70,1,0.5074,MEDIUM
EVS01615,"9517 Toronto Ave, Toronto",AC Level 1,ChargePoint,350,0.19,9.6,4,4.3,77,1,0.5074,MEDIUM
EVS02976,"4958 Sydney Ave, Sydney",AC Level 2,EVgo,350,0.24,18.35,9,4.3,34,0,0.5074,MEDIUM
EVS02597,"5235 Beijing Ave, Beijing",DC Fast Charger,Ionity,150,0.33,19.62,8,4.3,55,0,0.5073,MEDIUM
EVS00785,"4042 Moscow Ave, Moscow",AC Level 2,EVgo,350,0.19,5.25,5,4.9,57,1,0.5073,MEDIUM
EVS03917,"1625 Cape Town Ave, Cape Town",AC Level 1,Ionity,22,0.23,14.44,9,3.9,84,1,0.5073,MEDIUM
EVS04596,"7391 Sydney Ave, Sydney",AC Level 2,ChargePoint,22,0.19,3.55,9,4.8,75,1,0.5072,MEDIUM
EVS01995,"8884 Cape Town Ave, Cape Town",DC Fast Charger,EVgo,22,0.38,18.14,4,4.1,87,1,0.5072,MEDIUM
EVS04881,"3057 Random Rd, City 232, Country",AC Level 1,Greenlots,150,0.23,8.29,4,4.3,25,0,0.5072,MEDIUM
EVS01640,"5644 São Paulo Ave, São Paulo",DC Fast Charger,Greenlots,22,0.28,10.26,5,4.3,96,1,0.5072,MEDIUM
EVS01718,"4267 Chicago Ave, Chicago",AC Level 2,Tesla,50,0.27,7.59,6,4.7,68,1,0.5072,MEDIUM
EVS00525,"6598 Bangkok Ave, Bangkok",AC Level 1,ChargePoint,150,0.39,19.51,9,4.9,100,1,0.5072,MEDIUM
EVS00079,"3381 Mumbai Ave, Mumbai",DC Fast Charger,ChargePoint,350,0.27,10.44,2,4.6,75,1,0.5071,MEDIUM
EVS00234,"9279 Cape Town Ave, Cape Town",AC Level 2,Ionity,50,0.29,6.75,3,4.6,98,1,0.5071,MEDIUM
EVS00843,"4495 Seoul Ave, Seoul",DC Fast Charger,Ionity,50,0.18,13.16,9,3.7,75,1,0.5071,MEDIUM
EVS03360,"6050 Mexico City Ave, Mexico City",AC Level 2,Ionity,50,0.23,9.44,8,4.4,78,1,0.5071,MEDIUM
EVS03247,"1348 Moscow Ave, Moscow",AC Level 1,EVgo,150,0.3,12.32,4,4.4,48,0,0.5071,MEDIUM
EVS04056,"4149 Toronto Ave, Toronto",DC Fast Charger,Tesla,350,0.27,7.74,2,4.9,31,0,0.5071,MEDIUM
EVS00091,"9222 Random Rd, City 384, Country",AC Level 1,Ionity,150,0.19,11.59,10,4.3,98,1,0.5071,MEDIUM
EVS00160,"5969 Beijing Ave, Beijing",DC Fast Charger,Ionity,350,0.39,17.32,3,4.9,32,0,0.5071,MEDIUM
EVS00184,"4717 Mexico City Ave, Mexico City",DC Fast Charger,ChargePoint,150,0.27,16.86,1,3.3,12,0,0.507,MEDIUM
EVS01788,"1275 Berlin Ave, Berlin",AC Level 1,Tesla,150,0.16,11.97,3,3.2,27,0,0.507,MEDIUM
EVS01706,"2733 Mexico City Ave, Mexico City",AC Level 1,Ionity,150,0.27,15.05,1,3.5,21,0,0.507,MEDIUM
EVS02856,"5089 Berlin Ave, Berlin",AC Level 2,Ionity,50,0.22,14.89,8,3.7,41,0,0.5069,MEDIUM
EVS03967,"5910 Beijing Ave, Beijing",AC Level 1,ChargePoint,350,0.35,19.9,4,4.4,40,0,0.5069,MEDIUM
EVS04099,"68 Cape Town Ave, Cape Town",AC Level 1,EVgo,50,0.21,16.24,10,3.7,80,1,0.5069,MEDIUM
EVS00055,"4005 Seoul Ave, Seoul",AC Level 1,Tesla,150,0.13,9.16,5,3.5,19,0,0.5068,MEDIUM
EVS01564,"4854 Sydney Ave, Sydney",AC Level 1,Tesla,150,0.24,1.54,3,5.0,98,1,0.5068,MEDIUM
EVS03822,"1652 Mexico City Ave, Mexico City",AC Level 1,ChargePoint,150,0.24,9.42,2,4.0,85,1,0.5068,MEDIUM
EVS04812,"964 Los Angeles Ave, Los Angeles",DC Fast Charger,Greenlots,50,0.47,16.46,1,4.7,82,1,0.5068,MEDIUM
EVS02196,"687 Seoul Ave, Seoul",AC Level 1,EVgo,150,0.17,5.6,4,4.1,68,1,0.5068,MEDIUM
EVS00634,"2438 San Francisco Ave, San Francisco",DC Fast Charger,Tesla,22,0.29,11.21,8,4.6,67,1,0.5068,MEDIUM
EVS03910,"1371 Toronto Ave, Toronto",AC Level 1,Greenlots,350,0.3,19.99,5,4.1,35,0,0.5068,MEDIUM
EVS03816,"7609 Mumbai Ave, Mumbai",DC Fast Charger,Ionity,22,0.35,10.43,4,4.7,96,1,0.5068,MEDIUM
EVS03595,"3860 Cape Town Ave, Cape Town",AC Level 2,Tesla,22,0.4,19.78,7,4.4,26,0,0.5068,MEDIUM
EVS00261,"4938 Random Rd, City 479, Country",AC Level 2,EVgo,50,0.21,3.99,6,4.6,49,0,0.5068,MEDIUM
EVS03855,"568 San Francisco Ave, San Francisco",AC Level 1,Ionity,50,0.18,6.0,10,4.6,37,0,0.5067,MEDIUM
EVS00568,"3377 Mexico City Ave, Mexico City",AC Level 2,Ionity,22,0.26,14.56,3,3.4,45,0,0.5067,MEDIUM
EVS02411,"4756 Random Rd, City 352, Country",AC Level 2,EVgo,350,0.14,14.95,6,3.5,83,1,0.5067,MEDIUM
EVS02610,"2819 Bangkok Ave, Bangkok",AC Level 1,EVgo,350,0.41,17.69,3,5.0,97,1,0.5067,MEDIUM
EVS03537,"2090 Chicago Ave, Chicago",AC Level 1,Greenlots,50,0.38,16.24,1,4.0,60,1,0.5067,MEDIUM
EVS03198,"8962 Seoul Ave, Seoul",DC Fast Charger,Tesla,22,0.2,11.16,3,3.3,29,0,0.5067,MEDIUM
EVS00910,"7489 Moscow Ave, Moscow",AC Level 1,EVgo,22,0.38,15.34,5,4.5,67,1,0.5067,MEDIUM
EVS00247,"9612 Los Angeles Ave, Los Angeles",AC Level 1,EVgo,50,0.17,11.8,6,3.4,10,0,0.5067,MEDIUM
EVS02686,"5584 Los Angeles Ave, Los Angeles",AC Level 1,Tesla,50,0.35,13.02,6,4.7,89,1,0.5066,MEDIUM
EVS03912,"8735 Los Angeles Ave, Los Angeles",AC Level 2,ChargePoint,22,0.39,13.36,5,4.8,42,0,0.5066,MEDIUM
EVS04679,"9372 Dubai Ave, Dubai",DC Fast Charger,ChargePoint,350,0.21,7.11,4,4.7,32,0,0.5066,MEDIUM
EVS02407,"1457 Chicago Ave, Chicago",AC Level 1,EVgo,150,0.3,13.87,4,4.2,17,0,0.5066,MEDIUM
EVS04101,"6953 Random Rd, City 442, Country",AC Level 1,Tesla,350,0.23,18.91,8,4.0,74,1,0.5066,MEDIUM
EVS04135,"3954 São Paulo Ave, São Paulo",AC Level 1,Greenlots,50,0.28,9.04,7,4.7,47,0,0.5066,MEDIUM
EVS04834,"8251 Chicago Ave, Chicago",AC Level 2,Greenlots,150,0.28,12.89,1,3.8,17,0,0.5066,MEDIUM
EVS00391,"1766 Random Rd, City 244, Country",AC Level 2,ChargePoint,150,0.12,1.92,4,4.1,34,0,0.5066,MEDIUM
EVS04169,"8440 Chicago Ave, Chicago",AC Level 2,Tesla,150,0.15,11.63,7,3.6,59,1,0.5066,MEDIUM
EVS00807,"1486 Bangkok Ave, Bangkok",AC Level 1,ChargePoint,50,0.38,17.18,8,4.7,69,1,0.5065,MEDIUM
EVS02682,"7561 Sydney Ave, Sydney",DC Fast Charger,ChargePoint,150,0.35,11.3,5,5.0,54,0,0.5065,MEDIUM
EVS01172,"8322 Cape Town Ave, Cape Town",DC Fast Charger,Tesla,50,0.32,16.6,9,4.4,37,0,0.5065,MEDIUM
EVS03234,"7408 São Paulo Ave, São Paulo",DC Fast Charger,Greenlots,350,0.13,3.13,4,4.5,37,0,0.5065,MEDIUM
EVS02813,"2750 São Paulo Ave, São Paulo",DC Fast Charger,EVgo,22,0.24,13.91,3,3.3,55,0,0.5065,MEDIUM
EVS04664,"2908 Beijing Ave, Beijing",DC Fast Charger,ChargePoint,22,0.33,14.95,9,4.6,87,1,0.5065,MEDIUM
EVS01533,"7072 Mumbai Ave, Mumbai",AC Level 2,EVgo,50,0.19,9.88,2,3.3,75,1,0.5065,MEDIUM
EVS02753,"8998 Moscow Ave, Moscow",DC Fast Charger,Greenlots,150,0.33,8.52,2,4.8,98,1,0.5065,MEDIUM
EVS02440,"9767 Toronto Ave, Toronto",AC Level 1,Ionity,150,0.23,10.44,9,4.6,23,0,0.5065,MEDIUM
EVS01213,"111 Mumbai Ave, Mumbai",DC Fast Charger,Ionity,22,0.19,2.91,1,3.9,44,0,0.5065,MEDIUM
EVS00535,"219 Beijing Ave, Beijing",AC Level 1,EVgo,150,0.37,19.39,2,3.9,29,0,0.5065,MEDIUM
EVS00352,"9625 Sydney Ave, Sydney",DC Fast Charger,Ionity,22,0.35,13.41,1,4.0,63,1,0.5065,MEDIUM
EVS03150,"5619 Bangkok Ave, Bangkok",AC Level 1,Tesla,22,0.31,10.85,3,4.2,77,1,0.5065,MEDIUM
EVS01077,"2049 Seoul Ave, Seoul",AC Level 2,Greenlots,150,0.22,16.99,10,3.9,66,1,0.5064,MEDIUM
EVS04199,"1611 São Paulo Ave, São Paulo",DC Fast Charger,Ionity,22,0.47,13.9,1,4.9,54,0,0.5064,MEDIUM
EVS01694,"1395 Dubai Ave, Dubai",AC Level 1,Ionity,150,0.1,9.33,4,3.1,86,1,0.5064,MEDIUM
EVS04995,"6142 São Paulo Ave, São Paulo",AC Level 1,Ionity,50,0.24,16.65,6,3.4,46,0,0.5064,MEDIUM
EVS03834,"1912 Bangkok Ave, Bangkok",DC Fast Charger,ChargePoint,350,0.35,16.65,2,4.5,38,0,0.5063,MEDIUM
EVS03141,"6572 Random Rd, City 496, Country",AC Level 1,Ionity,22,0.19,10.55,5,3.5,55,0,0.5063,MEDIUM
EVS04364,"4448 Dubai Ave, Dubai",AC Level 2,Greenlots,150,0.4,19.35,6,4.6,61,1,0.5063,MEDIUM
EVS00584,"9888 Dubai Ave, Dubai",DC Fast Charger,Tesla,50,0.13,3.7,8,4.2,29,0,0.5063,MEDIUM
EVS01485,"522 Los Angeles Ave, Los Angeles",AC Level 2,Tesla,50,0.29,18.83,3,3.2,93,1,0.5063,MEDIUM
EVS03170,"8758 São Paulo Ave, São Paulo",AC Level 1,EVgo,50,0.17,2.24,3,4.1,94,1,0.5062,MEDIUM
EVS04228,"9537 Mumbai Ave, Mumbai",AC Level 2,Greenlots,350,0.21,13.91,3,3.8,100,1,0.5062,MEDIUM
EVS04913,"9685 Los Angeles Ave, Los Angeles",AC Level 2,Ionity,50,0.26,14.87,9,4.1,11,0,0.5062,MEDIUM
EVS00231,"9516 Random Rd, City 95, Country",AC Level 2,Greenlots,22,0.19,2.77,7,4.6,60,1,0.5062,MEDIUM
EVS03980,"7368 Chicago Ave, Chicago",DC Fast Charger,Greenlots,22,0.25,14.18,7,3.8,95,1,0.5062,MEDIUM
EVS04733,"6211 Toronto Ave, Toronto",AC Level 1,ChargePoint,50,0.15,16.84,9,3.0,54,0,0.5062,MEDIUM
EVS01425,"8361 Seoul Ave, Seoul",AC Level 2,ChargePoint,350,0.15,3.98,1,4.2,17,0,0.5062,MEDIUM
EVS04861,"5722 Random Rd, City 375, Country",AC Level 2,EVgo,50,0.22,5.89,10,4.9,54,0,0.5062,MEDIUM
EVS02643,"6832 Mexico City Ave, Mexico City",DC Fast Charger,Tesla,22,0.12,12.17,8,3.1,59,1,0.5061,MEDIUM
EVS03219,"2494 Seoul Ave, Seoul",AC Level 2,Tesla,22,0.49,19.8,2,4.5,82,1,0.5061,MEDIUM
EVS01332,"918 Sydney Ave, Sydney",AC Level 1,Tesla,350,0.14,6.93,2,3.9,93,1,0.5061,MEDIUM
EVS00217,"9968 Seoul Ave, Seoul",DC Fast Charger,EVgo,22,0.27,15.99,4,3.4,94,1,0.5061,MEDIUM
EVS01093,"26 Cape Town Ave, Cape Town",AC Level 2,Ionity,50,0.18,7.16,8,4.2,92,1,0.5061,MEDIUM
EVS03672,"2243 Berlin Ave, Berlin",AC Level 2,Greenlots,50,0.27,6.45,2,4.3,23,0,0.506,MEDIUM
EVS03137,"2934 Mexico City Ave, Mexico City",AC Level 1,Ionity,150,0.26,17.57,8,3.9,92,1,0.506,MEDIUM
EVS03233,"3264 Dubai Ave, Dubai",DC Fast Charger,EVgo,150,0.19,12.72,9,4.0,14,0,0.506,MEDIUM
EVS00595,"6530 Cape Town Ave, Cape Town",AC Level 2,EVgo,50,0.31,16.24,7,4.1,23,0,0.506,MEDIUM
EVS03986,"9092 Bangkok Ave, Bangkok",DC Fast Charger,EVgo,50,0.29,5.91,1,4.4,53,0,0.506,MEDIUM
EVS00157,"4259 Sydney Ave, Sydney",AC Level 2,Tesla,22,0.22,4.19,9,4.9,18,0,0.506,MEDIUM
EVS03686,"7839 Mexico City Ave, Mexico City",AC Level 2,Tesla,350,0.17,2.0,3,4.8,17,0,0.5059,MEDIUM
EVS02111,"7074 Random Rd, City 94, Country",AC Level 2,Greenlots,350,0.34,11.14,1,4.9,78,1,0.5059,MEDIUM
EVS04158,"1915 Toronto Ave, Toronto",DC Fast Charger,Greenlots,150,0.21,10.84,5,3.9,75,1,0.5059,MEDIUM
EVS04407,"5927 San Francisco Ave, San Francisco",AC Level 1,ChargePoint,22,0.25,12.68,10,4.3,97,1,0.5059,MEDIUM
EVS03883,"9685 São Paulo Ave, São Paulo",DC Fast Charger,EVgo,350,0.21,14.47,8,4.3,92,1,0.5059,MEDIUM
EVS01214,"1402 Cape Town Ave, Cape Town",DC Fast Charger,ChargePoint,50,0.23,13.45,9,4.0,31,0,0.5059,MEDIUM
EVS01887,"7989 Mexico City Ave, Mexico City",AC Level 1,EVgo,350,0.19,8.59,2,4.1,20,0,0.5059,MEDIUM
EVS04666,"1254 Chicago Ave, Chicago",DC Fast Charger,Greenlots,22,0.25,11.46,8,4.2,62,1,0.5058,MEDIUM
EVS02982,"7498 Moscow Ave, Moscow",AC Level 2,EVgo,150,0.43,14.58,3,5.0,88,1,0.5058,MEDIUM
EVS03888,"6102 Sydney Ave, Sydney",AC Level 2,EVgo,22,0.42,19.24,9,4.8,63,1,0.5058,MEDIUM
EVS04661,"8976 Random Rd, City 436, Country",DC Fast Charger,Greenlots,22,0.12,9.17,7,3.3,48,0,0.5058,MEDIUM
EVS04522,"3137 Los Angeles Ave, Los Angeles",AC Level 1,ChargePoint,150,0.18,6.56,3,3.9,62,1,0.5058,MEDIUM
EVS02408,"5967 Mexico City Ave, Mexico City",AC Level 1,ChargePoint,150,0.17,3.31,4,4.3,43,0,0.5058,MEDIUM
EVS04237,"8460 Bangkok Ave, Bangkok",AC Level 1,EVgo,50,0.22,16.54,5,3.1,31,0,0.5057,MEDIUM
EVS00293,"3691 Mexico City Ave, Mexico City",DC Fast Charger,ChargePoint,150,0.41,16.52,2,4.5,50,0,0.5057,MEDIUM
EVS00276,"3671 Mexico City Ave, Mexico City",AC Level 1,Tesla,22,0.31,16.13,5,3.8,22,0,0.5057,MEDIUM
EVS00074,"493 Beijing Ave, Beijing",AC Level 1,Ionity,350,0.23,14.31,10,4.7,80,1,0.5057,MEDIUM
EVS00708,"988 Moscow Ave, Moscow",AC Level 2,Tesla,50,0.26,11.06,3,3.8,40,0,0.5057,MEDIUM
EVS02324,"228 San Francisco Ave, San Francisco",DC Fast Charger,ChargePoint,350,0.2,5.05,4,4.8,60,1,0.5057,MEDIUM
EVS04162,"7311 Bangkok Ave, Bangkok",AC Level 1,ChargePoint,22,0.39,8.75,1,4.8,14,0,0.5057,MEDIUM
EVS00166,"3107 Beijing Ave, Beijing",AC Level 1,Tesla,350,0.15,16.48,9,3.7,70,1,0.5057,MEDIUM
EVS03300,"4034 Dubai Ave, Dubai",DC Fast Charger,Greenlots,22,0.35,16.57,1,3.6,11,0,0.5056,MEDIUM
EVS03164,"6070 Beijing Ave, Beijing",DC Fast Charger,Greenlots,150,0.27,18.95,8,3.8,50,0,0.5056,MEDIUM
EVS00116,"8657 Chicago Ave, Chicago",AC Level 2,ChargePoint,50,0.3,1.96,1,4.9,57,1,0.5056,MEDIUM
EVS01460,"9834 Sydney Ave, Sydney",AC Level 1,Greenlots,50,0.25,16.51,9,3.8,64,1,0.5055,MEDIUM
EVS02874,"3446 Sydney Ave, Sydney",AC Level 2,Greenlots,350,0.18,7.58,1,4.0,44,0,0.5055,MEDIUM
EVS04279,"2968 Dubai Ave, Dubai",DC Fast Charger,ChargePoint,50,0.36,14.67,10,5.0,57,1,0.5055,MEDIUM
EVS02599,"4973 Moscow Ave, Moscow",AC Level 1,Greenlots,350,0.16,9.26,4,4.0,20,0,0.5055,MEDIUM
EVS04555,"5756 San Francisco Ave, San Francisco",AC Level 1,Greenlots,350,0.13,10.38,8,4.1,40,0,0.5055,MEDIUM
EVS04635,"1851 Berlin Ave, Berlin",AC Level 1,Tesla,22,0.37,16.15,7,4.5,23,0,0.5055,MEDIUM
EVS02039,"4608 San Francisco Ave, San Francisco",AC Level 2,EVgo,22,0.2,0.78,3,4.4,59,1,0.5055,MEDIUM
EVS02941,"4380 Random Rd, City 57, Country",AC Level 1,ChargePoint,350,0.13,8.01,4,3.9,100,1,0.5055,MEDIUM
EVS04580,"2066 Los Angeles Ave, Los Angeles",AC Level 1,Ionity,50,0.17,16.29,10,3.3,35,0,0.5055,MEDIUM
EVS00573,"6089 Mexico City Ave, Mexico City",AC Level 1,Ionity,350,0.1,14.33,7,3.3,90,1,0.5055,MEDIUM
EVS03733,"2581 Beijing Ave, Beijing",AC Level 2,Tesla,22,0.32,13.48,1,3.7,35,0,0.5055,MEDIUM
EVS03161,"7375 Random Rd, City 394, Country",AC Level 2,EVgo,350,0.25,12.66,8,4.8,99,1,0.5055,MEDIUM
EVS01819,"6709 Moscow Ave, Moscow",DC Fast Charger,EVgo,50,0.42,18.48,1,4.0,80,1,0.5054,MEDIUM
EVS03006,"3758 Berlin Ave, Berlin",DC Fast Charger,ChargePoint,50,0.44,16.48,2,4.5,20,0,0.5054,MEDIUM
EVS04276,"3305 Mumbai Ave, Mumbai",DC Fast Charger,Greenlots,50,0.3,3.97,3,4.9,11,0,0.5054,MEDIUM
EVS02678,"6459 Beijing Ave, Beijing",AC Level 1,Ionity,22,0.13,0.93,8,4.4,33,0,0.5054,MEDIUM
EVS02420,"292 Los Angeles Ave, Los Angeles",AC Level 2,ChargePoint,50,0.2,4.99,10,4.8,64,1,0.5054,MEDIUM
EVS03344,"2497 Seoul Ave, Seoul",AC Level 2,Greenlots,22,0.38,19.76,9,4.4,42,0,0.5054,MEDIUM
EVS02055,"1053 San Francisco Ave, San Francisco",AC Level 2,Tesla,22,0.19,5.48,4,3.9,52,0,0.5053,MEDIUM
EVS02863,"7774 Chicago Ave, Chicago",AC Level 1,Greenlots,150,0.43,16.28,4,4.9,88,1,0.5053,MEDIUM
EVS02776,"5820 Sydney Ave, Sydney",DC Fast Charger,ChargePoint,22,0.29,9.78,3,4.1,20,0,0.5053,MEDIUM
EVS01306,"1268 Mumbai Ave, Mumbai",AC Level 1,Ionity,350,0.11,4.25,7,4.5,90,1,0.5053,MEDIUM
EVS03069,"2113 Mumbai Ave, Mumbai",DC Fast Charger,Ionity,22,0.23,14.39,9,3.8,35,0,0.5053,MEDIUM
EVS00401,"9693 Random Rd, City 411, Country",DC Fast Charger,EVgo,50,0.1,11.19,10,3.3,36,0,0.5053,MEDIUM
EVS02473,"4505 Beijing Ave, Beijing",DC Fast Charger,ChargePoint,50,0.21,18.87,9,3.2,70,1,0.5052,MEDIUM
EVS03666,"4379 Chicago Ave, Chicago",AC Level 2,Greenlots,350,0.17,14.74,7,3.8,49,0,0.5052,MEDIUM
EVS01131,"7252 Random Rd, City 204, Country",AC Level 2,EVgo,350,0.22,13.98,8,4.4,49,0,0.5052,MEDIUM
EVS01846,"6727 Dubai Ave, Dubai",DC Fast Charger,ChargePoint,150,0.23,11.33,7,4.2,57,1,0.5052,MEDIUM
EVS03875,"2663 Los Angeles Ave, Los Angeles",AC Level 1,ChargePoint,150,0.1,7.71,9,3.8,88,1,0.5052,MEDIUM
EVS01646,"7783 Mumbai Ave, Mumbai",AC Level 2,EVgo,22,0.23,10.62,8,4.1,94,1,0.5052,MEDIUM
EVS01233,"5082 Bangkok Ave, Bangkok",DC Fast Charger,Ionity,22,0.17,4.56,8,4.3,12,0,0.5052,MEDIUM
EVS04523,"4666 Moscow Ave, Moscow",AC Level 1,ChargePoint,150,0.36,17.15,8,4.7,18,0,0.5052,MEDIUM
EVS03941,"3193 Random Rd, City 327, Country",AC Level 2,Tesla,350,0.3,18.16,4,4.1,69,1,0.5051,MEDIUM
EVS02323,"6604 São Paulo Ave, São Paulo",AC Level 1,ChargePoint,350,0.13,17.33,8,3.3,85,1,0.5051,MEDIUM
EVS00275,"4406 Los Angeles Ave, Los Angeles",AC Level 1,Greenlots,22,0.24,8.19,5,4.1,24,0,0.5051,MEDIUM
EVS04815,"3255 São Paulo Ave, São Paulo",DC Fast Charger,ChargePoint,350,0.18,8.85,5,4.3,18,0,0.5051,MEDIUM
EVS04837,"3456 Mumbai Ave, Mumbai",DC Fast Charger,Ionity,150,0.24,15.99,10,4.1,61,1,0.5051,MEDIUM
EVS00519,"3704 Toronto Ave, Toronto",DC Fast Charger,EVgo,22,0.41,18.05,8,4.7,15,0,0.5051,MEDIUM
EVS03655,"7066 Toronto Ave, Toronto",DC Fast Charger,Greenlots,150,0.39,19.69,5,4.3,91,1,0.5051,MEDIUM
EVS02690,"2027 Seoul Ave, Seoul",AC Level 1,EVgo,50,0.36,7.78,1,4.7,40,0,0.5051,MEDIUM
EVS03636,"177 Dubai Ave, Dubai",AC Level 1,ChargePoint,350,0.31,16.88,9,4.9,92,1,0.505,MEDIUM
EVS01760,"7324 Mexico City Ave, Mexico City",DC Fast Charger,ChargePoint,22,0.45,15.69,3,4.7,60,1,0.505,MEDIUM
EVS02088,"4997 San Francisco Ave, San Francisco",DC Fast Charger,EVgo,50,0.36,19.05,5,3.9,62,1,0.505,MEDIUM
EVS04706,"9044 Moscow Ave, Moscow",AC Level 2,Greenlots,22,0.23,6.53,5,4.2,57,1,0.505,MEDIUM
EVS01519,"4471 Toronto Ave, Toronto",AC Level 1,Greenlots,50,0.37,18.86,5,4.0,41,0,0.505,MEDIUM
EVS01900,"7436 Beijing Ave, Beijing",AC Level 2,EVgo,50,0.34,17.87,7,4.1,81,1,0.5049,MEDIUM
EVS01411,"6613 Random Rd, City 166, Country",AC Level 1,Ionity,150,0.35,17.97,1,3.7,98,1,0.5049,MEDIUM
EVS01133,"5182 Dubai Ave, Dubai",AC Level 1,EVgo,150,0.26,15.27,2,3.4,85,1,0.5049,MEDIUM
EVS01194,"6688 Mexico City Ave, Mexico City",DC Fast Charger,Ionity,22,0.31,8.0,7,4.9,87,1,0.5049,MEDIUM
EVS02670,"924 Beijing Ave, Beijing",DC Fast Charger,EVgo,150,0.22,13.27,8,4.0,17,0,0.5049,MEDIUM
EVS04191,"3111 Random Rd, City 30, Country",AC Level 1,Ionity,22,0.24,8.06,5,4.1,66,1,0.5048,MEDIUM
EVS04716,"2300 Dubai Ave, Dubai",AC Level 2,EVgo,50,0.12,10.45,9,3.4,60,1,0.5048,MEDIUM
EVS04064,"2676 Seoul Ave, Seoul",DC Fast Charger,ChargePoint,350,0.18,14.5,2,3.3,41,0,0.5048,MEDIUM
EVS04168,"2098 São Paulo Ave, São Paulo",AC Level 1,Greenlots,50,0.32,12.95,8,4.6,75,1,0.5048,MEDIUM
EVS03031,"6326 Random Rd, City 478, Country",DC Fast Charger,Tesla,150,0.27,9.96,4,4.3,29,0,0.5048,MEDIUM
EVS02700,"4790 Beijing Ave, Beijing",AC Level 1,Ionity,22,0.24,4.89,8,4.8,66,1,0.5048,MEDIUM
EVS00315,"4936 Mumbai Ave, Mumbai",AC Level 2,Ionity,50,0.19,10.08,3,3.3,36,0,0.5047,MEDIUM
EVS00413,"7411 Berlin Ave, Berlin",DC Fast Charger,EVgo,50,0.2,15.23,9,3.5,25,0,0.5047,MEDIUM
EVS02242,"1528 Mexico City Ave, Mexico City",AC Level 2,Greenlots,150,0.28,5.01,2,4.7,92,1,0.5047,MEDIUM
EVS00444,"3929 Cape Town Ave, Cape Town",AC Level 2,Tesla,50,0.16,10.01,5,3.3,15,0,0.5047,MEDIUM
EVS04262,"4684 Cape Town Ave, Cape Town",DC Fast Charger,EVgo,22,0.28,10.55,3,3.9,99,1,0.5047,MEDIUM
EVS03720,"7136 Mexico City Ave, Mexico City",DC Fast Charger,Tesla,50,0.28,10.97,2,3.8,43,0,0.5047,MEDIUM
EVS01162,"277 Los Angeles Ave, Los Angeles",AC Level 1,Ionity,50,0.46,17.69,3,4.6,83,1,0.5047,MEDIUM
EVS03906,"1273 São Paulo Ave, São Paulo",DC Fast Charger,Tesla,350,0.22,9.09,7,4.8,38,0,0.5046,MEDIUM
EVS04116,"996 Chicago Ave, Chicago",AC Level 1,ChargePoint,50,0.36,12.76,6,4.7,22,0,0.5046,MEDIUM
EVS01577,"3022 Bangkok Ave, Bangkok",AC Level 2,Ionity,22,0.25,17.12,8,3.5,32,0,0.5046,MEDIUM
EVS01382,"7014 Bangkok Ave, Bangkok",DC Fast Charger,EVgo,22,0.15,5.99,5,3.6,71,1,0.5046,MEDIUM
EVS03656,"4419 Chicago Ave, Chicago",AC Level 1,Greenlots,150,0.39,19.01,8,4.7,17,0,0.5046,MEDIUM
EVS00531,"1424 Random Rd, City 425, Country",DC Fast Charger,Greenlots,22,0.37,9.91,4,4.8,86,1,0.5046,MEDIUM
EVS04979,"5229 San Francisco Ave, San Francisco",DC Fast Charger,ChargePoint,22,0.25,18.29,10,3.6,84,1,0.5046,MEDIUM
EVS01903,"2396 Cape Town Ave, Cape Town",AC Level 1,Ionity,22,0.3,14.73,4,3.7,91,1,0.5046,MEDIUM
EVS00836,"9439 Cape Town Ave, Cape Town",AC Level 2,EVgo,350,0.27,14.85,4,4.2,67,1,0.5046,MEDIUM
EVS02905,"5790 Moscow Ave, Moscow",AC Level 1,EVgo,150,0.25,12.72,9,4.4,30,0,0.5045,MEDIUM
EVS01473,"1505 Toronto Ave, Toronto",DC Fast Charger,Ionity,50,0.29,8.32,4,4.4,49,0,0.5045,MEDIUM
EVS03267,"5740 Bangkok Ave, Bangkok",DC Fast Charger,Tesla,22,0.47,16.71,2,4.6,100,1,0.5045,MEDIUM
EVS01956,"2453 Berlin Ave, Berlin",AC Level 1,Tesla,50,0.13,1.8,7,4.2,47,0,0.5045,MEDIUM
EVS04217,"5930 Los Angeles Ave, Los Angeles",AC Level 2,Ionity,22,0.32,16.56,1,3.3,97,1,0.5045,MEDIUM
EVS01462,"3140 Beijing Ave, Beijing",DC Fast Charger,Greenlots,50,0.41,17.29,1,4.0,19,0,0.5044,MEDIUM
EVS02873,"7143 Mexico City Ave, Mexico City",AC Level 1,ChargePoint,50,0.39,19.56,2,3.7,45,0,0.5044,MEDIUM
EVS03866,"7812 Berlin Ave, Berlin",AC Level 1,ChargePoint,350,0.12,10.33,4,3.5,22,0,0.5044,MEDIUM
EVS02245,"8546 Bangkok Ave, Bangkok",DC Fast Charger,ChargePoint,22,0.26,8.94,9,4.6,23,0,0.5044,MEDIUM
EVS03765,"4475 Berlin Ave, Berlin",DC Fast Charger,Ionity,50,0.24,14.03,7,3.7,86,1,0.5043,MEDIUM
EVS02455,"4679 Mexico City Ave, Mexico City",DC Fast Charger,Ionity,50,0.37,10.81,1,4.4,59,1,0.5043,MEDIUM
EVS04022,"4783 Los Angeles Ave, Los Angeles",AC Level 2,Greenlots,22,0.15,1.38,5,4.1,78,1,0.5043,MEDIUM
EVS01493,"84 Bangkok Ave, Bangkok",DC Fast Charger,EVgo,150,0.24,3.58,1,4.4,33,0,0.5043,MEDIUM
EVS03101,"9767 Random Rd, City 139, Country",AC Level 2,Ionity,22,0.31,6.82,1,4.3,62,1,0.5042,MEDIUM
EVS04211,"4135 Random Rd, City 448, Country",AC Level 1,Ionity,350,0.23,13.92,6,4.2,55,0,0.5042,MEDIUM
EVS03527,"1174 Sydney Ave, Sydney",DC Fast Charger,Ionity,22,0.45,14.26,2,4.7,72,1,0.5042,MEDIUM
EVS04173,"3507 Bangkok Ave, Bangkok",AC Level 2,ChargePoint,150,0.19,14.25,7,3.5,47,0,0.5042,MEDIUM
EVS00520,"5632 Dubai Ave, Dubai",AC Level 2,Greenlots,350,0.19,19.24,7,3.4,59,1,0.5042,MEDIUM
EVS02040,"2166 Sydney Ave, Sydney",AC Level 1,Ionity,150,0.27,8.95,5,4.5,65,1,0.5042,MEDIUM
EVS02498,"7681 Mexico City Ave, Mexico City",AC Level 2,ChargePoint,22,0.1,5.63,10,3.8,42,0,0.5042,MEDIUM
EVS04313,"1654 Berlin Ave, Berlin",AC Level 1,Ionity,22,0.39,16.93,1,3.8,44,0,0.5041,MEDIUM
EVS02818,"36 Mumbai Ave, Mumbai",AC Level 2,Greenlots,150,0.23,11.12,3,3.7,52,0,0.5041,MEDIUM
EVS01773,"525 Seoul Ave, Seoul",AC Level 1,Tesla,50,0.37,18.15,3,3.8,74,1,0.5041,MEDIUM
EVS04452,"8562 Mexico City Ave, Mexico City",AC Level 1,Ionity,350,0.24,7.89,3,4.6,98,1,0.5041,MEDIUM
EVS01771,"5250 Random Rd, City 283, Country",DC Fast Charger,ChargePoint,22,0.29,4.73,3,4.6,58,1,0.5041,MEDIUM
EVS00617,"4076 Berlin Ave, Berlin",AC Level 2,EVgo,150,0.15,11.34,7,3.5,94,1,0.5041,MEDIUM
EVS01326,"9730 Sydney Ave, Sydney",AC Level 1,Greenlots,350,0.12,15.08,7,3.3,66,1,0.5041,MEDIUM
EVS02275,"8994 Cape Town Ave, Cape Town",DC Fast Charger,ChargePoint,350,0.25,19.28,9,4.1,42,0,0.5041,MEDIUM
EVS00005,"5704 Mumbai Ave, Mumbai",AC Level 2,EVgo,350,0.11,9.76,6,3.7,19,0,0.5041,MEDIUM
EVS02142,"6169 Los Angeles Ave, Los Angeles",DC Fast Charger,Ionity,22,0.16,6.16,3,3.4,66,1,0.5041,MEDIUM
EVS02243,"9672 Beijing Ave, Beijing",AC Level 2,Greenlots,350,0.38,12.19,1,5.0,71,1,0.504,MEDIUM
EVS04745,"1352 Beijing Ave, Beijing",DC Fast Charger,Greenlots,50,0.37,17.96,2,3.7,27,0,0.504,MEDIUM
EVS01826,"7658 Berlin Ave, Berlin",AC Level 2,EVgo,350,0.25,14.2,5,4.2,92,1,0.504,MEDIUM
EVS00664,"6138 Dubai Ave, Dubai",DC Fast Charger,Ionity,22,0.34,15.96,7,4.2,48,0,0.504,MEDIUM
EVS04887,"4501 Mexico City Ave, Mexico City",DC Fast Charger,Ionity,50,0.21,9.51,4,3.6,33,0,0.504,MEDIUM
EVS02428,"449 Dubai Ave, Dubai",DC Fast Charger,ChargePoint,150,0.24,10.11,10,4.7,55,0,0.504,MEDIUM
EVS03312,"1783 Dubai Ave, Dubai",AC Level 1,Ionity,22,0.33,15.1,6,4.1,50,0,0.504,MEDIUM
EVS01312,"3924 Beijing Ave, Beijing",AC Level 1,Ionity,150,0.25,6.5,5,4.6,34,0,0.5039,MEDIUM
EVS04105,"3331 Mexico City Ave, Mexico City",AC Level 1,EVgo,150,0.35,16.44,6,4.4,93,1,0.5039,MEDIUM
EVS01445,"754 Bangkok Ave, Bangkok",DC Fast Charger,Ionity,150,0.25,16.74,8,3.8,60,1,0.5039,MEDIUM
EVS00317,"672 Mumbai Ave, Mumbai",AC Level 1,Ionity,350,0.15,8.07,6,4.2,78,1,0.5039,MEDIUM
EVS03755,"3579 Mumbai Ave, Mumbai",AC Level 2,ChargePoint,50,0.49,16.93,4,5.0,88,1,0.5039,MEDIUM
EVS03999,"6325 Los Angeles Ave, Los Angeles",DC Fast Charger,ChargePoint,350,0.27,18.83,9,4.3,64,1,0.5039,MEDIUM
EVS04902,"1279 Seoul Ave, Seoul",DC Fast Charger,Ionity,22,0.26,12.9,1,3.2,70,1,0.5039,MEDIUM
EVS03580,"6838 Berlin Ave, Berlin",DC Fast Charger,EVgo,150,0.24,12.31,1,3.4,36,0,0.5039,MEDIUM
EVS00635,"8069 Beijing Ave, Beijing",AC Level 2,ChargePoint,150,0.32,17.98,7,4.1,28,0,0.5038,MEDIUM
EVS01273,"400 Mumbai Ave, Mumbai",DC Fast Charger,Greenlots,50,0.29,14.7,1,3.3,73,1,0.5038,MEDIUM
EVS01765,"8362 Chicago Ave, Chicago",AC Level 2,ChargePoint,150,0.3,5.86,1,4.6,81,1,0.5038,MEDIUM
EVS03168,"3287 Bangkok Ave, Bangkok",DC Fast Charger,Tesla,350,0.22,12.87,5,4.1,84,1,0.5038,MEDIUM
EVS00636,"8849 Seoul Ave, Seoul",AC Level 1,EVgo,50,0.38,18.43,1,3.6,18,0,0.5038,MEDIUM
EVS03258,"6392 Chicago Ave, Chicago",AC Level 1,Tesla,50,0.12,6.73,5,3.3,63,1,0.5038,MEDIUM
EVS03323,"8019 Moscow Ave, Moscow",AC Level 1,Tesla,50,0.41,12.82,3,4.7,43,0,0.5038,MEDIUM
EVS01277,"1344 Los Angeles Ave, Los Angeles",AC Level 2,Ionity,350,0.14,5.21,10,4.9,61,1,0.5038,MEDIUM
EVS03709,"4009 Chicago Ave, Chicago",DC Fast Charger,EVgo,22,0.25,13.77,6,3.6,71,1,0.5038,MEDIUM
EVS04627,"3840 Seoul Ave, Seoul",DC Fast Charger,Greenlots,22,0.32,13.08,10,4.7,91,1,0.5038,MEDIUM
EVS04820,"6921 Beijing Ave, Beijing",AC Level 2,Ionity,350,0.31,18.67,1,3.7,60,1,0.5038,MEDIUM
EVS01241,"2699 Random Rd, City 351, Country",AC Level 2,ChargePoint,350,0.27,17.74,2,3.6,33,0,0.5037,MEDIUM
EVS04142,"5577 Dubai Ave, Dubai",DC Fast Charger,Ionity,350,0.31,14.03,6,4.8,70,1,0.5037,MEDIUM
EVS01628,"2904 Los Angeles Ave, Los Angeles",DC Fast Charger,Ionity,50,0.16,2.23,10,4.7,59,1,0.5037,MEDIUM
EVS01758,"9133 São Paulo Ave, São Paulo",AC Level 1,Ionity,150,0.37,17.16,8,4.7,27,0,0.5037,MEDIUM
EVS03404,"8353 Mumbai Ave, Mumbai",AC Level 1,Greenlots,150,0.24,3.0,5,4.9,29,0,0.5037,MEDIUM
EVS03817,"185 Berlin Ave, Berlin",AC Level 2,ChargePoint,50,0.14,15.07,10,3.1,88,1,0.5037,MEDIUM
EVS02918,"4082 Berlin Ave, Berlin",AC Level 1,Tesla,50,0.39,18.77,5,4.1,34,0,0.5037,MEDIUM
EVS04532,"6057 Berlin Ave, Berlin",AC Level 2,Ionity,50,0.45,18.71,6,4.7,41,0,0.5037,MEDIUM
EVS03087,"3279 Bangkok Ave, Bangkok",AC Level 1,EVgo,50,0.17,7.36,10,4.2,19,0,0.5036,MEDIUM
EVS02764,"4603 Berlin Ave, Berlin",AC Level 1,Ionity,150,0.23,9.83,2,3.7,59,1,0.5036,MEDIUM
EVS00153,"1810 Cape Town Ave, Cape Town",AC Level 2,ChargePoint,150,0.33,7.88,1,4.6,90,1,0.5036,MEDIUM
EVS01932,"4209 Cape Town Ave, Cape Town",DC Fast Charger,Tesla,150,0.3,15.08,10,4.6,33,0,0.5036,MEDIUM
EVS02041,"1071 Random Rd, City 72, Country",AC Level 2,EVgo,22,0.37,18.78,7,4.1,32,0,0.5036,MEDIUM
EVS03455,"4125 Mexico City Ave, Mexico City",DC Fast Charger,Greenlots,150,0.28,19.59,8,3.7,10,0,0.5035,MEDIUM
EVS04420,"5914 Beijing Ave, Beijing",AC Level 1,ChargePoint,50,0.48,19.17,1,4.3,35,0,0.5035,MEDIUM
EVS00224,"2646 Dubai Ave, Dubai",DC Fast Charger,EVgo,22,0.33,10.57,1,4.0,63,1,0.5035,MEDIUM
EVS04150,"134 Seoul Ave, Seoul",AC Level 2,ChargePoint,50,0.38,14.24,4,4.4,87,1,0.5035,MEDIUM
EVS04605,"6467 Sydney Ave, Sydney",AC Level 2,Tesla,22,0.17,5.23,6,3.9,72,1,0.5035,MEDIUM
EVS00313,"3176 Berlin Ave, Berlin",AC Level 1,Ionity,350,0.11,2.92,4,4.2,69,1,0.5034,MEDIUM
EVS02881,"6449 Random Rd, City 485, Country",DC Fast Charger,Ionity,350,0.11,11.98,5,3.3,47,0,0.5034,MEDIUM
EVS03089,"7677 Mumbai Ave, Mumbai",DC Fast Charger,Tesla,22,0.34,7.08,3,4.7,74,1,0.5034,MEDIUM
EVS03630,"2757 Toronto Ave, Toronto",AC Level 1,Ionity,150,0.19,1.53,2,4.3,82,1,0.5034,MEDIUM
EVS00533,"6904 Toronto Ave, Toronto",AC Level 2,ChargePoint,50,0.25,17.86,7,3.3,66,1,0.5034,MEDIUM
EVS02431,"7320 Random Rd, City 139, Country",DC Fast Charger,Greenlots,22,0.11,6.27,6,3.3,42,0,0.5034,MEDIUM
EVS01009,"3202 Toronto Ave, Toronto",AC Level 2,Ionity,350,0.16,8.81,8,4.4,93,1,0.5034,MEDIUM
EVS02020,"2043 Los Angeles Ave, Los Angeles",AC Level 2,EVgo,50,0.16,10.09,10,3.8,44,0,0.5034,MEDIUM
EVS02277,"7891 Seoul Ave, Seoul",DC Fast Charger,Tesla,22,0.31,9.66,5,4.4,28,0,0.5034,MEDIUM
EVS00271,"1215 Random Rd, City 269, Country",AC Level 2,ChargePoint,50,0.16,6.52,4,3.5,94,1,0.5033,MEDIUM
EVS04426,"8207 Berlin Ave, Berlin",AC Level 2,EVgo,22,0.39,19.35,2,3.6,15,0,0.5033,MEDIUM
EVS03349,"8930 Bangkok Ave, Bangkok",AC Level 2,EVgo,350,0.22,11.41,9,4.7,20,0,0.5033,MEDIUM
EVS04187,"6180 Cape Town Ave, Cape Town",AC Level 2,Tesla,150,0.17,12.81,10,3.8,10,0,0.5033,MEDIUM
EVS03926,"9444 Moscow Ave, Moscow",AC Level 2,Tesla,150,0.17,2.85,9,4.8,91,1,0.5033,MEDIUM
EVS04956,"4192 Berlin Ave, Berlin",DC Fast Charger,EVgo,50,0.15,10.39,5,3.1,97,1,0.5033,MEDIUM
EVS02749,"1252 Chicago Ave, Chicago",DC Fast Charger,Tesla,50,0.23,6.42,6,4.3,53,0,0.5033,MEDIUM
EVS02328,"922 Beijing Ave, Beijing",AC Level 2,EVgo,350,0.22,10.21,7,4.6,87,1,0.5033,MEDIUM
EVS03597,"1650 Toronto Ave, Toronto",AC Level 1,Greenlots,150,0.25,14.03,10,4.3,35,0,0.5032,MEDIUM
EVS04005,"3059 Mumbai Ave, Mumbai",AC Level 1,Tesla,22,0.38,17.57,1,3.6,96,1,0.5032,MEDIUM
EVS04224,"806 Cape Town Ave, Cape Town",AC Level 1,Greenlots,22,0.17,1.85,2,3.8,72,1,0.5032,MEDIUM
EVS00655,"3530 Beijing Ave, Beijing",AC Level 2,ChargePoint,350,0.1,11.89,4,3.1,85,1,0.5032,MEDIUM
EVS02642,"5527 Beijing Ave, Beijing",AC Level 1,Tesla,150,0.42,19.73,3,4.2,53,0,0.5032,MEDIUM
EVS01254,"8448 Sydney Ave, Sydney",DC Fast Charger,EVgo,50,0.19,6.35,1,3.4,79,1,0.5031,MEDIUM
EVS02569,"1954 Los Angeles Ave, Los Angeles",DC Fast Charger,Tesla,150,0.28,13.74,6,4.1,54,0,0.5031,MEDIUM
EVS04961,"8506 Random Rd, City 11, Country",AC Level 2,Greenlots,22,0.28,10.07,5,4.1,99,1,0.5031,MEDIUM
EVS02618,"826 Bangkok Ave, Bangkok",AC Level 1,ChargePoint,22,0.46,15.61,4,4.8,23,0,0.5031,MEDIUM
EVS02261,"6114 Random Rd, City 183, Country",DC Fast Charger,Greenlots,350,0.14,14.98,6,3.3,15,0,0.5031,MEDIUM
EVS01014,"6001 San Francisco Ave, San Francisco",DC Fast Charger,EVgo,50,0.38,17.31,2,3.8,65,1,0.5031,MEDIUM
EVS00776,"9918 Mumbai Ave, Mumbai",AC Level 2,ChargePoint,150,0.24,13.82,8,4.0,19,0,0.503,MEDIUM
EVS04464,"4621 Moscow Ave, Moscow",AC Level 2,Greenlots,50,0.21,12.47,3,3.1,95,1,0.503,MEDIUM
EVS04623,"6800 Mexico City Ave, Mexico City",AC Level 2,Tesla,150,0.14,8.03,5,3.5,64,1,0.503,MEDIUM
EVS01117,"2611 Sydney Ave, Sydney",DC Fast Charger,Greenlots,22,0.44,19.32,9,4.8,87,1,0.503,MEDIUM
EVS02358,"4639 Beijing Ave, Beijing",DC Fast Charger,Tesla,50,0.3,7.99,8,4.9,46,0,0.503,MEDIUM
EVS00101,"7940 Random Rd, City 40, Country",DC Fast Charger,ChargePoint,50,0.12,3.06,1,3.2,22,0,0.503,MEDIUM
EVS02222,"8252 Beijing Ave, Beijing",AC Level 2,Greenlots,150,0.46,19.95,4,4.6,85,1,0.503,MEDIUM
EVS01456,"1954 Sydney Ave, Sydney",DC Fast Charger,Greenlots,350,0.12,3.08,8,4.7,74,1,0.5029,MEDIUM
EVS04434,"9696 Bangkok Ave, Bangkok",DC Fast Charger,Greenlots,150,0.29,18.8,6,3.6,64,1,0.5029,MEDIUM
EVS00150,"8002 San Francisco Ave, San Francisco",AC Level 2,EVgo,22,0.5,13.46,1,5.0,95,1,0.5029,MEDIUM
EVS01730,"3724 Seoul Ave, Seoul",AC Level 2,Tesla,150,0.21,17.85,8,3.3,58,1,0.5029,MEDIUM
EVS02702,"6727 Toronto Ave, Toronto",DC Fast Charger,Tesla,350,0.11,5.32,4,3.9,72,1,0.5029,MEDIUM
EVS02030,"5792 Mumbai Ave, Mumbai",AC Level 2,Greenlots,50,0.38,7.41,2,4.9,90,1,0.5029,MEDIUM
EVS03070,"3237 Beijing Ave, Beijing",AC Level 1,Ionity,22,0.28,10.25,7,4.3,17,0,0.5029,MEDIUM
EVS02992,"6412 Sydney Ave, Sydney",DC Fast Charger,Tesla,350,0.19,3.73,3,4.6,41,0,0.5029,MEDIUM
EVS03332,"6007 San Francisco Ave, San Francisco",AC Level 1,Tesla,22,0.16,7.36,3,3.2,64,1,0.5029,MEDIUM
EVS01583,"6037 Dubai Ave, Dubai",DC Fast Charger,ChargePoint,50,0.49,14.19,1,4.9,16,0,0.5028,MEDIUM
EVS03673,"8134 San Francisco Ave, San Francisco",AC Level 2,Greenlots,50,0.2,7.73,7,4.0,44,0,0.5027,MEDIUM
EVS04265,"6619 Sydney Ave, Sydney",AC Level 2,Ionity,22,0.23,19.39,9,3.1,99,1,0.5027,MEDIUM
EVS02571,"2692 Random Rd, City 415, Country",DC Fast Charger,Ionity,150,0.33,18.43,9,4.3,78,1,0.5027,MEDIUM
EVS01732,"5284 Mexico City Ave, Mexico City",DC Fast Charger,Tesla,50,0.32,15.54,2,3.5,53,0,0.5027,MEDIUM
EVS01071,"9724 Random Rd, City 190, Country",AC Level 2,ChargePoint,22,0.32,17.33,6,3.7,47,0,0.5027,MEDIUM
EVS01489,"7064 Mexico City Ave, Mexico City",AC Level 1,Tesla,22,0.25,8.92,7,4.2,61,1,0.5027,MEDIUM
EVS01369,"5292 Moscow Ave, Moscow",DC Fast Charger,Ionity,350,0.21,8.78,4,4.3,89,1,0.5027,MEDIUM
EVS02459,"599 Seoul Ave, Seoul",DC Fast Charger,EVgo,22,0.22,6.94,2,3.6,70,1,0.5027,MEDIUM
EVS00496,"6128 Mexico City Ave, Mexico City",AC Level 2,EVgo,50,0.35,8.14,4,4.8,32,0,0.5027,MEDIUM
EVS00658,"1142 Bangkok Ave, Bangkok",AC Level 2,Ionity,22,0.27,14.19,9,4.0,79,1,0.5027,MEDIUM
EVS02648,"5086 Los Angeles Ave, Los Angeles",AC Level 2,EVgo,50,0.38,13.84,4,4.4,30,0,0.5026,MEDIUM
EVS02201,"7638 Random Rd, City 212, Country",AC Level 2,EVgo,50,0.23,5.66,9,4.7,31,0,0.5026,MEDIUM
EVS00440,"1782 Moscow Ave, Moscow",AC Level 1,EVgo,22,0.27,15.98,3,3.1,76,1,0.5026,MEDIUM
EVS00364,"6293 Bangkok Ave, Bangkok",DC Fast Charger,Tesla,50,0.14,4.61,3,3.4,29,0,0.5026,MEDIUM
EVS00095,"2173 Bangkok Ave, Bangkok",AC Level 1,Greenlots,22,0.3,10.97,3,3.9,67,1,0.5026,MEDIUM
EVS03725,"4002 Seoul Ave, Seoul",AC Level 1,Greenlots,22,0.26,7.06,8,4.6,99,1,0.5026,MEDIUM
EVS04832,"8991 Seoul Ave, Seoul",DC Fast Charger,EVgo,150,0.3,14.48,3,3.8,37,0,0.5026,MEDIUM
EVS04550,"8120 Berlin Ave, Berlin",DC Fast Charger,Ionity,150,0.17,5.8,7,4.2,90,1,0.5026,MEDIUM
EVS01631,"2212 Random Rd, City 453, Country",AC Level 1,ChargePoint,22,0.34,17.36,9,4.2,60,1,0.5026,MEDIUM
EVS01877,"5749 Cape Town Ave, Cape Town",AC Level 1,EVgo,50,0.27,1.96,1,4.5,80,1,0.5026,MEDIUM
EVS04220,"5194 Mumbai Ave, Mumbai",DC Fast Charger,Tesla,350,0.2,7.11,4,4.4,36,0,0.5025,MEDIUM
EVS03517,"4561 Bangkok Ave, Bangkok",DC Fast Charger,EVgo,150,0.27,15.88,3,3.4,21,0,0.5025,MEDIUM
EVS01275,"6091 Mexico City Ave, Mexico City",AC Level 2,Greenlots,22,0.37,18.72,10,4.4,51,0,0.5025,MEDIUM
EVS01838,"9527 Mumbai Ave, Mumbai",AC Level 2,Tesla,350,0.32,16.98,7,4.6,100,1,0.5025,MEDIUM
EVS01726,"4187 Dubai Ave, Dubai",DC Fast Charger,Tesla,350,0.4,18.67,4,4.7,23,0,0.5025,MEDIUM
EVS02116,"3119 Moscow Ave, Moscow",AC Level 2,Greenlots,150,0.28,16.29,1,3.2,33,0,0.5025,MEDIUM
EVS04543,"5824 Sydney Ave, Sydney",AC Level 2,Tesla,150,0.3,8.03,2,4.4,56,0,0.5025,MEDIUM
EVS01081,"1657 Random Rd, City 231, Country",DC Fast Charger,Ionity,150,0.38,12.68,1,4.4,24,0,0.5024,MEDIUM
EVS04870,"8249 São Paulo Ave, São Paulo",AC Level 2,Tesla,150,0.28,6.72,3,4.5,25,0,0.5024,MEDIUM
EVS00949,"2813 Bangkok Ave, Bangkok",DC Fast Charger,ChargePoint,150,0.12,4.97,8,4.0,11,0,0.5024,MEDIUM
EVS01927,"7661 Chicago Ave, Chicago",AC Level 2,EVgo,350,0.24,8.54,7,4.9,73,1,0.5024,MEDIUM
EVS03016,"6213 Moscow Ave, Moscow",AC Level 2,Tesla,350,0.1,2.57,10,4.8,35,0,0.5024,MEDIUM
EVS02475,"4190 Los Angeles Ave, Los Angeles",AC Level 1,Ionity,50,0.25,18.7,10,3.5,86,1,0.5024,MEDIUM
EVS02763,"2642 Moscow Ave, Moscow",AC Level 2,EVgo,50,0.22,11.8,8,3.8,87,1,0.5023,MEDIUM
EVS02141,"751 Random Rd, City 306, Country",DC Fast Charger,EVgo,150,0.11,3.35,2,3.4,61,1,0.5023,MEDIUM
EVS01620,"5876 San Francisco Ave, San Francisco",AC Level 2,Ionity,22,0.27,5.73,1,4.0,18,0,0.5023,MEDIUM
EVS00526,"2760 San Francisco Ave, San Francisco",AC Level 1,EVgo,50,0.42,15.18,7,4.9,93,1,0.5023,MEDIUM
EVS01574,"5260 Mexico City Ave, Mexico City",AC Level 1,Ionity,350,0.23,18.47,7,3.7,47,0,0.5023,MEDIUM
EVS00975,"4769 Mexico City Ave, Mexico City",AC Level 1,Greenlots,150,0.23,11.24,10,4.4,21,0,0.5023,MEDIUM
EVS03485,"4579 Chicago Ave, Chicago",DC Fast Charger,Tesla,50,0.26,19.06,8,3.3,48,0,0.5022,MEDIUM
EVS03738,"1879 Los Angeles Ave, Los Angeles",AC Level 1,ChargePoint,22,0.23,3.86,8,4.7,68,1,0.5022,MEDIUM
EVS01029,"107 Beijing Ave, Beijing",AC Level 1,Greenlots,150,0.37,13.34,5,4.7,52,0,0.5022,MEDIUM
EVS04302,"7998 Moscow Ave, Moscow",DC Fast Charger,ChargePoint,22,0.28,11.44,5,3.9,89,1,0.5022,MEDIUM
EVS04268,"8919 Dubai Ave, Dubai",AC Level 1,EVgo,150,0.2,4.19,1,3.9,42,0,0.5022,MEDIUM
EVS01305,"8748 São Paulo Ave, São Paulo",AC Level 2,ChargePoint,50,0.32,12.47,1,3.7,86,1,0.5022,MEDIUM
EVS04361,"6469 Random Rd, City 335, Country",AC Level 2,EVgo,22,0.16,4.18,8,4.1,26,0,0.5021,MEDIUM
EVS03281,"9432 Random Rd, City 129, Country",AC Level 2,ChargePoint,350,0.16,14.03,5,3.4,10,0,0.5021,MEDIUM
EVS02602,"1979 Chicago Ave, Chicago",DC Fast Charger,Tesla,22,0.17,7.85,10,4.0,71,1,0.5021,MEDIUM
EVS00454,"5133 Los Angeles Ave, Los Angeles",AC Level 1,ChargePoint,50,0.18,7.8,7,3.8,69,1,0.5021,MEDIUM
EVS01800,"4696 São Paulo Ave, São Paulo",AC Level 2,Ionity,22,0.22,9.03,6,3.8,88,1,0.5021,MEDIUM
EVS01891,"1179 Random Rd, City 261, Country",AC Level 2,Tesla,150,0.24,6.25,2,4.1,82,1,0.5021,MEDIUM
EVS04576,"2514 Berlin Ave, Berlin",AC Level 1,Tesla,150,0.26,7.96,4,4.3,27,0,0.5021,MEDIUM
EVS04025,"2199 Toronto Ave, Toronto",DC Fast Charger,ChargePoint,22,0.23,10.79,1,3.1,88,1,0.5021,MEDIUM
EVS04466,"6347 Chicago Ave, Chicago",AC Level 2,Greenlots,150,0.43,17.09,2,4.4,43,0,0.5021,MEDIUM
EVS04390,"2277 Moscow Ave, Moscow",DC Fast Charger,Ionity,22,0.16,8.44,7,3.5,70,1,0.502,MEDIUM
EVS01287,"916 Seoul Ave, Seoul",DC Fast Charger,EVgo,22,0.24,4.03,5,4.4,30,0,0.502,MEDIUM
EVS00366,"5190 São Paulo Ave, São Paulo",AC Level 2,EVgo,50,0.46,17.16,2,4.4,60,1,0.502,MEDIUM
EVS00871,"5488 Random Rd, City 118, Country",AC Level 1,Greenlots,350,0.4,17.99,1,4.4,86,1,0.502,MEDIUM
EVS03392,"6719 Mexico City Ave, Mexico City",AC Level 1,Greenlots,350,0.16,17.52,5,3.0,80,1,0.502,MEDIUM
EVS04007,"5544 Moscow Ave, Moscow",DC Fast Charger,EVgo,22,0.16,8.86,4,3.1,41,0,0.502,MEDIUM
EVS03919,"5811 Dubai Ave, Dubai",AC Level 1,EVgo,150,0.35,13.25,9,5.0,55,0,0.5019,MEDIUM
EVS03978,"2125 Chicago Ave, Chicago",AC Level 2,EVgo,22,0.26,8.38,7,4.3,48,0,0.5019,MEDIUM
EVS00460,"1546 Beijing Ave, Beijing",AC Level 2,Ionity,22,0.4,14.31,4,4.4,80,1,0.5019,MEDIUM
EVS02566,"148 San Francisco Ave, San Francisco",AC Level 1,Greenlots,150,0.48,16.08,2,4.9,67,1,0.5018,MEDIUM
EVS02965,"8868 Mumbai Ave, Mumbai",AC Level 2,Greenlots,350,0.19,6.49,7,4.7,94,1,0.5018,MEDIUM
EVS01073,"9252 Moscow Ave, Moscow",AC Level 1,Tesla,150,0.26,8.12,6,4.5,15,0,0.5018,MEDIUM
EVS03153,"4890 Berlin Ave, Berlin",DC Fast Charger,Ionity,22,0.16,14.12,10,3.2,63,1,0.5018,MEDIUM
EVS00720,"9356 Chicago Ave, Chicago",AC Level 2,Tesla,150,0.13,7.48,4,3.3,17,0,0.5018,MEDIUM
EVS01347,"3983 São Paulo Ave, São Paulo",AC Level 2,Ionity,22,0.32,9.76,6,4.5,19,0,0.5018,MEDIUM
EVS01919,"5552 Mexico City Ave, Mexico City",AC Level 2,Tesla,150,0.22,14.47,8,3.7,57,1,0.5018,MEDIUM
EVS03477,"1033 San Francisco Ave, San Francisco",AC Level 1,Greenlots,350,0.25,18.31,10,4.2,78,1,0.5018,MEDIUM
EVS00898,"1998 Berlin Ave, Berlin",DC Fast Charger,Greenlots,350,0.36,17.97,9,5.0,58,1,0.5018,MEDIUM
EVS00875,"4993 Berlin Ave, Berlin",AC Level 1,EVgo,50,0.2,9.2,2,3.2,18,0,0.5017,MEDIUM
EVS02855,"728 São Paulo Ave, São Paulo",AC Level 1,Ionity,150,0.23,5.2,1,4.0,48,0,0.5017,MEDIUM
EVS00036,"1648 Toronto Ave, Toronto",AC Level 2,Greenlots,22,0.39,10.84,4,4.7,21,0,0.5017,MEDIUM
EVS02751,"6014 Random Rd, City 163, Country",AC Level 1,Ionity,22,0.39,19.76,4,3.7,51,0,0.5017,MEDIUM
EVS02133,"370 Chicago Ave, Chicago",AC Level 2,Greenlots,150,0.25,9.69,10,4.7,70,1,0.5016,MEDIUM
EVS04456,"5817 São Paulo Ave, São Paulo",DC Fast Charger,EVgo,350,0.37,18.03,5,4.6,19,0,0.5016,MEDIUM
EVS04063,"3875 Seoul Ave, Seoul",AC Level 1,EVgo,22,0.35,19.24,8,3.9,94,1,0.5016,MEDIUM
EVS03915,"6065 Mexico City Ave, Mexico City",DC Fast Charger,Tesla,150,0.22,10.21,4,3.7,80,1,0.5016,MEDIUM
EVS02378,"3460 Berlin Ave, Berlin",AC Level 1,EVgo,50,0.14,6.17,5,3.4,36,0,0.5015,MEDIUM
EVS01320,"2117 Moscow Ave, Moscow",AC Level 2,Ionity,50,0.22,2.8,4,4.3,75,1,0.5015,MEDIUM
EVS00433,"1031 Los Angeles Ave, Los Angeles",DC Fast Charger,Greenlots,150,0.18,4.51,9,4.6,38,0,0.5015,MEDIUM
EVS02173,"3143 Cape Town Ave, Cape Town",AC Level 2,Greenlots,50,0.38,11.37,3,4.5,31,0,0.5015,MEDIUM
EVS04080,"9319 Seoul Ave, Seoul",AC Level 2,EVgo,50,0.47,15.85,2,4.6,48,0,0.5015,MEDIUM
EVS00802,"8124 Seoul Ave, Seoul",AC Level 1,EVgo,150,0.22,14.05,6,3.5,59,1,0.5015,MEDIUM
EVS02052,"1049 Moscow Ave, Moscow",DC Fast Charger,ChargePoint,350,0.17,5.95,8,4.7,99,1,0.5015,MEDIUM
EVS04261,"5955 Random Rd, City 140, Country",DC Fast Charger,Ionity,350,0.22,5.79,7,5.0,45,0,0.5015,MEDIUM
EVS03093,"2058 Sydney Ave, Sydney",AC Level 1,EVgo,22,0.37,8.28,3,4.7,81,1,0.5015,MEDIUM
EVS03157,"191 Mexico City Ave, Mexico City",AC Level 2,Greenlots,22,0.26,5.19,5,4.4,66,1,0.5015,MEDIUM
EVS00544,"3100 Seoul Ave, Seoul",AC Level 2,Greenlots,22,0.25,18.28,8,3.2,10,0,0.5014,MEDIUM
EVS04153,"8390 Beijing Ave, Beijing",AC Level 1,Tesla,150,0.3,14.36,6,4.1,94,1,0.5014,MEDIUM
EVS03147,"2336 San Francisco Ave, San Francisco",AC Level 1,Tesla,350,0.37,19.73,5,4.4,42,0,0.5014,MEDIUM
EVS01090,"464 Mexico City Ave, Mexico City",AC Level 2,ChargePoint,150,0.22,13.86,5,3.4,62,1,0.5014,MEDIUM
EVS03394,"7885 Beijing Ave, Beijing",AC Level 2,Greenlots,22,0.13,5.42,3,3.1,49,0,0.5014,MEDIUM
EVS03292,"3554 Dubai Ave, Dubai",AC Level 1,Tesla,22,0.24,4.47,4,4.2,10,0,0.5014,MEDIUM
EVS01082,"3783 Moscow Ave, Moscow",AC Level 1,Tesla,22,0.29,17.82,10,3.8,50,0,0.5014,MEDIUM
EVS02959,"7876 Mumbai Ave, Mumbai",AC Level 1,Greenlots,350,0.43,16.4,2,4.9,65,1,0.5014,MEDIUM
EVS04405,"1018 Los Angeles Ave, Los Angeles",AC Level 2,Greenlots,22,0.22,5.11,6,4.2,57,1,0.5014,MEDIUM
EVS04136,"890 Beijing Ave, Beijing",AC Level 1,EVgo,350,0.39,18.73,7,4.9,51,0,0.5013,MEDIUM
EVS01969,"8914 San Francisco Ave, San Francisco",DC Fast Charger,ChargePoint,350,0.16,7.71,1,3.6,80,1,0.5013,MEDIUM
EVS00677,"5174 Bangkok Ave, Bangkok",AC Level 2,Tesla,50,0.2,11.53,7,3.5,56,0,0.5013,MEDIUM
EVS00887,"5249 Toronto Ave, Toronto",AC Level 1,ChargePoint,150,0.41,17.68,6,4.6,95,1,0.5013,MEDIUM
EVS00940,"9343 Mexico City Ave, Mexico City",DC Fast Charger,Ionity,22,0.27,4.19,6,4.7,16,0,0.5013,MEDIUM
EVS00069,"1979 Dubai Ave, Dubai",DC Fast Charger,Ionity,50,0.14,4.71,8,3.9,13,0,0.5013,MEDIUM
EVS00879,"7541 San Francisco Ave, San Francisco",AC Level 2,ChargePoint,22,0.23,13.21,8,3.6,33,0,0.5013,MEDIUM
EVS04552,"3200 Beijing Ave, Beijing",DC Fast Charger,Tesla,50,0.27,1.77,4,4.8,93,1,0.5013,MEDIUM
EVS03546,"4618 Cape Town Ave, Cape Town",AC Level 1,ChargePoint,350,0.2,13.19,1,3.3,23,0,0.5012,MEDIUM
EVS02430,"7868 San Francisco Ave, San Francisco",AC Level 1,ChargePoint,350,0.3,13.9,6,4.6,92,1,0.5012,MEDIUM
EVS01779,"6668 São Paulo Ave, São Paulo",AC Level 1,Ionity,50,0.4,13.09,6,4.8,23,0,0.5012,MEDIUM
EVS02531,"3511 Random Rd, City 294, Country",AC Level 2,EVgo,22,0.23,7.23,10,4.5,71,1,0.5012,MEDIUM
EVS01074,"6108 Toronto Ave, Toronto",AC Level 2,Tesla,150,0.42,18.05,4,4.4,10,0,0.5012,MEDIUM
EVS02728,"2657 Dubai Ave, Dubai",AC Level 1,Ionity,150,0.24,6.7,8,4.7,20,0,0.5012,MEDIUM
EVS04599,"1397 Bangkok Ave, Bangkok",AC Level 1,EVgo,350,0.17,12.96,2,3.2,89,1,0.5012,MEDIUM
EVS01789,"6266 São Paulo Ave, São Paulo",DC Fast Charger,Ionity,150,0.4,19.13,9,4.7,27,0,0.5012,MEDIUM
EVS04643,"2560 Berlin Ave, Berlin",DC Fast Charger,Tesla,22,0.28,12.58,4,3.6,64,1,0.5012,MEDIUM
EVS04127,"1183 Chicago Ave, Chicago",AC Level 2,ChargePoint,350,0.38,15.85,5,4.9,77,1,0.5012,MEDIUM
EVS02284,"25 Toronto Ave, Toronto",AC Level 2,Ionity,50,0.17,0.51,8,4.6,58,1,0.5011,MEDIUM
EVS00335,"5657 Mexico City Ave, Mexico City",DC Fast Charger,EVgo,350,0.31,13.37,4,4.5,75,1,0.5011,MEDIUM
EVS03216,"7444 São Paulo Ave, São Paulo",AC Level 2,EVgo,350,0.15,8.21,4,3.8,17,0,0.5011,MEDIUM
EVS03957,"5690 Sydney Ave, Sydney",AC Level 2,Ionity,22,0.44,13.5,6,5.0,39,0,0.5011,MEDIUM
EVS04536,"7572 Seoul Ave, Seoul",DC Fast Charger,Tesla,22,0.31,7.07,1,4.1,46,0,0.501,MEDIUM
EVS03081,"8888 Random Rd, City 216, Country",AC Level 1,EVgo,22,0.16,2.14,10,4.5,72,1,0.501,MEDIUM
EVS00082,"9806 Mexico City Ave, Mexico City",DC Fast Charger,EVgo,50,0.32,16.79,4,3.5,31,0,0.501,MEDIUM
EVS04277,"6154 Beijing Ave, Beijing",AC Level 2,EVgo,150,0.49,19.06,2,4.6,47,0,0.501,MEDIUM
EVS01824,"4588 San Francisco Ave, San Francisco",AC Level 2,Ionity,22,0.21,12.52,8,3.5,72,1,0.501,MEDIUM
EVS02029,"4915 Berlin Ave, Berlin",AC Level 2,Ionity,150,0.37,19.69,4,3.8,57,1,0.5009,MEDIUM
EVS04223,"7300 Sydney Ave, Sydney",AC Level 1,Greenlots,50,0.18,1.72,6,4.3,55,0,0.5009,MEDIUM
EVS03533,"4408 Chicago Ave, Chicago",AC Level 1,Greenlots,22,0.25,11.94,3,3.3,86,1,0.5009,MEDIUM
EVS02862,"9259 São Paulo Ave, São Paulo",AC Level 1,Tesla,150,0.15,11.58,7,3.3,75,1,0.5009,MEDIUM
EVS02891,"102 Random Rd, City 300, Country",AC Level 2,ChargePoint,22,0.46,17.95,9,5.0,66,1,0.5009,MEDIUM
EVS04457,"3556 San Francisco Ave, San Francisco",AC Level 1,Tesla,22,0.42,17.48,7,4.5,33,0,0.5009,MEDIUM
EVS03139,"3795 Mumbai Ave, Mumbai",DC Fast Charger,Ionity,50,0.3,16.95,3,3.2,39,0,0.5009,MEDIUM
EVS00896,"4551 Bangkok Ave, Bangkok",AC Level 2,Ionity,350,0.3,8.97,4,4.9,100,1,0.5009,MEDIUM
EVS03987,"1944 Mexico City Ave, Mexico City",AC Level 2,Tesla,150,0.25,6.66,4,4.3,89,1,0.5009,MEDIUM
EVS01042,"7001 Beijing Ave, Beijing",DC Fast Charger,ChargePoint,50,0.39,13.09,6,4.7,29,0,0.5009,MEDIUM
EVS00257,"2574 Bangkok Ave, Bangkok",AC Level 1,Tesla,22,0.45,19.91,3,4.0,49,0,0.5008,MEDIUM
EVS02167,"3716 Beijing Ave, Beijing",DC Fast Charger,EVgo,350,0.11,5.66,7,4.1,58,1,0.5008,MEDIUM
EVS03036,"4150 Los Angeles Ave, Los Angeles",AC Level 1,Greenlots,150,0.22,7.63,1,3.6,99,1,0.5008,MEDIUM
EVS02752,"5070 Mexico City Ave, Mexico City",DC Fast Charger,Ionity,50,0.27,18.79,6,3.1,47,0,0.5008,MEDIUM
EVS02888,"9687 Dubai Ave, Dubai",DC Fast Charger,ChargePoint,350,0.17,7.25,7,4.4,99,1,0.5008,MEDIUM
EVS01297,"2970 Cape Town Ave, Cape Town",AC Level 1,Ionity,150,0.36,11.48,2,4.4,69,1,0.5008,MEDIUM
EVS01230,"3094 Mumbai Ave, Mumbai",DC Fast Charger,ChargePoint,350,0.32,13.47,1,4.2,83,1,0.5007,MEDIUM
EVS04077,"1673 Bangkok Ave, Bangkok",AC Level 1,ChargePoint,22,0.32,9.57,2,4.0,64,1,0.5007,MEDIUM
EVS00981,"2081 Random Rd, City 181, Country",AC Level 2,Tesla,150,0.36,5.08,1,5.0,58,1,0.5007,MEDIUM
EVS03062,"1521 Beijing Ave, Beijing",DC Fast Charger,EVgo,150,0.17,12.04,7,3.4,37,0,0.5007,MEDIUM
EVS03052,"716 Moscow Ave, Moscow",AC Level 1,ChargePoint,50,0.37,7.3,1,4.6,66,1,0.5007,MEDIUM
EVS02625,"1584 Mumbai Ave, Mumbai",AC Level 1,Tesla,22,0.38,19.01,7,4.0,40,0,0.5007,MEDIUM
EVS04444,"3871 San Francisco Ave, San Francisco",AC Level 2,Ionity,22,0.31,19.81,10,3.7,87,1,0.5007,MEDIUM
EVS00229,"3482 Mexico City Ave, Mexico City",AC Level 2,Tesla,22,0.35,15.25,2,3.6,49,0,0.5007,MEDIUM
EVS01288,"9750 Mumbai Ave, Mumbai",AC Level 1,EVgo,50,0.48,19.86,3,4.3,47,0,0.5007,MEDIUM
EVS02638,"7768 Beijing Ave, Beijing",DC Fast Charger,ChargePoint,50,0.3,18.16,6,3.4,90,1,0.5006,MEDIUM
EVS01201,"7599 Random Rd, City 415, Country",AC Level 2,ChargePoint,50,0.31,18.72,5,3.3,89,1,0.5006,MEDIUM
EVS04065,"7291 Cape Town Ave, Cape Town",AC Level 1,EVgo,350,0.27,17.39,10,4.4,94,1,0.5006,MEDIUM
EVS01793,"3879 San Francisco Ave, San Francisco",AC Level 2,Tesla,50,0.17,3.39,5,3.9,22,0,0.5006,MEDIUM
EVS04842,"5507 Seoul Ave, Seoul",DC Fast Charger,EVgo,22,0.34,7.93,6,4.8,67,1,0.5006,MEDIUM
EVS01589,"8123 Berlin Ave, Berlin",AC Level 2,Ionity,22,0.26,18.43,7,3.1,88,1,0.5006,MEDIUM
EVS00684,"3593 Dubai Ave, Dubai",DC Fast Charger,ChargePoint,150,0.21,7.08,3,3.8,60,1,0.5005,MEDIUM
EVS04058,"3994 Mumbai Ave, Mumbai",AC Level 2,Ionity,350,0.23,18.96,10,3.9,98,1,0.5005,MEDIUM
EVS01537,"4779 Los Angeles Ave, Los Angeles",AC Level 1,EVgo,350,0.45,17.25,1,4.8,49,0,0.5005,MEDIUM
EVS02775,"2660 Sydney Ave, Sydney",AC Level 1,Tesla,350,0.15,2.38,9,5.0,91,1,0.5004,MEDIUM
EVS03440,"3353 Cape Town Ave, Cape Town",AC Level 2,ChargePoint,50,0.14,5.93,7,3.6,11,0,0.5004,MEDIUM
EVS04215,"3039 Seoul Ave, Seoul",AC Level 1,Tesla,22,0.17,5.87,2,3.2,60,1,0.5004,MEDIUM
EVS02359,"1967 Seoul Ave, Seoul",AC Level 1,Greenlots,22,0.44,12.76,3,4.7,42,0,0.5004,MEDIUM
EVS04263,"6788 Sydney Ave, Sydney",AC Level 1,ChargePoint,150,0.22,15.9,4,3.0,44,0,0.5004,MEDIUM
EVS03516,"2871 Bangkok Ave, Bangkok",AC Level 2,Ionity,150,0.29,10.74,8,4.6,78,1,0.5003,MEDIUM
EVS02755,"7370 Chicago Ave, Chicago",AC Level 1,EVgo,22,0.4,8.23,4,5.0,31,0,0.5003,MEDIUM
EVS03365,"3032 Bangkok Ave, Bangkok",AC Level 1,Tesla,22,0.3,7.35,4,4.3,10,0,0.5003,MEDIUM
EVS00603,"7128 Cape Town Ave, Cape Town",AC Level 2,Ionity,350,0.29,19.58,10,4.3,30,0,0.5003,MEDIUM
EVS02494,"7203 Toronto Ave, Toronto",AC Level 1,Ionity,350,0.22,4.36,1,4.4,83,1,0.5003,MEDIUM
EVS01119,"8431 Cape Town Ave, Cape Town",DC Fast Charger,Greenlots,350,0.24,9.93,5,4.4,33,0,0.5003,MEDIUM
EVS00251,"8144 Random Rd, City 88, Country",DC Fast Charger,EVgo,22,0.29,13.59,9,4.1,53,0,0.5003,MEDIUM
EVS00680,"9442 Chicago Ave, Chicago",AC Level 2,Tesla,22,0.24,4.09,5,4.3,49,0,0.5003,MEDIUM
EVS01011,"2171 Random Rd, City 221, Country",AC Level 2,Ionity,150,0.15,0.75,2,3.9,52,0,0.5003,MEDIUM
EVS01020,"3607 Cape Town Ave, Cape Town",DC Fast Charger,Ionity,50,0.32,16.01,1,3.2,85,1,0.5003,MEDIUM
EVS01553,"7977 Moscow Ave, Moscow",DC Fast Charger,Greenlots,50,0.25,17.24,7,3.2,96,1,0.5002,MEDIUM
EVS02077,"6329 San Francisco Ave, San Francisco",AC Level 2,Ionity,22,0.2,4.62,10,4.5,69,1,0.5002,MEDIUM
EVS00198,"2447 Berlin Ave, Berlin",AC Level 1,EVgo,350,0.14,4.39,10,4.8,92,1,0.5002,MEDIUM
EVS04183,"7412 Sydney Ave, Sydney",AC Level 1,Greenlots,150,0.45,17.93,4,4.6,64,1,0.5002,MEDIUM
EVS02276,"5849 Toronto Ave, Toronto",DC Fast Charger,Tesla,150,0.27,19.67,6,3.2,98,1,0.5002,MEDIUM
EVS00828,"2284 Cape Town Ave, Cape Town",DC Fast Charger,ChargePoint,50,0.27,13.76,4,3.4,56,0,0.5002,MEDIUM
EVS03593,"42 Toronto Ave, Toronto",AC Level 1,Ionity,50,0.35,13.67,1,3.7,89,1,0.5002,MEDIUM
EVS01682,"6878 Seoul Ave, Seoul",AC Level 2,Ionity,150,0.42,17.72,5,4.5,11,0,0.5002,MEDIUM
EVS04048,"5650 Mumbai Ave, Mumbai",AC Level 2,Tesla,150,0.31,14.65,1,3.5,22,0,0.5002,MEDIUM
EVS04638,"5294 São Paulo Ave, São Paulo",AC Level 2,Greenlots,50,0.33,13.25,8,4.4,13,0,0.5002,MEDIUM
EVS04267,"6980 Los Angeles Ave, Los Angeles",AC Level 1,Tesla,150,0.29,11.41,7,4.4,24,0,0.5002,MEDIUM
EVS02220,"2983 Berlin Ave, Berlin",AC Level 2,Greenlots,22,0.33,5.99,5,4.8,75,1,0.5002,MEDIUM
EVS04441,"4276 Random Rd, City 300, Country",AC Level 1,Tesla,350,0.39,17.13,6,4.9,31,0,0.5002,MEDIUM
EVS04096,"268 Berlin Ave, Berlin",AC Level 1,ChargePoint,22,0.45,10.38,1,4.8,99,1,0.5002,MEDIUM
EVS02335,"3073 Seoul Ave, Seoul",AC Level 2,EVgo,150,0.25,10.35,1,3.5,59,1,0.5002,MEDIUM
EVS03800,"9907 Beijing Ave, Beijing",AC Level 1,Ionity,50,0.23,7.31,4,3.8,60,1,0.5002,MEDIUM
EVS00513,"1098 Mumbai Ave, Mumbai",AC Level 2,EVgo,150,0.46,16.82,4,4.8,44,0,0.5001,MEDIUM
EVS02186,"525 Mumbai Ave, Mumbai",AC Level 1,Ionity,22,0.49,19.44,7,4.8,88,1,0.5001,MEDIUM
EVS00619,"5493 Bangkok Ave, Bangkok",AC Level 2,Tesla,350,0.12,0.71,1,4.0,84,1,0.5001,MEDIUM
EVS02318,"9859 Moscow Ave, Moscow",AC Level 1,Tesla,50,0.38,11.3,1,4.2,33,0,0.5001,MEDIUM
EVS03058,"7350 Sydney Ave, Sydney",AC Level 1,Greenlots,50,0.37,14.73,5,4.2,49,0,0.5001,MEDIUM
EVS02057,"7790 Beijing Ave, Beijing",AC Level 1,Tesla,150,0.19,5.3,2,3.7,90,1,0.5001,MEDIUM
EVS00127,"6276 Mexico City Ave, Mexico City",DC Fast Charger,Ionity,22,0.21,5.86,8,4.2,49,0,0.5001,MEDIUM
EVS00402,"1004 Toronto Ave, Toronto",AC Level 2,Tesla,22,0.41,13.13,3,4.4,57,1,0.5001,MEDIUM
EVS00926,"5363 Mumbai Ave, Mumbai",AC Level 2,EVgo,350,0.16,11.98,10,4.1,68,1,0.5001,MEDIUM
EVS01235,"9119 Mexico City Ave, Mexico City",AC Level 1,Greenlots,150,0.19,5.71,5,4.0,11,0,0.5,MEDIUM
EVS00994,"9132 Seoul Ave, Seoul",DC Fast Charger,Ionity,22,0.35,17.76,3,3.4,87,1,0.5,MEDIUM
EVS01375,"4858 Chicago Ave, Chicago",AC Level 1,Greenlots,22,0.28,7.11,7,4.5,28,0,0.5,MEDIUM
EVS04877,"8281 San Francisco Ave, San Francisco",AC Level 1,Tesla,350,0.28,15.15,10,4.7,51,0,0.5,MEDIUM
EVS04483,"6185 São Paulo Ave, São Paulo",DC Fast Charger,Ionity,22,0.22,0.89,6,4.6,49,0,0.5,MEDIUM
EVS00932,"9001 Bangkok Ave, Bangkok",AC Level 1,EVgo,150,0.21,12.17,3,3.2,65,1,0.5,LOW
EVS00790,"9063 Mumbai Ave, Mumbai",DC Fast Charger,ChargePoint,350,0.15,7.66,10,4.5,84,1,0.5,LOW
EVS03970,"8669 Berlin Ave, Berlin",AC Level 1,EVgo,350,0.29,14.81,9,4.7,85,1,0.5,LOW
EVS03259,"1689 San Francisco Ave, San Francisco",AC Level 2,Ionity,350,0.16,9.28,4,3.7,87,1,0.5,LOW
EVS00378,"5034 Cape Town Ave, Cape Town",AC Level 2,Ionity,22,0.49,19.67,3,4.3,78,1,0.5,LOW
EVS03905,"1314 São Paulo Ave, São Paulo",DC Fast Charger,ChargePoint,50,0.21,4.46,1,3.6,94,1,0.5,LOW
EVS00312,"246 Chicago Ave, Chicago",DC Fast Charger,Tesla,50,0.13,13.45,10,3.0,13,0,0.4999,LOW
EVS01084,"30 Mumbai Ave, Mumbai",DC Fast Charger,EVgo,150,0.23,16.54,5,3.1,59,1,0.4999,LOW
EVS00811,"9096 Random Rd, City 366, Country",AC Level 2,ChargePoint,150,0.31,18.96,7,3.7,79,1,0.4999,LOW
EVS01700,"492 Cape Town Ave, Cape Town",AC Level 1,EVgo,22,0.23,8.09,8,4.1,90,1,0.4999,LOW
EVS03670,"2331 Mumbai Ave, Mumbai",AC Level 2,ChargePoint,150,0.37,16.82,6,4.3,70,1,0.4999,LOW
EVS02787,"2767 Los Angeles Ave, Los Angeles",AC Level 2,Tesla,50,0.29,15.75,9,3.9,37,0,0.4999,LOW
EVS02212,"6536 São Paulo Ave, São Paulo",AC Level 1,Tesla,22,0.18,2.0,3,3.8,67,1,0.4999,LOW
EVS03943,"681 Los Angeles Ave, Los Angeles",DC Fast Charger,Tesla,50,0.28,11.44,9,4.3,31,0,0.4998,LOW
EVS04768,"2804 Cape Town Ave, Cape Town",AC Level 2,Greenlots,50,0.17,7.62,6,3.5,78,1,0.4998,LOW
EVS03239,"3560 San Francisco Ave, San Francisco",AC Level 2,EVgo,350,0.21,18.4,6,3.3,95,1,0.4998,LOW
EVS02239,"189 Toronto Ave, Toronto",AC Level 1,EVgo,350,0.31,8.13,3,4.9,16,0,0.4998,LOW
EVS01223,"1131 Chicago Ave, Chicago",DC Fast Charger,Ionity,150,0.16,8.91,6,3.5,37,0,0.4997,LOW
EVS00427,"8556 Los Angeles Ave, Los Angeles",AC Level 1,Ionity,150,0.27,10.21,4,4.0,55,0,0.4997,LOW
EVS00565,"6254 São Paulo Ave, São Paulo",AC Level 1,Ionity,50,0.26,15.91,7,3.4,22,0,0.4997,LOW
EVS01514,"3890 Los Angeles Ave, Los Angeles",DC Fast Charger,ChargePoint,50,0.29,6.73,9,4.9,25,0,0.4997,LOW
EVS03317,"7641 Seoul Ave, Seoul",DC Fast Charger,Ionity,150,0.14,5.37,10,4.2,59,1,0.4997,LOW
EVS01924,"3699 São Paulo Ave, São Paulo",AC Level 2,ChargePoint,150,0.19,8.95,4,3.5,21,0,0.4997,LOW
EVS04320,"5427 Moscow Ave, Moscow",DC Fast Charger,Ionity,350,0.35,17.6,6,4.5,35,0,0.4997,LOW
EVS03027,"4923 São Paulo Ave, São Paulo",DC Fast Charger,Ionity,22,0.26,9.23,2,3.5,81,1,0.4996,LOW
EVS03622,"3186 Seoul Ave, Seoul",AC Level 1,ChargePoint,150,0.39,13.81,7,4.9,80,1,0.4996,LOW
EVS02835,"24 Mexico City Ave, Mexico City",AC Level 2,Ionity,22,0.4,13.53,6,4.6,46,0,0.4996,LOW
EVS04132,"8478 Bangkok Ave, Bangkok",DC Fast Charger,Ionity,22,0.48,16.4,5,4.8,91,1,0.4996,LOW
EVS04598,"8151 Toronto Ave, Toronto",AC Level 1,EVgo,22,0.46,17.65,5,4.5,95,1,0.4996,LOW
EVS02342,"9429 Sydney Ave, Sydney",AC Level 2,Greenlots,22,0.33,16.99,9,4.0,19,0,0.4996,LOW
EVS03410,"8479 Mumbai Ave, Mumbai",AC Level 1,ChargePoint,350,0.1,5.54,9,4.2,67,1,0.4996,LOW
EVS03243,"7762 Bangkok Ave, Bangkok",AC Level 2,Greenlots,350,0.21,15.16,9,4.0,34,0,0.4996,LOW
EVS04431,"9060 Random Rd, City 263, Country",DC Fast Charger,EVgo,50,0.45,19.42,6,4.4,100,1,0.4996,LOW
EVS04573,"2087 São Paulo Ave, São Paulo",AC Level 2,Tesla,22,0.23,6.89,1,3.4,94,1,0.4995,LOW
EVS03994,"8579 Mexico City Ave, Mexico City",DC Fast Charger,Ionity,150,0.17,8.78,7,3.7,10,0,0.4995,LOW
EVS03742,"3197 San Francisco Ave, San Francisco",AC Level 1,EVgo,22,0.28,9.38,6,4.1,41,0,0.4995,LOW
EVS01328,"2983 Los Angeles Ave, Los Angeles",AC Level 1,ChargePoint,50,0.15,1.89,2,3.5,21,0,0.4995,LOW
EVS00177,"7820 Chicago Ave, Chicago",AC Level 2,ChargePoint,150,0.26,14.74,4,3.4,25,0,0.4995,LOW
EVS03552,"9637 Chicago Ave, Chicago",AC Level 1,EVgo,350,0.46,19.56,3,4.8,61,1,0.4995,LOW
EVS02260,"738 Bangkok Ave, Bangkok",AC Level 2,Greenlots,50,0.13,6.25,5,3.2,98,1,0.4995,LOW
EVS04804,"1060 Moscow Ave, Moscow",AC Level 1,EVgo,150,0.14,7.68,2,3.0,18,0,0.4995,LOW
EVS04537,"4540 Los Angeles Ave, Los Angeles",DC Fast Charger,ChargePoint,150,0.32,18.11,4,3.5,83,1,0.4995,LOW
EVS03411,"6488 Random Rd, City 395, Country",AC Level 1,Tesla,350,0.21,10.47,8,4.4,10,0,0.4994,LOW
EVS03424,"1576 Toronto Ave, Toronto",AC Level 2,EVgo,50,0.39,13.28,6,4.6,68,1,0.4994,LOW
EVS04425,"8267 Moscow Ave, Moscow",DC Fast Charger,Ionity,22,0.34,13.6,6,4.1,75,1,0.4994,LOW
EVS00852,"5100 Chicago Ave, Chicago",DC Fast Charger,Tesla,150,0.28,8.98,4,4.2,100,1,0.4994,LOW
EVS03734,"749 Mumbai Ave, Mumbai",AC Level 1,Tesla,150,0.16,9.64,6,3.4,33,0,0.4994,LOW
EVS02370,"5713 Moscow Ave, Moscow",DC Fast Charger,Greenlots,22,0.4,9.55,4,4.8,97,1,0.4994,LOW
EVS01060,"1298 Toronto Ave, Toronto",AC Level 2,Greenlots,150,0.2,8.18,1,3.3,36,0,0.4993,LOW
EVS04239,"4364 São Paulo Ave, São Paulo",AC Level 2,Tesla,50,0.21,5.04,1,3.5,10,0,0.4993,LOW
EVS02072,"5787 Chicago Ave, Chicago",AC Level 2,Tesla,22,0.31,18.25,4,3.1,89,1,0.4993,LOW
EVS04369,"1704 Moscow Ave, Moscow",DC Fast Charger,EVgo,22,0.37,14.47,10,4.7,80,1,0.4992,LOW
EVS02171,"6855 Random Rd, City 407, Country",AC Level 2,EVgo,350,0.17,13.64,7,3.6,56,0,0.4992,LOW
EVS01027,"1173 Mexico City Ave, Mexico City",AC Level 2,ChargePoint,350,0.13,7.66,4,3.6,14,0,0.4992,LOW
EVS00076,"3924 São Paulo Ave, São Paulo",AC Level 2,Tesla,50,0.16,12.25,8,3.1,12,0,0.4992,LOW
EVS04671,"4919 Random Rd, City 138, Country",AC Level 1,Ionity,50,0.35,15.37,10,4.5,90,1,0.4992,LOW
EVS00075,"9969 Beijing Ave, Beijing",DC Fast Charger,Greenlots,22,0.45,11.68,1,4.6,46,0,0.4992,LOW
EVS02770,"9693 San Francisco Ave, San Francisco",DC Fast Charger,Ionity,150,0.26,1.8,2,4.6,97,1,0.4991,LOW
EVS04924,"4888 Sydney Ave, Sydney",AC Level 1,Tesla,22,0.34,7.69,3,4.4,44,0,0.4991,LOW
EVS04934,"8087 Cape Town Ave, Cape Town",AC Level 1,Tesla,350,0.15,12.0,6,3.5,100,1,0.4991,LOW
EVS01238,"4296 Chicago Ave, Chicago",AC Level 1,Ionity,150,0.21,3.25,6,4.5,55,0,0.4991,LOW
EVS03497,"7957 Moscow Ave, Moscow",AC Level 1,ChargePoint,350,0.41,16.55,2,4.6,65,1,0.4991,LOW
EVS04327,"5140 Moscow Ave, Moscow",AC Level 2,Ionity,150,0.25,13.83,4,3.4,26,0,0.4991,LOW
EVS00744,"8550 Berlin Ave, Berlin",DC Fast Charger,Greenlots,50,0.33,14.94,5,3.8,41,0,0.499,LOW
EVS04948,"3687 Mexico City Ave, Mexico City",AC Level 1,EVgo,150,0.25,15.29,8,3.7,30,0,0.499,LOW
EVS04208,"8675 Chicago Ave, Chicago",AC Level 1,EVgo,50,0.2,6.27,3,3.5,12,0,0.499,LOW
EVS01925,"7280 Berlin Ave, Berlin",AC Level 2,Greenlots,150,0.27,6.46,5,4.5,92,1,0.499,LOW
EVS04412,"7085 São Paulo Ave, São Paulo",DC Fast Charger,Ionity,150,0.23,12.66,6,3.6,54,0,0.499,LOW
EVS00506,"5377 Berlin Ave, Berlin",AC Level 1,Ionity,22,0.49,17.12,1,4.3,36,0,0.499,LOW
EVS04755,"4073 Beijing Ave, Beijing",DC Fast Charger,ChargePoint,50,0.24,2.83,9,4.9,93,1,0.499,LOW
EVS04601,"3744 Random Rd, City 66, Country",AC Level 2,Tesla,350,0.19,8.85,2,3.7,91,1,0.499,LOW
EVS01180,"5321 Cape Town Ave, Cape Town",DC Fast Charger,Ionity,50,0.31,11.24,2,3.7,36,0,0.4989,LOW
EVS01809,"1511 Berlin Ave, Berlin",AC Level 2,ChargePoint,22,0.34,15.33,1,3.3,33,0,0.4989,LOW
EVS03947,"1725 Los Angeles Ave, Los Angeles",DC Fast Charger,Tesla,150,0.28,12.61,6,4.0,81,1,0.4989,LOW
EVS01308,"68 Mexico City Ave, Mexico City",AC Level 1,ChargePoint,150,0.13,9.35,8,3.4,56,0,0.4989,LOW
EVS03973,"2766 Dubai Ave, Dubai",AC Level 2,Greenlots,150,0.23,13.65,7,3.6,29,0,0.4989,LOW
EVS01109,"6052 Cape Town Ave, Cape Town",DC Fast Charger,Greenlots,350,0.17,5.46,1,3.8,14,0,0.4989,LOW
EVS00493,"7741 Toronto Ave, Toronto",AC Level 2,Tesla,22,0.31,7.2,9,4.9,68,1,0.4989,LOW
EVS03977,"533 São Paulo Ave, São Paulo",AC Level 2,Greenlots,50,0.38,19.14,10,4.3,76,1,0.4989,LOW
EVS01617,"2302 Dubai Ave, Dubai",DC Fast Charger,Greenlots,22,0.34,14.69,3,3.6,85,1,0.4988,LOW
EVS00349,"1354 Bangkok Ave, Bangkok",DC Fast Charger,EVgo,22,0.33,10.53,10,4.8,74,1,0.4988,LOW
EVS04189,"3115 Toronto Ave, Toronto",AC Level 2,Ionity,22,0.39,19.73,1,3.2,67,1,0.4988,LOW
EVS04201,"3295 Random Rd, City 17, Country",AC Level 1,ChargePoint,50,0.19,13.61,10,3.4,42,0,0.4988,LOW
EVS03826,"5377 Mexico City Ave, Mexico City",AC Level 1,ChargePoint,350,0.27,15.06,6,4.1,23,0,0.4988,LOW
EVS00985,"5456 Seoul Ave, Seoul",DC Fast Charger,Tesla,150,0.13,8.72,4,3.0,69,1,0.4988,LOW
EVS01751,"5116 Random Rd, City 360, Country",AC Level 1,Ionity,22,0.23,14.4,6,3.1,48,0,0.4988,LOW
EVS02639,"3985 Beijing Ave, Beijing",DC Fast Charger,ChargePoint,50,0.17,9.66,5,3.1,52,0,0.4988,LOW
EVS01403,"3881 Beijing Ave, Beijing",AC Level 1,Greenlots,150,0.35,7.0,1,4.6,42,0,0.4988,LOW
EVS01641,"8910 Random Rd, City 480, Country",AC Level 2,Tesla,150,0.25,7.73,6,4.3,70,1,0.4988,LOW
EVS00389,"2404 Sydney Ave, Sydney",AC Level 2,ChargePoint,150,0.21,12.3,8,3.7,90,1,0.4987,LOW
EVS04292,"4031 Sydney Ave, Sydney",DC Fast Charger,EVgo,22,0.31,6.54,5,4.5,54,0,0.4987,LOW
EVS02108,"606 Mexico City Ave, Mexico City",DC Fast Charger,Ionity,50,0.33,15.98,1,3.2,37,0,0.4987,LOW
EVS03148,"6092 Moscow Ave, Moscow",DC Fast Charger,EVgo,22,0.21,7.73,7,3.8,29,0,0.4987,LOW
EVS00990,"2019 Beijing Ave, Beijing",AC Level 2,EVgo,22,0.2,5.24,1,3.3,15,0,0.4987,LOW
EVS04378,"2472 Sydney Ave, Sydney",DC Fast Charger,Greenlots,350,0.12,12.92,10,3.6,96,1,0.4987,LOW
EVS04899,"1008 Mumbai Ave, Mumbai",AC Level 1,Ionity,150,0.13,6.56,8,3.7,37,0,0.4987,LOW
EVS04560,"8440 Dubai Ave, Dubai",AC Level 2,Ionity,50,0.11,7.69,9,3.3,18,0,0.4987,LOW
EVS02991,"5543 Random Rd, City 491, Country",AC Level 2,EVgo,50,0.32,9.41,10,4.9,72,1,0.4986,LOW
EVS03532,"5081 São Paulo Ave, São Paulo",AC Level 1,Ionity,350,0.27,17.51,5,3.7,63,1,0.4986,LOW
EVS01681,"9084 Random Rd, City 233, Country",AC Level 2,Greenlots,150,0.24,6.65,10,4.8,93,1,0.4986,LOW
EVS03256,"8858 Toronto Ave, Toronto",DC Fast Charger,Ionity,50,0.4,18.09,6,4.1,78,1,0.4986,LOW
EVS00816,"8860 Mumbai Ave, Mumbai",AC Level 2,EVgo,150,0.34,16.0,7,4.2,94,1,0.4986,LOW
EVS02667,"4296 Chicago Ave, Chicago",DC Fast Charger,Tesla,350,0.18,2.76,3,4.4,95,1,0.4986,LOW
EVS04721,"7460 Random Rd, City 305, Country",AC Level 2,Greenlots,150,0.28,16.77,5,3.4,22,0,0.4986,LOW
EVS00186,"2955 Mexico City Ave, Mexico City",AC Level 1,Tesla,150,0.31,11.61,4,4.1,35,0,0.4985,LOW
EVS02688,"8393 Dubai Ave, Dubai",AC Level 1,Tesla,350,0.47,16.98,2,5.0,25,0,0.4985,LOW
EVS03510,"3383 Mexico City Ave, Mexico City",AC Level 1,Ionity,50,0.29,6.92,2,4.0,76,1,0.4985,LOW
EVS02809,"7374 Beijing Ave, Beijing",AC Level 1,Greenlots,350,0.41,18.78,1,4.2,43,0,0.4984,LOW
EVS02147,"4705 Mumbai Ave, Mumbai",AC Level 2,ChargePoint,350,0.36,19.95,9,4.6,47,0,0.4984,LOW
EVS03169,"81 Dubai Ave, Dubai",AC Level 1,EVgo,150,0.2,12.64,4,3.1,56,0,0.4984,LOW
EVS04823,"6876 Seoul Ave, Seoul",DC Fast Charger,ChargePoint,22,0.18,6.95,5,3.4,99,1,0.4984,LOW
EVS03277,"8076 Sydney Ave, Sydney",AC Level 1,ChargePoint,150,0.49,16.8,1,4.6,63,1,0.4984,LOW
EVS03609,"7797 Mumbai Ave, Mumbai",AC Level 1,Tesla,50,0.3,13.53,6,3.8,99,1,0.4984,LOW
EVS00939,"4299 Seoul Ave, Seoul",AC Level 2,EVgo,50,0.27,9.0,8,4.3,37,0,0.4984,LOW
EVS04068,"1124 Los Angeles Ave, Los Angeles",AC Level 1,Tesla,150,0.27,19.22,9,3.5,24,0,0.4984,LOW
EVS00736,"4408 Berlin Ave, Berlin",AC Level 1,Tesla,350,0.29,16.58,2,3.6,89,1,0.4984,LOW
EVS03711,"498 Random Rd, City 206, Country",DC Fast Charger,Ionity,50,0.26,1.28,3,4.5,71,1,0.4983,LOW
EVS01158,"3693 Mexico City Ave, Mexico City",AC Level 1,EVgo,150,0.22,0.77,5,4.7,17,0,0.4983,LOW
EVS00537,"9123 Cape Town Ave, Cape Town",AC Level 1,Tesla,50,0.18,8.94,9,3.7,62,1,0.4983,LOW
EVS01599,"5940 Seoul Ave, Seoul",AC Level 2,Tesla,22,0.25,13.66,5,3.2,67,1,0.4983,LOW
EVS03787,"2804 Berlin Ave, Berlin",AC Level 1,ChargePoint,22,0.42,18.34,3,3.8,90,1,0.4983,LOW
EVS03468,"3861 Seoul Ave, Seoul",DC Fast Charger,ChargePoint,350,0.28,14.02,2,3.8,44,0,0.4982,LOW
EVS03379,"6656 Moscow Ave, Moscow",AC Level 1,Ionity,50,0.41,11.18,4,4.7,17,0,0.4982,LOW
EVS03519,"8871 Mumbai Ave, Mumbai",AC Level 1,Tesla,22,0.15,12.43,9,3.0,69,1,0.4982,LOW
EVS01918,"6200 Beijing Ave, Beijing",AC Level 1,Ionity,22,0.42,8.63,4,5.0,61,1,0.4982,LOW
EVS04298,"7435 San Francisco Ave, San Francisco",DC Fast Charger,Tesla,50,0.22,7.42,10,4.3,82,1,0.4982,LOW
EVS01767,"9030 Sydney Ave, Sydney",AC Level 1,Greenlots,150,0.12,3.85,2,3.2,18,0,0.4982,LOW
EVS03861,"2064 Random Rd, City 172, Country",AC Level 2,Greenlots,350,0.28,19.92,6,3.6,56,0,0.4982,LOW
EVS01251,"9584 Random Rd, City 217, Country",AC Level 2,Ionity,50,0.4,16.53,3,3.9,54,0,0.4982,LOW
EVS00062,"7833 Cape Town Ave, Cape Town",DC Fast Charger,Greenlots,50,0.23,0.68,8,4.9,68,1,0.4981,LOW
EVS02472,"8956 Beijing Ave, Beijing",DC Fast Charger,EVgo,50,0.22,2.77,9,4.7,42,0,0.4981,LOW
EVS00369,"8936 São Paulo Ave, São Paulo",AC Level 1,EVgo,50,0.19,7.78,3,3.2,78,1,0.4981,LOW
EVS01828,"6777 San Francisco Ave, San Francisco",AC Level 1,ChargePoint,350,0.28,11.7,5,4.4,76,1,0.4981,LOW
EVS02899,"8549 Cape Town Ave, Cape Town",AC Level 1,Greenlots,150,0.12,4.23,5,3.5,47,0,0.4981,LOW
EVS01795,"9260 Los Angeles Ave, Los Angeles",AC Level 2,Tesla,150,0.34,19.32,1,3.1,66,1,0.4981,LOW
EVS01787,"5907 Beijing Ave, Beijing",AC Level 2,ChargePoint,50,0.19,4.17,9,4.3,87,1,0.498,LOW
EVS04724,"9851 São Paulo Ave, São Paulo",AC Level 1,Ionity,50,0.13,1.23,6,3.8,73,1,0.498,LOW
EVS03562,"7938 Bangkok Ave, Bangkok",AC Level 2,Ionity,50,0.42,18.63,2,3.7,74,1,0.498,LOW
EVS00325,"4976 Los Angeles Ave, Los Angeles",AC Level 2,Ionity,150,0.31,11.79,1,3.7,98,1,0.498,LOW
EVS04677,"5928 Beijing Ave, Beijing",AC Level 2,Tesla,350,0.22,15.26,4,3.4,57,1,0.498,LOW
EVS03968,"380 Chicago Ave, Chicago",DC Fast Charger,ChargePoint,150,0.29,1.43,1,4.7,99,1,0.4979,LOW
EVS00088,"760 Cape Town Ave, Cape Town",DC Fast Charger,Ionity,350,0.37,19.09,6,4.4,68,1,0.4979,LOW
EVS02999,"6940 Beijing Ave, Beijing",DC Fast Charger,Tesla,350,0.21,6.94,7,4.6,83,1,0.4979,LOW
EVS02278,"4164 Berlin Ave, Berlin",AC Level 1,Tesla,350,0.15,3.26,5,4.3,84,1,0.4979,LOW
EVS02552,"4022 Cape Town Ave, Cape Town",DC Fast Charger,EVgo,150,0.23,12.72,10,4.0,97,1,0.4979,LOW
EVS03567,"2775 Sydney Ave, Sydney",AC Level 1,ChargePoint,22,0.29,15.42,5,3.3,51,0,0.4979,LOW
EVS04791,"4443 Random Rd, City 36, Country",AC Level 2,Tesla,22,0.36,14.61,2,3.6,62,1,0.4979,LOW
EVS03750,"623 Berlin Ave, Berlin",AC Level 1,ChargePoint,22,0.27,0.58,5,4.8,99,1,0.4978,LOW
EVS01683,"5760 Bangkok Ave, Bangkok",AC Level 2,Greenlots,350,0.14,10.67,6,3.5,21,0,0.4978,LOW
EVS04417,"217 Dubai Ave, Dubai",AC Level 1,Ionity,150,0.22,4.24,6,4.4,57,1,0.4978,LOW
EVS00591,"8907 Random Rd, City 240, Country",AC Level 1,Greenlots,150,0.26,13.33,6,3.7,42,0,0.4978,LOW
EVS03115,"380 Toronto Ave, Toronto",AC Level 2,Greenlots,350,0.35,16.12,2,4.1,16,0,0.4978,LOW
EVS03035,"521 Cape Town Ave, Cape Town",DC Fast Charger,Tesla,22,0.32,8.41,10,4.9,20,0,0.4978,LOW
EVS01299,"852 Mumbai Ave, Mumbai",DC Fast Charger,EVgo,50,0.17,4.1,7,3.9,26,0,0.4977,LOW
EVS03862,"8066 Chicago Ave, Chicago",AC Level 2,EVgo,22,0.44,18.44,8,4.5,72,1,0.4977,LOW
EVS02669,"2005 Sydney Ave, Sydney",AC Level 1,Ionity,150,0.23,9.67,8,4.1,66,1,0.4977,LOW
EVS02341,"8036 Random Rd, City 279, Country",AC Level 1,Tesla,50,0.48,11.92,1,4.8,57,1,0.4977,LOW
EVS01755,"2177 Mexico City Ave, Mexico City",AC Level 2,Tesla,350,0.34,12.53,7,5.0,76,1,0.4977,LOW
EVS02211,"4412 Random Rd, City 281, Country",AC Level 1,ChargePoint,150,0.27,18.15,10,3.7,63,1,0.4977,LOW
EVS04850,"5794 Los Angeles Ave, Los Angeles",DC Fast Charger,Ionity,150,0.15,3.82,1,3.3,40,0,0.4977,LOW
EVS03878,"6579 Bangkok Ave, Bangkok",AC Level 2,Ionity,50,0.3,12.6,2,3.4,82,1,0.4977,LOW
EVS03623,"1470 Sydney Ave, Sydney",AC Level 1,Greenlots,50,0.46,18.77,9,4.8,94,1,0.4977,LOW
EVS03641,"2441 Random Rd, City 133, Country",AC Level 2,Ionity,150,0.29,11.82,6,4.1,89,1,0.4976,LOW
EVS01797,"7017 São Paulo Ave, São Paulo",AC Level 2,Greenlots,150,0.34,16.69,9,4.3,55,0,0.4976,LOW
EVS02892,"8827 Mumbai Ave, Mumbai",DC Fast Charger,EVgo,150,0.21,15.16,7,3.2,88,1,0.4976,LOW
EVS02689,"4986 San Francisco Ave, San Francisco",DC Fast Charger,ChargePoint,150,0.2,8.22,1,3.2,99,1,0.4976,LOW
EVS04970,"3837 Mexico City Ave, Mexico City",DC Fast Charger,ChargePoint,22,0.46,17.27,3,4.2,52,0,0.4976,LOW
EVS00254,"3604 Berlin Ave, Berlin",AC Level 1,ChargePoint,150,0.38,4.98,1,5.0,54,0,0.4976,LOW
EVS01316,"1263 Bangkok Ave, Bangkok",AC Level 1,Ionity,150,0.35,14.85,10,4.7,86,1,0.4975,LOW
EVS02479,"4695 Dubai Ave, Dubai",DC Fast Charger,Ionity,150,0.39,17.86,5,4.1,21,0,0.4975,LOW
EVS03812,"9438 Dubai Ave, Dubai",AC Level 2,Greenlots,150,0.32,12.28,1,3.7,30,0,0.4975,LOW
EVS04249,"2761 Chicago Ave, Chicago",DC Fast Charger,Tesla,350,0.15,0.82,8,4.9,54,0,0.4975,LOW
EVS01231,"7290 Random Rd, City 314, Country",AC Level 2,Tesla,50,0.32,16.9,4,3.3,69,1,0.4975,LOW
EVS02709,"756 Moscow Ave, Moscow",DC Fast Charger,Ionity,350,0.24,11.99,4,3.9,49,0,0.4975,LOW
EVS00948,"9213 São Paulo Ave, São Paulo",DC Fast Charger,Ionity,50,0.46,13.63,5,4.9,20,0,0.4975,LOW
EVS04175,"48 Berlin Ave, Berlin",DC Fast Charger,ChargePoint,22,0.44,19.2,8,4.4,59,1,0.4975,LOW
EVS04698,"9109 Cape Town Ave, Cape Town",DC Fast Charger,Greenlots,150,0.42,13.57,4,4.7,45,0,0.4975,LOW
EVS04300,"1508 São Paulo Ave, São Paulo",DC Fast Charger,EVgo,50,0.13,6.74,9,3.5,24,0,0.4974,LOW
EVS02994,"9523 Seoul Ave, Seoul",AC Level 2,Ionity,22,0.45,18.13,2,3.9,79,1,0.4974,LOW
EVS00169,"7216 Los Angeles Ave, Los Angeles",DC Fast Charger,Ionity,22,0.47,19.4,1,3.8,37,0,0.4974,LOW
EVS04534,"6029 Los Angeles Ave, Los Angeles",AC Level 2,Tesla,50,0.17,0.96,5,4.0,22,0,0.4974,LOW
EVS01351,"4141 Random Rd, City 281, Country",AC Level 1,Ionity,50,0.14,3.86,9,3.9,15,0,0.4974,LOW
EVS02708,"3907 Toronto Ave, Toronto",AC Level 2,Tesla,150,0.37,13.95,7,4.6,84,1,0.4973,LOW
EVS01693,"7127 São Paulo Ave, São Paulo",AC Level 1,Tesla,22,0.29,2.22,2,4.4,10,0,0.4973,LOW
EVS04712,"4039 Moscow Ave, Moscow",AC Level 1,EVgo,22,0.39,12.6,6,4.5,16,0,0.4973,LOW
EVS01006,"8901 Dubai Ave, Dubai",DC Fast Charger,Tesla,50,0.26,2.57,3,4.3,18,0,0.4973,LOW
EVS00405,"1903 San Francisco Ave, San Francisco",AC Level 2,Tesla,22,0.4,10.04,2,4.4,26,0,0.4973,LOW
EVS00557,"7365 Berlin Ave, Berlin",DC Fast Charger,Ionity,350,0.22,13.0,3,3.5,84,1,0.4973,LOW
EVS03796,"7566 Moscow Ave, Moscow",AC Level 1,Ionity,22,0.26,1.09,3,4.4,10,0,0.4972,LOW
EVS04273,"5849 Beijing Ave, Beijing",AC Level 2,Greenlots,22,0.31,4.36,1,4.2,47,0,0.4972,LOW
EVS03659,"2491 Dubai Ave, Dubai",AC Level 2,ChargePoint,150,0.38,18.65,4,3.8,38,0,0.4972,LOW
EVS00340,"9993 Seoul Ave, Seoul",DC Fast Charger,Greenlots,22,0.13,4.15,8,3.6,25,0,0.4972,LOW
EVS03872,"6231 Los Angeles Ave, Los Angeles",DC Fast Charger,EVgo,50,0.24,8.37,10,4.3,97,1,0.4972,LOW
EVS02805,"690 Chicago Ave, Chicago",DC Fast Charger,Greenlots,50,0.32,9.19,1,3.8,34,0,0.4972,LOW
EVS02673,"4171 Los Angeles Ave, Los Angeles",DC Fast Charger,Greenlots,150,0.38,17.73,4,3.9,65,1,0.4972,LOW
EVS03250,"1070 Sydney Ave, Sydney",AC Level 1,Ionity,150,0.19,8.05,6,3.7,29,0,0.4972,LOW
EVS02974,"9759 Chicago Ave, Chicago",AC Level 1,Tesla,150,0.16,12.14,6,3.0,10,0,0.4971,LOW
EVS01125,"7562 Sydney Ave, Sydney",AC Level 2,ChargePoint,50,0.27,6.18,5,4.2,70,1,0.4971,LOW
EVS02664,"9291 Dubai Ave, Dubai",AC Level 2,Tesla,350,0.21,14.15,4,3.4,20,0,0.4971,LOW
EVS03740,"8228 Bangkok Ave, Bangkok",AC Level 1,Tesla,22,0.15,9.08,8,3.2,89,1,0.4971,LOW
EVS02125,"1680 Cape Town Ave, Cape Town",AC Level 2,Tesla,22,0.38,13.57,6,4.3,54,0,0.4971,LOW
EVS00799,"9384 Dubai Ave, Dubai",AC Level 2,Tesla,350,0.41,10.99,1,5.0,45,0,0.4971,LOW
EVS02885,"7405 Mexico City Ave, Mexico City",AC Level 1,ChargePoint,22,0.48,19.79,6,4.4,17,0,0.4971,LOW
EVS00945,"9223 Seoul Ave, Seoul",DC Fast Charger,ChargePoint,50,0.39,19.73,9,4.1,25,0,0.497,LOW
EVS04326,"5654 Beijing Ave, Beijing",AC Level 1,Ionity,22,0.23,0.62,9,4.9,87,1,0.497,LOW
EVS00481,"3548 Random Rd, City 4, Country",AC Level 2,ChargePoint,22,0.4,19.28,5,3.7,88,1,0.497,LOW
EVS04171,"2349 Random Rd, City 127, Country",AC Level 2,EVgo,22,0.26,3.06,5,4.4,45,0,0.497,LOW
EVS02415,"9936 Beijing Ave, Beijing",DC Fast Charger,Ionity,50,0.39,16.46,5,4.0,48,0,0.497,LOW
EVS04312,"5326 Chicago Ave, Chicago",DC Fast Charger,Greenlots,150,0.32,3.56,4,5.0,42,0,0.497,LOW
EVS03223,"4676 Seoul Ave, Seoul",DC Fast Charger,ChargePoint,50,0.29,15.13,2,3.0,99,1,0.497,LOW
EVS04923,"8684 Beijing Ave, Beijing",AC Level 2,Tesla,150,0.14,1.28,3,3.7,91,1,0.497,LOW
EVS00700,"223 Mumbai Ave, Mumbai",DC Fast Charger,EVgo,50,0.25,12.11,7,3.6,54,0,0.497,LOW
EVS04499,"8089 Mexico City Ave, Mexico City",DC Fast Charger,Greenlots,22,0.33,13.23,4,3.7,62,1,0.497,LOW
EVS01452,"1082 São Paulo Ave, São Paulo",AC Level 1,EVgo,350,0.32,18.78,7,4.1,95,1,0.497,LOW
EVS03723,"172 Sydney Ave, Sydney",AC Level 2,Greenlots,350,0.13,4.06,5,4.0,92,1,0.497,LOW
EVS02218,"271 Seoul Ave, Seoul",DC Fast Charger,Tesla,22,0.28,16.49,8,3.4,91,1,0.497,LOW
EVS03592,"2403 Dubai Ave, Dubai",AC Level 1,EVgo,350,0.4,17.36,1,4.2,30,0,0.497,LOW
EVS02644,"287 Sydney Ave, Sydney",AC Level 1,EVgo,22,0.2,2.32,5,4.0,97,1,0.497,LOW
EVS04243,"8986 Moscow Ave, Moscow",AC Level 2,Tesla,150,0.17,1.33,1,3.7,40,0,0.497,LOW
EVS00098,"7371 Beijing Ave, Beijing",DC Fast Charger,Tesla,350,0.2,10.82,5,3.8,85,1,0.4969,LOW
EVS01417,"7935 Mumbai Ave, Mumbai",AC Level 2,ChargePoint,350,0.4,15.56,1,4.4,22,0,0.4969,LOW
EVS01041,"293 Random Rd, City 128, Country",AC Level 2,Ionity,50,0.27,12.61,7,3.7,57,1,0.4969,LOW
EVS04008,"6790 Mexico City Ave, Mexico City",AC Level 2,EVgo,150,0.31,12.01,6,4.2,20,0,0.4969,LOW
EVS00876,"1795 Mexico City Ave, Mexico City",DC Fast Charger,ChargePoint,22,0.39,3.65,1,4.9,23,0,0.4969,LOW
EVS00951,"7586 Random Rd, City 234, Country",DC Fast Charger,Tesla,50,0.39,12.83,5,4.4,68,1,0.4969,LOW
EVS01573,"6260 San Francisco Ave, San Francisco",DC Fast Charger,Tesla,150,0.3,4.0,5,4.9,96,1,0.4969,LOW
EVS02784,"3021 Bangkok Ave, Bangkok",AC Level 2,Ionity,150,0.2,9.35,5,3.5,28,0,0.4968,LOW
EVS04884,"8749 Bangkok Ave, Bangkok",AC Level 2,Ionity,350,0.14,13.63,5,3.0,40,0,0.4968,LOW
EVS00659,"4645 Beijing Ave, Beijing",AC Level 1,ChargePoint,22,0.29,10.75,1,3.3,63,1,0.4968,LOW
EVS00934,"8356 Seoul Ave, Seoul",AC Level 1,EVgo,22,0.28,14.77,9,3.7,71,1,0.4968,LOW
EVS03728,"7866 Chicago Ave, Chicago",DC Fast Charger,Greenlots,22,0.16,1.17,5,3.8,61,1,0.4968,LOW
EVS00829,"2958 Mumbai Ave, Mumbai",AC Level 2,ChargePoint,50,0.31,15.84,4,3.3,100,1,0.4968,LOW
EVS02112,"7963 Beijing Ave, Beijing",AC Level 2,Ionity,350,0.19,4.94,7,4.6,11,0,0.4967,LOW
EVS03769,"8472 Los Angeles Ave, Los Angeles",AC Level 2,Tesla,150,0.12,3.13,8,3.9,94,1,0.4967,LOW
EVS02675,"297 Chicago Ave, Chicago",DC Fast Charger,EVgo,22,0.3,9.47,6,4.1,45,0,0.4967,LOW
EVS00667,"6112 Sydney Ave, Sydney",AC Level 1,Ionity,150,0.28,14.51,2,3.2,70,1,0.4966,LOW
EVS02204,"5916 Bangkok Ave, Bangkok",AC Level 1,Greenlots,22,0.2,4.84,5,3.7,37,0,0.4966,LOW
EVS01663,"2322 Toronto Ave, Toronto",DC Fast Charger,Ionity,150,0.33,8.11,1,4.2,35,0,0.4966,LOW
EVS04535,"1611 Los Angeles Ave, Los Angeles",AC Level 2,Ionity,150,0.42,11.99,2,4.6,21,0,0.4966,LOW
EVS03652,"8957 Toronto Ave, Toronto",DC Fast Charger,EVgo,150,0.15,5.37,9,4.0,36,0,0.4966,LOW
EVS02395,"7962 Sydney Ave, Sydney",AC Level 2,Ionity,22,0.31,1.38,1,4.5,95,1,0.4966,LOW
EVS00911,"8969 Random Rd, City 330, Country",AC Level 2,Tesla,50,0.46,18.41,10,4.9,80,1,0.4966,LOW
EVS00902,"9538 Bangkok Ave, Bangkok",AC Level 1,Greenlots,50,0.4,11.93,1,4.1,97,1,0.4966,LOW
EVS01468,"2117 Mexico City Ave, Mexico City",AC Level 1,Tesla,350,0.16,3.78,8,4.6,83,1,0.4966,LOW
EVS02463,"2353 San Francisco Ave, San Francisco",AC Level 1,Ionity,50,0.28,10.35,6,3.9,85,1,0.4966,LOW
EVS03805,"9637 Sydney Ave, Sydney",AC Level 2,Ionity,50,0.17,0.87,7,4.2,25,0,0.4966,LOW
EVS01878,"9362 Cape Town Ave, Cape Town",DC Fast Charger,ChargePoint,50,0.2,2.25,8,4.4,95,1,0.4966,LOW
EVS02912,"6125 San Francisco Ave, San Francisco",DC Fast Charger,Greenlots,50,0.27,2.92,9,5.0,21,0,0.4966,LOW
EVS04380,"9238 Seoul Ave, Seoul",AC Level 2,Ionity,50,0.23,1.56,7,4.6,52,0,0.4966,LOW
EVS01626,"9582 Moscow Ave, Moscow",AC Level 2,ChargePoint,22,0.38,18.78,7,3.8,25,0,0.4965,LOW
EVS02802,"64 Mexico City Ave, Mexico City",AC Level 1,ChargePoint,50,0.28,17.28,5,3.0,40,0,0.4965,LOW
EVS03353,"7235 São Paulo Ave, São Paulo",AC Level 2,Greenlots,350,0.23,10.36,1,3.6,94,1,0.4965,LOW
EVS01675,"6199 Berlin Ave, Berlin",AC Level 2,Ionity,350,0.15,6.13,5,3.9,53,0,0.4965,LOW
EVS04515,"7732 Cape Town Ave, Cape Town",AC Level 2,ChargePoint,50,0.27,9.86,8,4.1,65,1,0.4965,LOW
EVS02647,"3869 Chicago Ave, Chicago",AC Level 2,Tesla,50,0.25,2.48,10,5.0,17,0,0.4965,LOW
EVS04514,"1593 Toronto Ave, Toronto",DC Fast Charger,Greenlots,350,0.35,19.48,5,4.0,98,1,0.4964,LOW
EVS01449,"3137 São Paulo Ave, São Paulo",AC Level 1,ChargePoint,22,0.13,1.39,4,3.4,49,0,0.4964,LOW
EVS03513,"3606 Moscow Ave, Moscow",DC Fast Charger,ChargePoint,150,0.37,14.7,9,4.7,48,0,0.4964,LOW
EVS00726,"3809 Moscow Ave, Moscow",AC Level 1,Ionity,50,0.27,9.84,8,4.1,71,1,0.4964,LOW
EVS00937,"1265 Sydney Ave, Sydney",AC Level 2,ChargePoint,50,0.14,4.24,3,3.1,46,0,0.4963,LOW
EVS04389,"9313 Sydney Ave, Sydney",DC Fast Charger,ChargePoint,350,0.14,5.91,3,3.6,86,1,0.4962,LOW
EVS00822,"4487 Seoul Ave, Seoul",AC Level 2,EVgo,150,0.29,10.69,9,4.5,23,0,0.4962,LOW
EVS03624,"1291 Dubai Ave, Dubai",AC Level 1,Tesla,350,0.25,15.64,10,4.2,94,1,0.4962,LOW
EVS02691,"6564 Random Rd, City 435, Country",AC Level 1,Greenlots,350,0.17,0.6,1,4.2,13,0,0.4962,LOW
EVS03450,"4564 Moscow Ave, Moscow",DC Fast Charger,Tesla,22,0.32,2.78,1,4.4,94,1,0.4962,LOW
EVS00841,"4738 Random Rd, City 17, Country",AC Level 1,Greenlots,150,0.13,2.26,5,3.7,50,0,0.4962,LOW
EVS01984,"2665 Chicago Ave, Chicago",AC Level 2,Ionity,50,0.26,8.86,7,4.0,35,0,0.4962,LOW
EVS03940,"7237 Sydney Ave, Sydney",DC Fast Charger,Greenlots,50,0.25,5.76,9,4.5,89,1,0.4962,LOW
EVS01059,"4999 Beijing Ave, Beijing",DC Fast Charger,Tesla,50,0.31,10.18,10,4.6,92,1,0.4962,LOW
EVS02627,"3593 Sydney Ave, Sydney",AC Level 2,ChargePoint,350,0.14,4.38,5,4.0,31,0,0.4962,LOW
EVS01418,"4528 Mumbai Ave, Mumbai",DC Fast Charger,Ionity,50,0.29,15.45,7,3.5,96,1,0.4961,LOW
EVS02666,"7325 San Francisco Ave, San Francisco",AC Level 2,ChargePoint,350,0.28,10.33,2,4.1,66,1,0.4961,LOW
EVS00570,"4194 San Francisco Ave, San Francisco",AC Level 2,ChargePoint,22,0.31,7.65,9,4.7,78,1,0.4961,LOW
EVS02871,"3056 Random Rd, City 68, Country",AC Level 1,ChargePoint,350,0.35,14.83,5,4.5,13,0,0.496,LOW
EVS03529,"6975 Los Angeles Ave, Los Angeles",AC Level 1,Tesla,50,0.41,14.13,7,4.6,54,0,0.496,LOW
EVS00087,"6829 Chicago Ave, Chicago",AC Level 2,EVgo,50,0.2,3.17,10,4.5,91,1,0.496,LOW
EVS03735,"5628 Mexico City Ave, Mexico City",DC Fast Charger,Tesla,150,0.29,16.99,4,3.2,23,0,0.496,LOW
EVS04408,"201 Mexico City Ave, Mexico City",AC Level 2,EVgo,22,0.19,5.29,9,4.0,49,0,0.496,LOW
EVS03548,"3581 Berlin Ave, Berlin",AC Level 1,Ionity,22,0.41,8.49,3,4.7,54,0,0.496,LOW
EVS02293,"3314 Berlin Ave, Berlin",DC Fast Charger,Tesla,22,0.3,10.61,4,3.7,46,0,0.496,LOW
EVS04500,"6103 Toronto Ave, Toronto",AC Level 1,Tesla,22,0.24,3.95,6,4.2,87,1,0.496,LOW
EVS02300,"2605 Bangkok Ave, Bangkok",AC Level 2,Tesla,150,0.16,1.62,5,4.0,99,1,0.496,LOW
EVS03202,"9394 Mumbai Ave, Mumbai",DC Fast Charger,Ionity,150,0.4,10.25,2,4.6,72,1,0.496,LOW
EVS04675,"9895 Mumbai Ave, Mumbai",AC Level 1,Ionity,350,0.29,19.14,3,3.3,18,0,0.496,LOW
EVS01625,"8842 Los Angeles Ave, Los Angeles",AC Level 2,EVgo,150,0.26,7.36,8,4.5,55,0,0.4959,LOW
EVS00289,"2755 Toronto Ave, Toronto",DC Fast Charger,Tesla,150,0.45,15.56,2,4.4,41,0,0.4959,LOW
EVS00269,"9697 Beijing Ave, Beijing",AC Level 2,Tesla,50,0.24,5.66,8,4.3,75,1,0.4959,LOW
EVS01928,"869 Bangkok Ave, Bangkok",AC Level 2,Tesla,22,0.39,17.84,10,4.3,93,1,0.4959,LOW
EVS01679,"2322 São Paulo Ave, São Paulo",AC Level 1,EVgo,22,0.37,17.77,1,3.1,73,1,0.4958,LOW
EVS02567,"5716 São Paulo Ave, São Paulo",AC Level 1,EVgo,350,0.12,4.44,4,3.7,42,0,0.4958,LOW
EVS00727,"560 Moscow Ave, Moscow",AC Level 2,EVgo,50,0.4,13.32,7,4.6,44,0,0.4958,LOW
EVS00316,"5399 Seoul Ave, Seoul",DC Fast Charger,Greenlots,150,0.22,1.94,9,4.9,74,1,0.4958,LOW
EVS03671,"3991 Random Rd, City 95, Country",AC Level 1,Ionity,150,0.31,18.16,9,3.8,99,1,0.4958,LOW
EVS04098,"9496 Moscow Ave, Moscow",DC Fast Charger,EVgo,350,0.27,6.48,6,4.9,80,1,0.4958,LOW
EVS01383,"1087 Cape Town Ave, Cape Town",AC Level 2,Greenlots,50,0.23,12.93,8,3.4,73,1,0.4958,LOW
EVS00835,"7300 São Paulo Ave, São Paulo",AC Level 1,Greenlots,50,0.44,9.02,1,4.7,50,0,0.4958,LOW
EVS03119,"9615 Cape Town Ave, Cape Town",AC Level 2,Tesla,350,0.14,6.7,10,4.3,26,0,0.4958,LOW
EVS01338,"633 San Francisco Ave, San Francisco",AC Level 1,Ionity,150,0.23,6.78,7,4.2,40,0,0.4957,LOW
EVS01602,"2854 Los Angeles Ave, Los Angeles",AC Level 2,EVgo,50,0.41,14.57,5,4.3,98,1,0.4957,LOW
EVS04628,"4530 Mumbai Ave, Mumbai",AC Level 2,ChargePoint,150,0.42,14.07,1,4.2,11,0,0.4957,LOW
EVS02969,"3215 Toronto Ave, Toronto",DC Fast Charger,Tesla,50,0.17,6.08,9,3.8,57,1,0.4957,LOW
EVS02115,"8302 São Paulo Ave, São Paulo",AC Level 1,EVgo,150,0.31,13.66,3,3.6,94,1,0.4957,LOW
EVS02168,"4095 São Paulo Ave, São Paulo",AC Level 2,Ionity,50,0.18,4.57,6,3.7,29,0,0.4957,LOW
EVS01777,"3081 Chicago Ave, Chicago",AC Level 2,Greenlots,22,0.24,7.81,9,4.1,99,1,0.4957,LOW
EVS01991,"7707 Random Rd, City 284, Country",DC Fast Charger,EVgo,50,0.3,3.46,1,4.2,10,0,0.4957,LOW
EVS00123,"8450 São Paulo Ave, São Paulo",AC Level 2,Tesla,50,0.21,7.71,7,3.7,62,1,0.4956,LOW
EVS02679,"2249 Chicago Ave, Chicago",DC Fast Charger,EVgo,50,0.29,19.05,9,3.3,65,1,0.4956,LOW
EVS00842,"2167 Chicago Ave, Chicago",AC Level 2,EVgo,50,0.29,6.56,9,4.7,10,0,0.4956,LOW
EVS03185,"7160 Beijing Ave, Beijing",DC Fast Charger,Ionity,150,0.41,11.53,1,4.4,44,0,0.4956,LOW
EVS00626,"2144 Berlin Ave, Berlin",AC Level 2,Greenlots,50,0.33,4.96,3,4.5,24,0,0.4956,LOW
EVS01510,"2909 Dubai Ave, Dubai",AC Level 2,Tesla,50,0.34,9.08,2,4.0,38,0,0.4956,LOW
EVS04157,"7953 San Francisco Ave, San Francisco",AC Level 2,Ionity,150,0.26,17.46,5,3.0,58,1,0.4955,LOW
EVS00089,"7708 Toronto Ave, Toronto",AC Level 1,ChargePoint,50,0.16,3.08,6,3.7,99,1,0.4955,LOW
EVS03463,"9793 Sydney Ave, Sydney",DC Fast Charger,Ionity,350,0.43,13.75,3,5.0,10,0,0.4955,LOW
EVS01028,"4596 Mexico City Ave, Mexico City",AC Level 1,Greenlots,150,0.2,8.41,9,4.0,43,0,0.4955,LOW
EVS03112,"9825 Cape Town Ave, Cape Town",AC Level 1,ChargePoint,22,0.41,14.36,2,3.9,84,1,0.4955,LOW
EVS03903,"7838 Moscow Ave, Moscow",AC Level 1,Greenlots,50,0.13,8.47,9,3.2,78,1,0.4955,LOW
EVS00221,"3372 Random Rd, City 151, Country",AC Level 1,EVgo,150,0.3,14.6,9,4.1,73,1,0.4954,LOW
EVS01940,"7330 San Francisco Ave, San Francisco",DC Fast Charger,ChargePoint,22,0.26,14.78,5,3.0,69,1,0.4954,LOW
EVS04358,"9626 Beijing Ave, Beijing",AC Level 1,Ionity,350,0.22,17.61,4,3.0,18,0,0.4954,LOW
EVS04508,"3142 San Francisco Ave, San Francisco",DC Fast Charger,Ionity,350,0.3,14.84,1,3.6,70,1,0.4954,LOW
EVS00228,"9700 Sydney Ave, Sydney",DC Fast Charger,Greenlots,22,0.49,12.13,3,4.9,92,1,0.4954,LOW
EVS04244,"5315 Dubai Ave, Dubai",AC Level 2,EVgo,50,0.46,14.71,7,4.9,77,1,0.4954,LOW
EVS00919,"7764 Moscow Ave, Moscow",AC Level 1,Greenlots,350,0.2,6.06,2,3.9,58,1,0.4954,LOW
EVS04107,"6930 Seoul Ave, Seoul",AC Level 2,Tesla,350,0.21,9.88,5,3.9,87,1,0.4954,LOW
EVS01043,"8937 Seoul Ave, Seoul",AC Level 1,Tesla,350,0.37,14.45,1,4.2,68,1,0.4954,LOW
EVS00689,"9843 Mumbai Ave, Mumbai",AC Level 2,Greenlots,350,0.19,3.53,8,4.8,94,1,0.4953,LOW
EVS00470,"8995 Toronto Ave, Toronto",AC Level 1,EVgo,150,0.28,9.26,7,4.3,36,0,0.4953,LOW
EVS02246,"4733 Berlin Ave, Berlin",DC Fast Charger,ChargePoint,150,0.38,7.47,1,4.6,61,1,0.4953,LOW
EVS02438,"5607 Los Angeles Ave, Los Angeles",DC Fast Charger,Ionity,150,0.15,1.02,8,4.3,78,1,0.4953,LOW
EVS03072,"3630 Dubai Ave, Dubai",AC Level 1,EVgo,50,0.37,12.41,5,4.2,27,0,0.4953,LOW
EVS00252,"6714 Seoul Ave, Seoul",AC Level 2,Tesla,350,0.21,18.15,7,3.2,81,1,0.4953,LOW
EVS04853,"2284 Moscow Ave, Moscow",AC Level 2,EVgo,22,0.47,16.88,3,4.2,55,0,0.4953,LOW
EVS00239,"9259 Los Angeles Ave, Los Angeles",AC Level 2,Ionity,150,0.18,12.95,8,3.2,94,1,0.4953,LOW
EVS00610,"8013 São Paulo Ave, São Paulo",AC Level 2,Ionity,22,0.28,18.63,10,3.3,46,0,0.4952,LOW
EVS02757,"5253 Seoul Ave, Seoul",DC Fast Charger,Tesla,50,0.48,13.99,5,4.9,26,0,0.4952,LOW
EVS02320,"1340 Mexico City Ave, Mexico City",AC Level 2,EVgo,22,0.18,8.24,6,3.2,70,1,0.4952,LOW
EVS01331,"7470 Random Rd, City 450, Country",AC Level 1,Tesla,350,0.29,13.55,10,4.7,97,1,0.4952,LOW
EVS01847,"1917 Bangkok Ave, Bangkok",DC Fast Charger,Ionity,50,0.42,9.66,5,4.9,90,1,0.4951,LOW
EVS01372,"7672 Chicago Ave, Chicago",AC Level 2,Tesla,50,0.29,7.84,1,3.6,96,1,0.4951,LOW
EVS02603,"1085 Dubai Ave, Dubai",AC Level 1,Greenlots,22,0.12,2.56,9,3.7,67,1,0.4951,LOW
EVS00897,"1548 Dubai Ave, Dubai",AC Level 1,Tesla,350,0.36,13.16,4,4.6,57,1,0.4951,LOW
EVS02165,"5580 Mumbai Ave, Mumbai",AC Level 2,Ionity,50,0.33,10.67,1,3.6,25,0,0.4951,LOW
EVS03770,"5767 Dubai Ave, Dubai",AC Level 2,ChargePoint,350,0.19,11.56,9,4.0,89,1,0.495,LOW
EVS04255,"9129 São Paulo Ave, São Paulo",DC Fast Charger,ChargePoint,22,0.25,5.54,9,4.4,34,0,0.495,LOW
EVS00012,"3932 Moscow Ave, Moscow",AC Level 1,Greenlots,150,0.17,1.88,5,4.0,18,0,0.495,LOW
EVS03261,"2383 Random Rd, City 410, Country",AC Level 2,Greenlots,50,0.19,2.89,4,3.7,43,0,0.495,LOW
EVS01072,"9182 Bangkok Ave, Bangkok",AC Level 1,EVgo,350,0.2,14.21,4,3.2,45,0,0.495,LOW
EVS03350,"1596 Chicago Ave, Chicago",AC Level 1,ChargePoint,150,0.33,14.45,7,4.1,61,1,0.495,LOW
EVS01888,"9872 Berlin Ave, Berlin",AC Level 2,ChargePoint,150,0.33,7.76,4,4.5,45,0,0.495,LOW
EVS02821,"6477 Random Rd, City 212, Country",DC Fast Charger,Tesla,150,0.32,16.39,7,3.8,11,0,0.495,LOW
EVS01555,"770 Beijing Ave, Beijing",AC Level 1,ChargePoint,350,0.19,0.5,7,5.0,45,0,0.4949,LOW
EVS01570,"9346 Bangkok Ave, Bangkok",AC Level 1,Ionity,50,0.28,6.71,5,4.1,14,0,0.4949,LOW
EVS04164,"9036 Beijing Ave, Beijing",DC Fast Charger,Ionity,22,0.18,5.71,2,3.0,26,0,0.4949,LOW
EVS02474,"8997 Bangkok Ave, Bangkok",AC Level 2,Greenlots,22,0.28,6.44,1,3.6,29,0,0.4949,LOW
EVS03753,"1222 Beijing Ave, Beijing",AC Level 1,Ionity,50,0.21,3.5,5,3.9,43,0,0.4949,LOW
EVS04230,"9485 Dubai Ave, Dubai",DC Fast Charger,Tesla,50,0.37,5.83,4,4.8,92,1,0.4949,LOW
EVS02563,"9891 Moscow Ave, Moscow",AC Level 1,EVgo,22,0.25,2.04,10,4.9,81,1,0.4949,LOW
EVS04750,"9526 Beijing Ave, Beijing",AC Level 1,EVgo,22,0.42,19.21,8,4.1,72,1,0.4949,LOW
EVS01016,"2582 Mumbai Ave, Mumbai",AC Level 1,ChargePoint,22,0.42,6.86,3,4.9,61,1,0.4948,LOW
EVS00205,"5225 Toronto Ave, Toronto",AC Level 1,ChargePoint,22,0.14,6.97,6,3.0,78,1,0.4948,LOW
EVS03342,"1213 Cape Town Ave, Cape Town",DC Fast Charger,Greenlots,50,0.23,7.99,8,3.9,79,1,0.4948,LOW
EVS03736,"2397 San Francisco Ave, San Francisco",DC Fast Charger,EVgo,150,0.31,6.51,6,4.7,98,1,0.4947,LOW
EVS00476,"9085 Chicago Ave, Chicago",AC Level 2,Greenlots,350,0.14,1.48,2,3.9,85,1,0.4947,LOW
EVS00048,"4355 Sydney Ave, Sydney",DC Fast Charger,ChargePoint,150,0.13,2.31,4,3.5,56,0,0.4947,LOW
EVS02121,"2721 Random Rd, City 158, Country",AC Level 1,ChargePoint,350,0.34,18.54,3,3.7,30,0,0.4947,LOW
EVS01997,"8528 Toronto Ave, Toronto",AC Level 1,Greenlots,22,0.31,12.19,8,4.0,54,0,0.4947,LOW
EVS03465,"1490 Los Angeles Ave, Los Angeles",DC Fast Charger,Tesla,150,0.26,5.77,1,3.8,11,0,0.4947,LOW
EVS00793,"4159 Mexico City Ave, Mexico City",DC Fast Charger,ChargePoint,350,0.28,3.41,2,4.8,51,0,0.4947,LOW
EVS04305,"2366 Mexico City Ave, Mexico City",AC Level 1,ChargePoint,350,0.17,11.92,4,3.2,94,1,0.4947,LOW
EVS01197,"1383 Dubai Ave, Dubai",DC Fast Charger,Ionity,150,0.33,9.84,7,4.6,15,0,0.4947,LOW
EVS04876,"7971 Mexico City Ave, Mexico City",AC Level 1,Greenlots,350,0.4,17.45,3,4.3,62,1,0.4947,LOW
EVS02194,"338 San Francisco Ave, San Francisco",AC Level 1,Tesla,22,0.24,6.58,10,4.3,26,0,0.4947,LOW
EVS04179,"6876 Sydney Ave, Sydney",AC Level 1,EVgo,350,0.16,10.44,5,3.4,69,1,0.4947,LOW
EVS00011,"7123 Random Rd, City 463, Country",AC Level 1,EVgo,22,0.39,17.42,5,3.7,59,1,0.4946,LOW
EVS00924,"7350 São Paulo Ave, São Paulo",DC Fast Charger,Greenlots,50,0.12,3.51,7,3.4,86,1,0.4946,LOW
EVS01345,"386 Beijing Ave, Beijing",DC Fast Charger,Tesla,50,0.23,5.98,7,4.0,89,1,0.4946,LOW
EVS02972,"458 Bangkok Ave, Bangkok",AC Level 2,Ionity,22,0.27,7.65,9,4.3,49,0,0.4946,LOW
EVS04743,"2634 São Paulo Ave, São Paulo",AC Level 1,EVgo,350,0.35,11.02,2,4.5,32,0,0.4946,LOW
EVS00002,"8970 San Francisco Ave, San Francisco",DC Fast Charger,EVgo,350,0.19,4.96,2,3.9,83,1,0.4946,LOW
EVS03264,"3006 Moscow Ave, Moscow",AC Level 1,Tesla,50,0.28,10.72,3,3.4,90,1,0.4946,LOW
EVS02306,"8136 Cape Town Ave, Cape Town",DC Fast Charger,ChargePoint,50,0.3,5.59,7,4.6,62,1,0.4946,LOW
EVS04891,"677 Random Rd, City 222, Country",AC Level 2,Tesla,350,0.38,16.39,6,4.6,37,0,0.4945,LOW
EVS00547,"747 Cape Town Ave, Cape Town",DC Fast Charger,EVgo,150,0.4,16.99,4,4.0,15,0,0.4945,LOW
EVS04690,"5010 Chicago Ave, Chicago",AC Level 1,ChargePoint,22,0.11,2.31,8,3.5,69,1,0.4945,LOW
EVS02038,"3210 São Paulo Ave, São Paulo",DC Fast Charger,Ionity,350,0.4,19.44,5,4.3,91,1,0.4945,LOW
EVS01107,"7646 Toronto Ave, Toronto",AC Level 1,Greenlots,350,0.43,14.29,4,5.0,38,0,0.4945,LOW
EVS01422,"9362 Sydney Ave, Sydney",AC Level 1,Ionity,350,0.29,3.26,3,5.0,10,0,0.4945,LOW
EVS04419,"7297 Moscow Ave, Moscow",DC Fast Charger,EVgo,22,0.26,2.11,7,4.6,86,1,0.4944,LOW
EVS00556,"5803 Seoul Ave, Seoul",AC Level 2,EVgo,150,0.2,4.77,6,4.0,54,0,0.4944,LOW
EVS00868,"8169 Seoul Ave, Seoul",DC Fast Charger,EVgo,50,0.41,14.11,6,4.4,23,0,0.4944,LOW
EVS03901,"8297 Random Rd, City 150, Country",DC Fast Charger,EVgo,350,0.23,9.21,6,4.2,64,1,0.4944,LOW
EVS00191,"9687 Random Rd, City 275, Country",AC Level 2,Ionity,150,0.25,1.49,2,4.3,78,1,0.4944,LOW
EVS02948,"1806 Toronto Ave, Toronto",AC Level 1,Greenlots,50,0.37,4.71,4,4.9,62,1,0.4944,LOW
EVS03702,"6985 Mexico City Ave, Mexico City",AC Level 1,EVgo,150,0.35,16.76,9,4.2,11,0,0.4944,LOW
EVS00422,"297 Beijing Ave, Beijing",DC Fast Charger,EVgo,350,0.32,11.0,5,4.6,37,0,0.4944,LOW
EVS02200,"5390 Berlin Ave, Berlin",AC Level 1,Tesla,50,0.15,5.08,4,3.1,71,1,0.4944,LOW
EVS02487,"1661 Chicago Ave, Chicago",DC Fast Charger,Ionity,50,0.36,13.94,5,3.9,72,1,0.4944,LOW
EVS00019,"9257 Seoul Ave, Seoul",AC Level 1,Tesla,350,0.25,7.35,2,4.1,29,0,0.4944,LOW
EVS03621,"7584 Random Rd, City 283, Country",DC Fast Charger,Tesla,22,0.41,13.5,6,4.4,68,1,0.4944,LOW
EVS00977,"4857 Los Angeles Ave, Los Angeles",DC Fast Charger,Greenlots,150,0.27,10.75,7,4.0,95,1,0.4943,LOW
EVS04591,"2220 Random Rd, City 308, Country",AC Level 2,EVgo,22,0.17,2.04,8,4.0,100,1,0.4943,LOW
EVS00915,"3619 Moscow Ave, Moscow",DC Fast Charger,EVgo,50,0.35,5.03,4,4.7,42,0,0.4943,LOW
EVS00179,"4247 Mexico City Ave, Mexico City",AC Level 2,Tesla,150,0.13,1.96,3,3.4,75,1,0.4943,LOW
EVS01992,"6534 Berlin Ave, Berlin",AC Level 1,Greenlots,150,0.47,19.91,9,4.8,74,1,0.4943,LOW
EVS03887,"6927 Cape Town Ave, Cape Town",AC Level 2,Ionity,150,0.16,3.32,10,4.3,88,1,0.4943,LOW
EVS00302,"5315 Mumbai Ave, Mumbai",DC Fast Charger,Tesla,350,0.24,11.64,6,4.0,71,1,0.4943,LOW
EVS04590,"4954 Dubai Ave, Dubai",AC Level 2,Ionity,350,0.32,9.62,2,4.4,72,1,0.4943,LOW
EVS02343,"8473 Berlin Ave, Berlin",DC Fast Charger,ChargePoint,50,0.17,0.96,3,3.6,91,1,0.4943,LOW
EVS00241,"946 Random Rd, City 69, Country",AC Level 1,Greenlots,350,0.3,5.66,3,4.8,67,1,0.4943,LOW
EVS04694,"6115 Los Angeles Ave, Los Angeles",AC Level 1,ChargePoint,350,0.16,13.07,6,3.2,74,1,0.4943,LOW
EVS03166,"9991 Berlin Ave, Berlin",DC Fast Charger,Tesla,150,0.21,1.82,6,4.4,22,0,0.4942,LOW
EVS01619,"8723 Toronto Ave, Toronto",DC Fast Charger,Greenlots,22,0.25,6.67,1,3.3,15,0,0.4942,LOW
EVS00502,"2028 Sydney Ave, Sydney",AC Level 2,Ionity,150,0.41,18.14,8,4.4,67,1,0.4942,LOW
EVS00777,"2841 Chicago Ave, Chicago",DC Fast Charger,EVgo,50,0.15,9.31,9,3.2,54,0,0.4942,LOW
EVS03045,"3832 Beijing Ave, Beijing",DC Fast Charger,Ionity,350,0.21,11.12,5,3.7,35,0,0.4942,LOW
EVS01938,"1964 Toronto Ave, Toronto",AC Level 2,Ionity,50,0.38,5.19,3,4.8,96,1,0.4942,LOW
EVS03664,"2526 Beijing Ave, Beijing",AC Level 2,ChargePoint,22,0.36,10.61,5,4.2,24,0,0.4942,LOW
EVS01048,"2705 Sydney Ave, Sydney",DC Fast Charger,Tesla,22,0.42,19.94,3,3.4,14,0,0.4942,LOW
EVS01173,"7534 Dubai Ave, Dubai",AC Level 1,Tesla,50,0.25,8.23,8,4.0,61,1,0.4942,LOW
EVS02262,"7980 Sydney Ave, Sydney",DC Fast Charger,ChargePoint,22,0.32,12.51,1,3.2,84,1,0.4942,LOW
EVS02515,"7763 Mexico City Ave, Mexico City",DC Fast Charger,Greenlots,150,0.48,13.15,1,4.7,96,1,0.4942,LOW
EVS01690,"5858 Dubai Ave, Dubai",DC Fast Charger,Ionity,350,0.24,3.4,5,4.8,65,1,0.4941,LOW
EVS03427,"435 Cape Town Ave, Cape Town",AC Level 1,Tesla,22,0.47,15.59,4,4.4,14,0,0.4941,LOW
EVS01156,"533 Cape Town Ave, Cape Town",AC Level 1,EVgo,350,0.31,16.26,4,3.8,94,1,0.4941,LOW
EVS00057,"6085 Dubai Ave, Dubai",DC Fast Charger,Greenlots,50,0.42,15.85,8,4.5,67,1,0.4941,LOW
EVS04037,"6600 Sydney Ave, Sydney",AC Level 2,Ionity,150,0.16,5.18,5,3.5,82,1,0.4941,LOW
EVS04343,"9482 Chicago Ave, Chicago",AC Level 2,Tesla,22,0.42,11.72,2,4.2,68,1,0.4941,LOW
EVS04341,"975 Random Rd, City 49, Country",AC Level 2,Tesla,350,0.27,2.4,2,4.8,76,1,0.4941,LOW
EVS02895,"9895 Los Angeles Ave, Los Angeles",AC Level 2,ChargePoint,22,0.42,19.57,7,3.9,46,0,0.4941,LOW
EVS01463,"2472 Mumbai Ave, Mumbai",AC Level 1,Greenlots,150,0.48,15.78,1,4.4,15,0,0.4941,LOW
EVS03526,"1099 Beijing Ave, Beijing",DC Fast Charger,Ionity,150,0.42,16.69,6,4.4,48,0,0.4941,LOW
EVS00612,"8946 Beijing Ave, Beijing",AC Level 2,ChargePoint,350,0.15,9.29,4,3.3,53,0,0.494,LOW
EVS02834,"9216 Beijing Ave, Beijing",AC Level 1,Ionity,150,0.31,3.49,6,5.0,24,0,0.494,LOW
EVS04146,"3485 San Francisco Ave, San Francisco",AC Level 2,Tesla,50,0.2,0.87,7,4.3,92,1,0.494,LOW
EVS02854,"9556 São Paulo Ave, São Paulo",AC Level 1,ChargePoint,50,0.13,3.91,7,3.4,12,0,0.494,LOW
EVS03030,"4301 San Francisco Ave, San Francisco",AC Level 1,Tesla,350,0.16,3.29,1,3.7,65,1,0.494,LOW
EVS01657,"8453 Toronto Ave, Toronto",AC Level 1,EVgo,22,0.38,13.1,7,4.3,50,0,0.494,LOW
EVS00761,"6072 Random Rd, City 65, Country",AC Level 2,Tesla,350,0.28,19.37,10,3.9,86,1,0.4939,LOW
EVS02071,"5509 Random Rd, City 427, Country",AC Level 1,ChargePoint,350,0.35,17.09,3,3.9,64,1,0.4939,LOW
EVS02695,"4343 Mexico City Ave, Mexico City",DC Fast Charger,EVgo,350,0.12,11.39,9,3.4,86,1,0.4939,LOW
EVS03429,"7724 Sydney Ave, Sydney",DC Fast Charger,ChargePoint,350,0.23,6.61,2,4.0,11,0,0.4939,LOW
EVS00437,"4873 São Paulo Ave, São Paulo",DC Fast Charger,Tesla,50,0.47,13.99,2,4.4,44,0,0.4939,LOW
EVS04915,"7666 Cape Town Ave, Cape Town",DC Fast Charger,ChargePoint,150,0.18,6.21,9,4.0,37,0,0.4939,LOW
EVS04911,"3156 Random Rd, City 489, Country",AC Level 2,ChargePoint,150,0.38,11.7,4,4.4,45,0,0.4939,LOW
EVS03657,"4493 Toronto Ave, Toronto",AC Level 2,Greenlots,350,0.36,12.88,6,4.8,56,0,0.4939,LOW
EVS01400,"9914 Sydney Ave, Sydney",AC Level 1,EVgo,50,0.22,2.27,1,3.6,57,1,0.4939,LOW
EVS00308,"6499 Chicago Ave, Chicago",DC Fast Charger,ChargePoint,50,0.2,5.45,2,3.2,64,1,0.4939,LOW
EVS03364,"8418 Mexico City Ave, Mexico City",AC Level 2,EVgo,50,0.3,14.48,9,3.8,79,1,0.4939,LOW
EVS01124,"790 San Francisco Ave, San Francisco",AC Level 1,Greenlots,150,0.36,6.82,5,4.9,80,1,0.4938,LOW
EVS03191,"9773 Random Rd, City 12, Country",AC Level 1,EVgo,150,0.24,11.05,7,3.7,96,1,0.4938,LOW
EVS00016,"3518 Dubai Ave, Dubai",AC Level 2,EVgo,22,0.34,15.84,9,3.9,89,1,0.4938,LOW
EVS04014,"5834 Chicago Ave, Chicago",AC Level 2,Tesla,350,0.15,5.6,10,4.4,33,0,0.4938,LOW
EVS02703,"5505 Moscow Ave, Moscow",AC Level 2,EVgo,350,0.24,11.57,7,4.1,47,0,0.4938,LOW
EVS00625,"4268 Seoul Ave, Seoul",DC Fast Charger,ChargePoint,150,0.13,4.4,3,3.1,11,0,0.4938,LOW
EVS04442,"2833 San Francisco Ave, San Francisco",AC Level 1,Greenlots,22,0.32,1.93,3,4.6,86,1,0.4938,LOW
EVS01137,"5572 Mumbai Ave, Mumbai",AC Level 1,ChargePoint,150,0.2,1.48,10,4.8,51,0,0.4938,LOW
EVS04617,"2820 São Paulo Ave, São Paulo",AC Level 1,Tesla,22,0.34,10.61,10,4.6,77,1,0.4938,LOW
EVS02765,"3931 Toronto Ave, Toronto",DC Fast Charger,Greenlots,150,0.16,3.7,2,3.3,18,0,0.4938,LOW
EVS03338,"6414 Bangkok Ave, Bangkok",AC Level 1,Greenlots,50,0.35,16.66,6,3.6,63,1,0.4938,LOW
EVS03675,"8374 Mexico City Ave, Mexico City",AC Level 1,Greenlots,150,0.21,6.35,8,4.1,83,1,0.4938,LOW
EVS01315,"8661 Sydney Ave, Sydney",AC Level 1,Ionity,150,0.29,6.4,6,4.5,51,0,0.4938,LOW
EVS02761,"7940 Random Rd, City 220, Country",AC Level 2,Ionity,50,0.37,15.11,4,3.7,98,1,0.4938,LOW
EVS03606,"909 Sydney Ave, Sydney",AC Level 1,EVgo,350,0.23,6.53,2,4.0,43,0,0.4938,LOW
EVS00952,"5422 Beijing Ave, Beijing",AC Level 2,Greenlots,22,0.27,9.79,2,3.2,32,0,0.4937,LOW
EVS00545,"9638 Toronto Ave, Toronto",AC Level 2,ChargePoint,22,0.32,15.71,6,3.4,44,0,0.4937,LOW
EVS02810,"2398 Dubai Ave, Dubai",DC Fast Charger,Ionity,350,0.17,7.57,8,4.1,87,1,0.4937,LOW
EVS00451,"4727 Random Rd, City 355, Country",AC Level 1,Tesla,350,0.25,11.76,10,4.5,56,0,0.4937,LOW
EVS02392,"329 Chicago Ave, Chicago",AC Level 2,EVgo,350,0.2,5.99,1,3.7,51,0,0.4937,LOW
EVS03159,"4506 Beijing Ave, Beijing",AC Level 1,Ionity,150,0.34,10.08,1,3.9,74,1,0.4937,LOW
EVS02538,"9875 Mumbai Ave, Mumbai",AC Level 2,ChargePoint,22,0.1,5.65,8,3.0,98,1,0.4937,LOW
EVS03998,"2470 Beijing Ave, Beijing",DC Fast Charger,Greenlots,22,0.49,14.26,5,4.8,25,0,0.4937,LOW
EVS01108,"1501 Chicago Ave, Chicago",DC Fast Charger,ChargePoint,50,0.13,9.54,10,3.1,87,1,0.4937,LOW
EVS00299,"7913 São Paulo Ave, São Paulo",AC Level 1,EVgo,350,0.33,19.97,9,4.1,18,0,0.4936,LOW
EVS02564,"1406 Los Angeles Ave, Los Angeles",DC Fast Charger,ChargePoint,350,0.16,2.52,3,4.0,28,0,0.4936,LOW
EVS04841,"823 Random Rd, City 313, Country",AC Level 1,ChargePoint,150,0.3,11.96,3,3.6,52,0,0.4936,LOW
EVS03731,"3459 Random Rd, City 411, Country",DC Fast Charger,Greenlots,150,0.45,18.18,3,4.1,58,1,0.4936,LOW
EVS01827,"8415 Berlin Ave, Berlin",AC Level 1,Greenlots,350,0.15,8.77,8,3.8,90,1,0.4936,LOW
EVS03419,"922 Los Angeles Ave, Los Angeles",AC Level 1,Greenlots,150,0.34,16.44,2,3.3,68,1,0.4936,LOW
EVS02963,"6295 San Francisco Ave, San Francisco",AC Level 2,Greenlots,50,0.4,9.58,7,4.9,73,1,0.4936,LOW
EVS01880,"2131 Bangkok Ave, Bangkok",DC Fast Charger,Greenlots,50,0.3,15.83,7,3.4,24,0,0.4936,LOW
EVS04908,"7478 Sydney Ave, Sydney",DC Fast Charger,EVgo,150,0.14,10.19,8,3.1,24,0,0.4936,LOW
EVS01239,"4399 Seoul Ave, Seoul",DC Fast Charger,Ionity,50,0.44,8.12,2,4.8,69,1,0.4936,LOW
EVS03001,"6084 Random Rd, City 60, Country",AC Level 1,EVgo,50,0.34,8.41,4,4.2,23,0,0.4935,LOW
EVS03761,"2688 Random Rd, City 244, Country",DC Fast Charger,EVgo,150,0.18,3.66,5,3.8,99,1,0.4935,LOW
EVS03140,"8461 Dubai Ave, Dubai",AC Level 2,ChargePoint,22,0.49,12.71,1,4.5,65,1,0.4935,LOW
EVS00039,"2131 Beijing Ave, Beijing",DC Fast Charger,Ionity,350,0.37,15.63,3,4.2,69,1,0.4935,LOW
EVS03007,"8808 Toronto Ave, Toronto",AC Level 1,Greenlots,150,0.38,11.32,3,4.3,87,1,0.4934,LOW
EVS02422,"3647 Beijing Ave, Beijing",AC Level 1,ChargePoint,350,0.38,18.38,5,4.2,69,1,0.4934,LOW
EVS04049,"1399 Chicago Ave, Chicago",AC Level 2,EVgo,150,0.15,10.96,9,3.2,87,1,0.4934,LOW
EVS04046,"2937 Mexico City Ave, Mexico City",DC Fast Charger,ChargePoint,22,0.43,5.85,2,4.9,29,0,0.4934,LOW
EVS04826,"4805 Beijing Ave, Beijing",AC Level 2,Ionity,350,0.2,9.11,5,3.8,88,1,0.4934,LOW
EVS03692,"7748 Cape Town Ave, Cape Town",AC Level 1,EVgo,150,0.16,9.58,7,3.2,81,1,0.4934,LOW
EVS02626,"7530 Los Angeles Ave, Los Angeles",AC Level 2,Tesla,22,0.38,8.21,6,4.7,85,1,0.4934,LOW
EVS02381,"7953 Random Rd, City 167, Country",DC Fast Charger,EVgo,350,0.16,2.97,7,4.4,36,0,0.4934,LOW
EVS02011,"1463 Random Rd, City 455, Country",AC Level 1,Greenlots,350,0.31,13.96,3,3.9,82,1,0.4933,LOW
EVS00408,"5501 Mexico City Ave, Mexico City",DC Fast Charger,ChargePoint,22,0.37,18.33,7,3.6,37,0,0.4933,LOW
EVS02674,"6017 Bangkok Ave, Bangkok",AC Level 1,Tesla,50,0.32,7.45,8,4.6,14,0,0.4933,LOW
EVS04213,"7837 Los Angeles Ave, Los Angeles",DC Fast Charger,EVgo,22,0.41,15.98,2,3.6,93,1,0.4933,LOW
EVS03447,"7190 Berlin Ave, Berlin",AC Level 1,Tesla,150,0.48,14.65,2,4.6,76,1,0.4933,LOW
EVS00134,"3495 Chicago Ave, Chicago",AC Level 1,Greenlots,50,0.33,9.03,8,4.5,26,0,0.4933,LOW
EVS00597,"4521 Berlin Ave, Berlin",DC Fast Charger,Tesla,350,0.35,11.55,4,4.6,93,1,0.4932,LOW
EVS02213,"2585 Dubai Ave, Dubai",AC Level 2,Greenlots,350,0.47,19.95,3,4.5,11,0,0.4932,LOW
EVS02710,"3188 Bangkok Ave, Bangkok",AC Level 1,Tesla,50,0.31,7.3,6,4.3,12,0,0.4932,LOW
EVS03132,"6583 Sydney Ave, Sydney",DC Fast Charger,Ionity,350,0.3,12.0,1,3.8,57,1,0.4932,LOW
EVS03442,"4631 Seoul Ave, Seoul",AC Level 2,EVgo,50,0.27,19.15,9,3.0,98,1,0.4932,LOW
EVS00459,"2886 Mexico City Ave, Mexico City",AC Level 1,ChargePoint,50,0.38,14.63,10,4.5,71,1,0.4932,LOW
EVS04165,"1729 Cape Town Ave, Cape Town",AC Level 2,EVgo,350,0.36,15.2,6,4.5,79,1,0.4932,LOW
EVS02793,"2907 Sydney Ave, Sydney",AC Level 1,Ionity,350,0.18,12.47,8,3.6,33,0,0.4931,LOW
EVS00719,"7122 Bangkok Ave, Bangkok",AC Level 2,EVgo,350,0.31,9.24,8,5.0,48,0,0.4931,LOW
EVS00430,"5465 Mumbai Ave, Mumbai",DC Fast Charger,EVgo,350,0.44,19.84,5,4.5,88,1,0.4931,LOW
EVS01339,"2321 San Francisco Ave, San Francisco",AC Level 2,EVgo,350,0.32,9.81,1,4.2,32,0,0.4931,LOW
EVS01228,"7801 Seoul Ave, Seoul",DC Fast Charger,EVgo,50,0.28,9.13,3,3.5,72,1,0.4931,LOW
EVS02348,"2261 Chicago Ave, Chicago",DC Fast Charger,ChargePoint,22,0.38,16.54,9,4.1,84,1,0.4931,LOW
EVS04946,"7776 Mumbai Ave, Mumbai",AC Level 1,Tesla,350,0.2,17.13,6,3.0,68,1,0.4931,LOW
EVS04414,"7762 Mumbai Ave, Mumbai",AC Level 1,Tesla,150,0.23,5.35,6,4.1,64,1,0.493,LOW
EVS01010,"7554 Mexico City Ave, Mexico City",AC Level 2,EVgo,350,0.1,10.14,7,3.1,78,1,0.493,LOW
EVS01664,"3761 Mumbai Ave, Mumbai",DC Fast Charger,Ionity,350,0.31,12.62,1,3.8,84,1,0.493,LOW
EVS00857,"3735 Mexico City Ave, Mexico City",DC Fast Charger,Tesla,150,0.39,13.31,7,4.6,19,0,0.493,LOW
EVS04028,"3082 Moscow Ave, Moscow",AC Level 2,Tesla,50,0.19,1.92,4,3.7,12,0,0.493,LOW
EVS04376,"8191 Moscow Ave, Moscow",DC Fast Charger,Ionity,50,0.36,9.1,7,4.6,66,1,0.493,LOW
EVS01523,"7364 Los Angeles Ave, Los Angeles",AC Level 2,EVgo,22,0.38,10.25,3,4.1,85,1,0.4929,LOW
EVS03603,"2454 Toronto Ave, Toronto",AC Level 1,Greenlots,50,0.31,13.86,3,3.2,89,1,0.4929,LOW
EVS00260,"7548 São Paulo Ave, São Paulo",DC Fast Charger,Ionity,22,0.34,3.68,2,4.4,63,1,0.4929,LOW
EVS02731,"475 Random Rd, City 134, Country",AC Level 2,ChargePoint,50,0.32,10.25,4,3.8,21,0,0.4929,LOW
EVS01023,"1893 Beijing Ave, Beijing",AC Level 2,Tesla,150,0.15,7.9,8,3.4,88,1,0.4929,LOW
EVS04027,"4782 San Francisco Ave, San Francisco",AC Level 2,ChargePoint,50,0.17,2.83,2,3.2,39,0,0.4929,LOW
EVS01146,"7406 Cape Town Ave, Cape Town",DC Fast Charger,Ionity,350,0.2,15.69,9,3.5,40,0,0.4929,LOW
EVS03299,"7494 Mexico City Ave, Mexico City",DC Fast Charger,ChargePoint,22,0.27,12.17,9,3.7,73,1,0.4929,LOW
EVS01139,"8109 Cape Town Ave, Cape Town",AC Level 2,ChargePoint,150,0.48,13.86,4,4.9,77,1,0.4929,LOW
EVS01939,"4705 Beijing Ave, Beijing",DC Fast Charger,EVgo,150,0.3,12.92,6,3.8,50,0,0.4929,LOW
EVS04982,"9112 Mumbai Ave, Mumbai",DC Fast Charger,EVgo,150,0.2,6.22,9,4.1,34,0,0.4928,LOW
EVS00441,"529 Random Rd, City 491, Country",AC Level 1,Ionity,50,0.43,8.68,1,4.5,59,1,0.4928,LOW
EVS04501,"8618 Random Rd, City 61, Country",AC Level 1,Tesla,50,0.37,11.54,1,3.7,99,1,0.4928,LOW
EVS02432,"168 São Paulo Ave, São Paulo",DC Fast Charger,Tesla,350,0.27,3.11,5,5.0,23,0,0.4928,LOW
EVS01633,"4410 Dubai Ave, Dubai",AC Level 1,Ionity,50,0.47,15.08,1,4.1,98,1,0.4928,LOW
EVS03393,"7953 Sydney Ave, Sydney",AC Level 1,Ionity,350,0.29,13.59,6,4.1,84,1,0.4928,LOW
EVS03193,"8838 Cape Town Ave, Cape Town",AC Level 2,Tesla,50,0.35,7.7,3,4.2,54,0,0.4927,LOW
EVS00255,"9106 Mexico City Ave, Mexico City",DC Fast Charger,EVgo,350,0.18,4.54,10,4.7,93,1,0.4927,LOW
EVS02520,"3028 São Paulo Ave, São Paulo",AC Level 2,Tesla,150,0.26,8.51,8,4.2,57,1,0.4927,LOW
EVS02925,"3375 Berlin Ave, Berlin",AC Level 1,EVgo,150,0.32,13.84,3,3.5,100,1,0.4927,LOW
EVS00473,"5292 Los Angeles Ave, Los Angeles",AC Level 2,Ionity,350,0.18,8.71,2,3.3,19,0,0.4927,LOW
EVS03756,"3671 Berlin Ave, Berlin",DC Fast Charger,EVgo,50,0.24,2.21,1,3.7,61,1,0.4927,LOW
EVS03752,"8050 Berlin Ave, Berlin",AC Level 1,EVgo,50,0.42,18.58,7,4.0,94,1,0.4927,LOW
EVS00291,"6615 Random Rd, City 372, Country",AC Level 1,Tesla,22,0.23,8.49,4,3.2,38,0,0.4927,LOW
EVS02796,"4000 Moscow Ave, Moscow",AC Level 1,ChargePoint,350,0.25,11.12,9,4.4,24,0,0.4927,LOW
EVS02518,"8954 Mexico City Ave, Mexico City",AC Level 2,Ionity,150,0.44,12.98,6,4.9,86,1,0.4926,LOW
EVS03333,"9382 Moscow Ave, Moscow",AC Level 1,EVgo,350,0.28,6.71,7,4.9,98,1,0.4926,LOW
EVS00922,"6858 San Francisco Ave, San Francisco",DC Fast Charger,Tesla,150,0.1,6.13,9,3.3,40,0,0.4926,LOW
EVS03881,"517 Random Rd, City 351, Country",AC Level 2,Ionity,50,0.36,9.82,7,4.5,31,0,0.4926,LOW
EVS02297,"7492 Los Angeles Ave, Los Angeles",AC Level 2,ChargePoint,150,0.17,5.92,4,3.3,25,0,0.4926,LOW
EVS01814,"5197 Dubai Ave, Dubai",AC Level 2,Tesla,350,0.22,8.22,4,3.9,40,0,0.4926,LOW
EVS03886,"9792 Chicago Ave, Chicago",AC Level 1,ChargePoint,50,0.21,1.05,8,4.4,41,0,0.4926,LOW
EVS01569,"5782 Moscow Ave, Moscow",AC Level 2,Ionity,150,0.22,9.45,10,4.0,15,0,0.4926,LOW
EVS00528,"1693 Chicago Ave, Chicago",AC Level 2,ChargePoint,22,0.42,15.28,7,4.3,29,0,0.4926,LOW
EVS03885,"1328 San Francisco Ave, San Francisco",AC Level 1,Tesla,22,0.34,11.8,10,4.4,69,1,0.4926,LOW
EVS02489,"8309 Toronto Ave, Toronto",AC Level 1,EVgo,150,0.37,19.4,5,3.5,72,1,0.4926,LOW
EVS01289,"5730 Chicago Ave, Chicago",AC Level 2,ChargePoint,350,0.3,9.15,2,4.2,66,1,0.4925,LOW
EVS03954,"7828 São Paulo Ave, São Paulo",AC Level 2,Tesla,22,0.13,2.78,8,3.5,18,0,0.4925,LOW
EVS02946,"2848 Los Angeles Ave, Los Angeles",AC Level 1,EVgo,50,0.47,13.61,4,4.6,74,1,0.4925,LOW
EVS00909,"2431 Dubai Ave, Dubai",AC Level 1,Greenlots,150,0.34,5.65,5,4.8,93,1,0.4925,LOW
EVS00695,"2999 Beijing Ave, Beijing",AC Level 1,ChargePoint,150,0.46,14.19,5,4.8,41,0,0.4925,LOW
EVS01716,"1462 Sydney Ave, Sydney",AC Level 2,Ionity,22,0.25,5.21,9,4.3,18,0,0.4925,LOW
EVS02434,"700 Toronto Ave, Toronto",DC Fast Charger,Greenlots,22,0.22,1.59,5,4.0,31,0,0.4925,LOW
EVS02354,"7387 Cape Town Ave, Cape Town",DC Fast Charger,EVgo,22,0.2,3.58,4,3.5,97,1,0.4925,LOW
EVS00566,"5704 Seoul Ave, Seoul",AC Level 1,EVgo,50,0.42,8.83,2,4.5,96,1,0.4924,LOW
EVS02238,"8225 Bangkok Ave, Bangkok",AC Level 2,Greenlots,50,0.23,6.58,6,3.7,91,1,0.4924,LOW
EVS02065,"1902 Moscow Ave, Moscow",AC Level 2,Ionity,50,0.12,1.11,4,3.2,86,1,0.4924,LOW
EVS00068,"6966 Beijing Ave, Beijing",DC Fast Charger,Tesla,350,0.36,11.72,3,4.5,43,0,0.4924,LOW
EVS02790,"7215 San Francisco Ave, San Francisco",DC Fast Charger,Ionity,22,0.17,2.27,10,4.1,94,1,0.4924,LOW
EVS00921,"1671 Random Rd, City 37, Country",AC Level 1,Tesla,350,0.38,17.12,6,4.4,81,1,0.4923,LOW
EVS04898,"2983 Mexico City Ave, Mexico City",AC Level 2,EVgo,350,0.43,19.64,5,4.4,63,1,0.4923,LOW
EVS01541,"9893 Random Rd, City 426, Country",DC Fast Charger,Tesla,50,0.35,5.84,4,4.5,29,0,0.4923,LOW
EVS04669,"8887 Los Angeles Ave, Los Angeles",AC Level 1,Greenlots,150,0.22,13.61,9,3.4,27,0,0.4922,LOW
EVS00216,"3504 Bangkok Ave, Bangkok",AC Level 2,EVgo,22,0.24,7.95,9,3.9,90,1,0.4922,LOW
EVS02551,"7453 Random Rd, City 185, Country",AC Level 1,Ionity,350,0.15,12.57,8,3.3,88,1,0.4922,LOW
EVS03019,"1555 Los Angeles Ave, Los Angeles",AC Level 2,Tesla,350,0.35,18.05,3,3.7,84,1,0.4922,LOW
EVS01957,"3813 Chicago Ave, Chicago",AC Level 2,Tesla,22,0.44,9.11,5,4.9,13,0,0.4922,LOW
EVS02668,"9174 São Paulo Ave, São Paulo",DC Fast Charger,Greenlots,22,0.33,19.55,8,3.2,24,0,0.4922,LOW
EVS00698,"9416 Seoul Ave, Seoul",DC Fast Charger,Greenlots,150,0.19,7.44,6,3.5,80,1,0.4922,LOW
EVS02447,"8707 Mumbai Ave, Mumbai",AC Level 2,EVgo,350,0.18,11.57,5,3.3,56,0,0.4922,LOW
EVS02303,"3054 Seoul Ave, Seoul",DC Fast Charger,EVgo,350,0.37,16.63,2,3.9,93,1,0.4922,LOW
EVS02330,"7740 San Francisco Ave, San Francisco",AC Level 2,Tesla,350,0.16,2.24,6,4.3,53,0,0.4921,LOW
EVS04216,"4747 Dubai Ave, Dubai",AC Level 2,Ionity,150,0.19,7.12,4,3.3,21,0,0.4921,LOW
EVS02005,"8931 Mexico City Ave, Mexico City",AC Level 1,Ionity,350,0.43,14.04,4,4.9,87,1,0.4921,LOW
EVS04495,"6163 Los Angeles Ave, Los Angeles",AC Level 1,ChargePoint,350,0.23,12.25,10,4.2,63,1,0.4921,LOW
EVS00388,"9243 Beijing Ave, Beijing",DC Fast Charger,Tesla,150,0.28,13.33,9,3.9,75,1,0.4921,LOW
EVS02010,"7265 Los Angeles Ave, Los Angeles",AC Level 1,Tesla,150,0.23,7.71,1,3.2,66,1,0.492,LOW
EVS01922,"7876 Mumbai Ave, Mumbai",AC Level 2,EVgo,22,0.46,19.96,9,4.3,57,1,0.492,LOW
EVS00916,"2942 Berlin Ave, Berlin",AC Level 1,ChargePoint,150,0.46,19.17,4,4.1,50,0,0.492,LOW
EVS02957,"9780 Dubai Ave, Dubai",AC Level 1,EVgo,50,0.23,11.13,8,3.4,90,1,0.492,LOW
EVS01019,"2528 Berlin Ave, Berlin",AC Level 1,Ionity,50,0.37,9.96,5,4.3,58,1,0.492,LOW
EVS01399,"1660 Chicago Ave, Chicago",AC Level 2,EVgo,50,0.31,6.43,4,4.1,35,0,0.492,LOW
EVS04123,"5346 Moscow Ave, Moscow",DC Fast Charger,Tesla,50,0.27,6.71,1,3.4,92,1,0.492,LOW
EVS00065,"335 Dubai Ave, Dubai",DC Fast Charger,Greenlots,350,0.27,6.58,7,4.8,67,1,0.492,LOW
EVS03195,"4561 Bangkok Ave, Bangkok",AC Level 2,ChargePoint,350,0.2,1.58,7,4.8,29,0,0.492,LOW
EVS00747,"9183 Toronto Ave, Toronto",AC Level 2,Ionity,22,0.26,11.18,4,3.1,19,0,0.4919,LOW
EVS01330,"3124 San Francisco Ave, San Francisco",AC Level 1,Tesla,22,0.46,19.92,3,3.6,16,0,0.4919,LOW
EVS02019,"310 Los Angeles Ave, Los Angeles",DC Fast Charger,Greenlots,150,0.32,2.01,4,4.9,99,1,0.4919,LOW
EVS02730,"6485 Berlin Ave, Berlin",AC Level 2,ChargePoint,150,0.31,1.15,3,4.8,85,1,0.4919,LOW
EVS04581,"8158 Random Rd, City 130, Country",DC Fast Charger,ChargePoint,350,0.17,12.35,10,3.7,40,0,0.4919,LOW
EVS00159,"2502 Chicago Ave, Chicago",AC Level 2,Greenlots,50,0.37,13.61,6,4.0,41,0,0.4919,LOW
EVS02051,"1978 Random Rd, City 347, Country",AC Level 1,ChargePoint,22,0.44,15.2,5,4.2,58,1,0.4919,LOW
EVS03145,"4632 San Francisco Ave, San Francisco",AC Level 1,ChargePoint,150,0.21,4.39,7,4.1,70,1,0.4919,LOW
EVS04775,"1336 Bangkok Ave, Bangkok",DC Fast Charger,Greenlots,350,0.15,11.35,7,3.3,20,0,0.4919,LOW
EVS01547,"7345 Toronto Ave, Toronto",DC Fast Charger,EVgo,350,0.27,9.19,7,4.5,86,1,0.4918,LOW
EVS04922,"6835 Bangkok Ave, Bangkok",AC Level 1,Greenlots,150,0.25,11.68,7,3.6,56,0,0.4918,LOW
EVS04227,"1236 Moscow Ave, Moscow",DC Fast Charger,ChargePoint,50,0.37,7.49,1,4.1,76,1,0.4918,LOW
EVS02156,"6128 Moscow Ave, Moscow",DC Fast Charger,ChargePoint,150,0.42,9.96,4,4.8,25,0,0.4918,LOW
EVS01349,"3205 Cape Town Ave, Cape Town",AC Level 2,ChargePoint,150,0.31,16.22,9,3.8,32,0,0.4918,LOW
EVS00925,"3496 São Paulo Ave, São Paulo",DC Fast Charger,EVgo,350,0.34,18.0,3,3.6,72,1,0.4917,LOW
EVS03629,"2140 San Francisco Ave, San Francisco",AC Level 1,Greenlots,150,0.22,11.28,7,3.4,46,0,0.4917,LOW
EVS01260,"1351 Dubai Ave, Dubai",AC Level 1,EVgo,350,0.23,3.16,4,4.5,61,1,0.4917,LOW
EVS03314,"7631 Cape Town Ave, Cape Town",AC Level 1,Ionity,150,0.37,14.97,8,4.3,13,0,0.4917,LOW
EVS04207,"371 Mexico City Ave, Mexico City",AC Level 2,ChargePoint,350,0.16,6.18,10,4.3,97,1,0.4917,LOW
EVS02588,"9938 São Paulo Ave, São Paulo",DC Fast Charger,EVgo,50,0.22,4.14,9,4.2,39,0,0.4917,LOW
EVS00298,"4654 Beijing Ave, Beijing",AC Level 2,EVgo,22,0.18,1.17,6,3.8,34,0,0.4917,LOW
EVS00671,"2766 Random Rd, City 69, Country",DC Fast Charger,Ionity,350,0.41,19.35,9,4.7,67,1,0.4916,LOW
EVS01874,"8141 San Francisco Ave, San Francisco",AC Level 1,Greenlots,350,0.25,15.23,10,4.0,10,0,0.4916,LOW
EVS01249,"7659 San Francisco Ave, San Francisco",AC Level 1,EVgo,50,0.4,11.01,5,4.4,27,0,0.4916,LOW
EVS03381,"6911 Random Rd, City 239, Country",AC Level 2,Ionity,150,0.37,15.98,3,3.6,95,1,0.4916,LOW
EVS01380,"947 Moscow Ave, Moscow",DC Fast Charger,Greenlots,22,0.15,8.51,10,3.2,37,0,0.4916,LOW
EVS01505,"680 Chicago Ave, Chicago",AC Level 2,EVgo,22,0.2,10.74,7,3.0,25,0,0.4916,LOW
EVS01253,"8418 Beijing Ave, Beijing",AC Level 1,ChargePoint,50,0.29,16.23,9,3.4,100,1,0.4916,LOW
EVS00199,"6519 Dubai Ave, Dubai",DC Fast Charger,Greenlots,150,0.29,5.79,9,4.8,45,0,0.4916,LOW
EVS04296,"6966 Berlin Ave, Berlin",DC Fast Charger,Tesla,150,0.28,8.06,5,4.0,24,0,0.4916,LOW
EVS01488,"8654 Toronto Ave, Toronto",AC Level 1,Ionity,350,0.45,17.13,5,4.8,90,1,0.4916,LOW
EVS01070,"4048 São Paulo Ave, São Paulo",DC Fast Charger,Tesla,22,0.22,4.56,10,4.2,71,1,0.4916,LOW
EVS03927,"3752 Chicago Ave, Chicago",AC Level 1,ChargePoint,150,0.25,11.11,4,3.3,57,1,0.4915,LOW
EVS01665,"1810 Bangkok Ave, Bangkok",AC Level 2,ChargePoint,350,0.32,9.78,6,4.7,77,1,0.4915,LOW
EVS02783,"109 São Paulo Ave, São Paulo",AC Level 1,ChargePoint,150,0.4,17.47,5,3.9,14,0,0.4915,LOW
EVS03858,"6783 Moscow Ave, Moscow",AC Level 2,Tesla,50,0.24,2.68,2,3.7,80,1,0.4915,LOW
EVS02281,"5573 Random Rd, City 315, Country",DC Fast Charger,Tesla,150,0.3,7.8,6,4.3,86,1,0.4915,LOW
EVS00832,"388 Mexico City Ave, Mexico City",DC Fast Charger,Tesla,50,0.29,7.13,2,3.6,41,0,0.4915,LOW
EVS01159,"3151 Mexico City Ave, Mexico City",AC Level 1,Greenlots,22,0.33,8.2,6,4.2,96,1,0.4915,LOW
EVS00373,"7120 Chicago Ave, Chicago",AC Level 2,EVgo,150,0.26,11.77,10,4.0,55,0,0.4915,LOW
EVS04805,"4168 San Francisco Ave, San Francisco",AC Level 2,Ionity,50,0.32,0.63,4,4.8,27,0,0.4915,LOW
EVS03665,"4317 Moscow Ave, Moscow",AC Level 1,EVgo,22,0.38,6.55,7,4.9,93,1,0.4915,LOW
EVS04200,"6062 Moscow Ave, Moscow",AC Level 1,Tesla,150,0.17,8.91,10,3.6,29,0,0.4914,LOW
EVS03376,"1613 São Paulo Ave, São Paulo",DC Fast Charger,ChargePoint,50,0.27,10.57,5,3.4,38,0,0.4914,LOW
EVS04184,"8872 Sydney Ave, Sydney",AC Level 1,Tesla,150,0.23,8.71,10,4.1,60,1,0.4914,LOW
EVS02127,"4377 Bangkok Ave, Bangkok",AC Level 1,EVgo,350,0.19,6.4,4,3.8,28,0,0.4914,LOW
EVS02711,"7352 Random Rd, City 460, Country",AC Level 2,Tesla,50,0.31,18.45,9,3.3,78,1,0.4914,LOW
EVS03408,"7026 Mexico City Ave, Mexico City",AC Level 1,Greenlots,22,0.19,1.74,6,3.8,28,0,0.4914,LOW
EVS00170,"3420 Sydney Ave, Sydney",AC Level 2,Greenlots,350,0.38,12.78,4,4.6,94,1,0.4913,LOW
EVS03301,"1968 Random Rd, City 108, Country",AC Level 1,Greenlots,350,0.12,4.93,10,4.1,55,0,0.4913,LOW
EVS03920,"4077 Berlin Ave, Berlin",AC Level 1,ChargePoint,150,0.17,4.12,2,3.2,57,1,0.4913,LOW
EVS04160,"2763 Los Angeles Ave, Los Angeles",AC Level 1,EVgo,150,0.18,1.4,3,3.7,54,0,0.4913,LOW
EVS01147,"8929 Beijing Ave, Beijing",DC Fast Charger,Ionity,350,0.39,17.75,9,4.7,60,1,0.4913,LOW
EVS01268,"9484 Berlin Ave, Berlin",AC Level 1,Tesla,50,0.3,12.16,8,3.8,82,1,0.4912,LOW
EVS03423,"4746 Toronto Ave, Toronto",DC Fast Charger,EVgo,350,0.23,1.87,3,4.5,44,0,0.4912,LOW
EVS02339,"8135 Chicago Ave, Chicago",DC Fast Charger,Ionity,350,0.44,12.97,1,4.7,43,0,0.4912,LOW
EVS03498,"9252 Beijing Ave, Beijing",AC Level 2,Ionity,50,0.37,11.79,2,3.7,24,0,0.4912,LOW
EVS03363,"8627 Beijing Ave, Beijing",AC Level 1,Tesla,350,0.32,3.64,2,4.9,93,1,0.4911,LOW
EVS04951,"6256 Random Rd, City 99, Country",AC Level 2,EVgo,22,0.46,18.78,4,3.8,24,0,0.4911,LOW
EVS02576,"5761 São Paulo Ave, São Paulo",AC Level 2,Tesla,150,0.35,11.61,9,4.6,57,1,0.4911,LOW
EVS02465,"5333 Moscow Ave, Moscow",DC Fast Charger,EVgo,50,0.24,3.5,9,4.4,53,0,0.4911,LOW
EVS04901,"8937 Random Rd, City 248, Country",DC Fast Charger,Tesla,50,0.36,11.9,8,4.3,36,0,0.4911,LOW
EVS02659,"723 San Francisco Ave, San Francisco",DC Fast Charger,ChargePoint,50,0.45,10.88,6,4.9,25,0,0.4911,LOW
EVS02868,"8744 Mexico City Ave, Mexico City",AC Level 2,Greenlots,350,0.18,13.1,7,3.3,80,1,0.491,LOW
EVS01168,"9089 Toronto Ave, Toronto",AC Level 2,EVgo,350,0.21,4.69,2,3.9,91,1,0.491,LOW
EVS04259,"814 Toronto Ave, Toronto",DC Fast Charger,EVgo,150,0.31,7.69,8,4.6,50,0,0.491,LOW
EVS02114,"4284 Mexico City Ave, Mexico City",AC Level 1,Ionity,350,0.23,5.36,3,4.1,93,1,0.491,LOW
EVS03993,"2958 Toronto Ave, Toronto",DC Fast Charger,EVgo,150,0.4,10.84,4,4.5,38,0,0.491,LOW
EVS01612,"8314 Cape Town Ave, Cape Town",DC Fast Charger,ChargePoint,50,0.47,15.25,8,4.8,61,1,0.491,LOW
EVS02582,"843 Moscow Ave, Moscow",AC Level 2,Ionity,50,0.43,11.38,1,4.1,34,0,0.491,LOW
EVS01687,"1367 Cape Town Ave, Cape Town",DC Fast Charger,EVgo,50,0.28,9.9,3,3.3,92,1,0.491,LOW
EVS01560,"8451 São Paulo Ave, São Paulo",DC Fast Charger,Ionity,350,0.37,18.74,2,3.6,22,0,0.491,LOW
EVS02575,"8225 Dubai Ave, Dubai",DC Fast Charger,Ionity,150,0.38,7.76,5,4.8,66,1,0.491,LOW
EVS01711,"7350 Random Rd, City 169, Country",AC Level 1,Tesla,22,0.24,1.99,9,4.5,22,0,0.491,LOW
EVS01219,"5705 Beijing Ave, Beijing",AC Level 1,Tesla,22,0.46,16.47,1,3.7,93,1,0.4909,LOW
EVS02722,"1582 San Francisco Ave, San Francisco",AC Level 1,Greenlots,22,0.34,16.81,7,3.4,46,0,0.4909,LOW
EVS04880,"9892 Bangkok Ave, Bangkok",AC Level 2,Greenlots,350,0.14,4.67,6,3.8,15,0,0.4909,LOW
EVS04726,"3259 San Francisco Ave, San Francisco",AC Level 2,Greenlots,150,0.42,16.51,3,3.9,72,1,0.4909,LOW
EVS02572,"647 Chicago Ave, Chicago",DC Fast Charger,Ionity,50,0.29,0.72,3,4.4,49,0,0.4908,LOW
EVS01079,"1611 Mexico City Ave, Mexico City",DC Fast Charger,EVgo,350,0.29,14.73,8,4.1,86,1,0.4908,LOW
EVS01160,"3994 Berlin Ave, Berlin",AC Level 1,Ionity,350,0.18,11.8,5,3.2,59,1,0.4908,LOW
EVS00350,"8612 Dubai Ave, Dubai",DC Fast Charger,EVgo,150,0.32,15.74,4,3.3,35,0,0.4908,LOW
EVS01513,"9399 Moscow Ave, Moscow",DC Fast Charger,EVgo,50,0.49,12.12,2,4.6,56,0,0.4908,LOW
EVS00267,"9781 Berlin Ave, Berlin",AC Level 2,EVgo,50,0.44,10.33,2,4.4,94,1,0.4907,LOW
EVS02979,"4677 Mumbai Ave, Mumbai",AC Level 2,Tesla,50,0.47,13.65,4,4.5,98,1,0.4907,LOW
EVS04957,"2981 São Paulo Ave, São Paulo",DC Fast Charger,Ionity,150,0.3,15.32,5,3.3,30,0,0.4907,LOW
EVS01161,"2368 Random Rd, City 50, Country",DC Fast Charger,EVgo,350,0.25,13.77,3,3.3,65,1,0.4907,LOW
EVS01227,"9422 São Paulo Ave, São Paulo",AC Level 2,Greenlots,150,0.25,9.38,1,3.1,67,1,0.4907,LOW
EVS02574,"1728 Mexico City Ave, Mexico City",AC Level 2,EVgo,150,0.37,15.83,5,3.8,97,1,0.4907,LOW
EVS03436,"8493 Los Angeles Ave, Los Angeles",AC Level 2,Ionity,150,0.42,10.47,5,4.8,100,1,0.4907,LOW
EVS02119,"2482 Chicago Ave, Chicago",DC Fast Charger,Greenlots,150,0.32,3.2,4,4.7,95,1,0.4907,LOW
EVS01364,"3759 Dubai Ave, Dubai",AC Level 2,ChargePoint,350,0.25,14.8,4,3.3,71,1,0.4907,LOW
EVS01590,"3939 Bangkok Ave, Bangkok",AC Level 2,Ionity,350,0.34,14.53,1,3.7,13,0,0.4907,LOW
EVS00404,"6757 São Paulo Ave, São Paulo",AC Level 2,Tesla,22,0.18,1.13,9,4.1,49,0,0.4907,LOW
EVS02529,"6598 San Francisco Ave, San Francisco",AC Level 1,Tesla,50,0.41,4.71,3,4.9,71,1,0.4906,LOW
EVS04976,"958 San Francisco Ave, San Francisco",AC Level 1,Ionity,50,0.32,7.65,6,4.2,51,0,0.4906,LOW
EVS03540,"8821 Toronto Ave, Toronto",AC Level 1,Ionity,350,0.33,14.51,6,4.2,63,1,0.4906,LOW
EVS04762,"5379 Mumbai Ave, Mumbai",AC Level 1,Ionity,50,0.38,11.03,6,4.3,52,0,0.4906,LOW
EVS02594,"9560 Mexico City Ave, Mexico City",DC Fast Charger,Ionity,350,0.28,18.51,9,3.7,21,0,0.4906,LOW
EVS00660,"1787 Chicago Ave, Chicago",AC Level 2,EVgo,150,0.27,11.93,3,3.2,53,0,0.4906,LOW
EVS03589,"505 Moscow Ave, Moscow",AC Level 1,ChargePoint,50,0.44,16.93,5,4.0,33,0,0.4906,LOW
EVS04630,"5684 Toronto Ave, Toronto",AC Level 2,Ionity,22,0.37,5.87,4,4.5,30,0,0.4906,LOW
EVS00286,"836 Moscow Ave, Moscow",AC Level 1,Ionity,22,0.42,9.14,2,4.3,96,1,0.4906,LOW
EVS02301,"7108 Random Rd, City 118, Country",AC Level 2,Tesla,350,0.3,9.09,2,4.1,55,0,0.4906,LOW
EVS00301,"5492 Random Rd, City 24, Country",DC Fast Charger,Tesla,50,0.22,8.22,10,3.8,94,1,0.4906,LOW
EVS01342,"3744 San Francisco Ave, San Francisco",AC Level 1,Ionity,50,0.38,16.05,10,4.2,62,1,0.4906,LOW
EVS04741,"5149 Random Rd, City 129, Country",AC Level 2,Greenlots,350,0.24,11.93,8,4.0,79,1,0.4906,LOW
EVS03956,"5827 Cape Town Ave, Cape Town",AC Level 2,Greenlots,350,0.17,7.1,3,3.4,25,0,0.4905,LOW
EVS04862,"1194 Seoul Ave, Seoul",AC Level 1,Greenlots,50,0.37,12.65,10,4.5,81,1,0.4905,LOW
EVS01673,"8576 Moscow Ave, Moscow",AC Level 2,Ionity,22,0.4,10.66,4,4.2,37,0,0.4905,LOW
EVS01772,"5444 Toronto Ave, Toronto",AC Level 2,ChargePoint,350,0.25,14.11,6,3.6,46,0,0.4905,LOW
EVS02317,"4241 São Paulo Ave, São Paulo",AC Level 2,ChargePoint,350,0.23,8.66,9,4.4,100,1,0.4905,LOW
EVS02533,"7760 Chicago Ave, Chicago",AC Level 2,Tesla,50,0.21,2.57,7,4.0,66,1,0.4905,LOW
EVS01360,"4371 Seoul Ave, Seoul",AC Level 1,Tesla,350,0.11,7.09,8,3.5,82,1,0.4905,LOW
EVS04829,"4996 Mumbai Ave, Mumbai",DC Fast Charger,Ionity,350,0.3,9.16,9,4.9,56,0,0.4904,LOW
EVS01153,"4944 Dubai Ave, Dubai",AC Level 1,EVgo,22,0.21,9.54,10,3.5,33,0,0.4904,LOW
EVS01431,"9124 Random Rd, City 88, Country",DC Fast Charger,Tesla,150,0.2,2.53,10,4.5,18,0,0.4904,LOW
EVS01627,"8977 Mumbai Ave, Mumbai",AC Level 1,Tesla,350,0.42,13.54,5,4.9,26,0,0.4904,LOW
EVS03508,"6693 Toronto Ave, Toronto",AC Level 2,Ionity,350,0.25,6.34,2,4.0,89,1,0.4904,LOW
EVS04154,"8045 San Francisco Ave, San Francisco",DC Fast Charger,Tesla,22,0.2,7.78,9,3.5,46,0,0.4904,LOW
EVS04218,"8091 Chicago Ave, Chicago",DC Fast Charger,EVgo,50,0.27,8.88,9,4.0,19,0,0.4904,LOW
EVS03703,"6246 Cape Town Ave, Cape Town",AC Level 2,EVgo,350,0.38,13.67,1,4.1,88,1,0.4904,LOW
EVS00800,"74 Bangkok Ave, Bangkok",AC Level 2,Tesla,22,0.42,17.2,9,4.2,68,1,0.4904,LOW
EVS01397,"5926 São Paulo Ave, São Paulo",AC Level 2,EVgo,350,0.36,15.35,4,4.1,75,1,0.4904,LOW
EVS02235,"7142 Toronto Ave, Toronto",AC Level 1,EVgo,150,0.34,8.63,2,4.0,61,1,0.4903,LOW
EVS02146,"1963 São Paulo Ave, São Paulo",AC Level 1,Tesla,350,0.28,8.58,9,4.8,98,1,0.4903,LOW
EVS04193,"8114 Beijing Ave, Beijing",DC Fast Charger,ChargePoint,150,0.28,2.57,2,4.2,52,0,0.4903,LOW
EVS00457,"9468 Bangkok Ave, Bangkok",AC Level 2,Greenlots,350,0.24,7.51,9,4.6,29,0,0.4903,LOW
EVS02288,"5201 Dubai Ave, Dubai",AC Level 1,Greenlots,22,0.29,8.53,1,3.2,80,1,0.4903,LOW
EVS00309,"6538 Toronto Ave, Toronto",AC Level 2,Ionity,50,0.16,0.57,6,3.7,60,1,0.4903,LOW
EVS03285,"3403 Mexico City Ave, Mexico City",AC Level 2,ChargePoint,350,0.43,19.87,1,3.8,95,1,0.4903,LOW
EVS03346,"6464 Seoul Ave, Seoul",AC Level 2,Tesla,350,0.3,11.02,10,4.8,26,0,0.4903,LOW
EVS02069,"1731 Seoul Ave, Seoul",AC Level 2,ChargePoint,350,0.14,5.56,8,3.9,15,0,0.4903,LOW
EVS00888,"5949 Cape Town Ave, Cape Town",DC Fast Charger,Ionity,350,0.24,10.74,7,4.0,97,1,0.4902,LOW
EVS00046,"8397 Chicago Ave, Chicago",DC Fast Charger,EVgo,50,0.22,2.58,3,3.6,12,0,0.4902,LOW
EVS02076,"4231 Berlin Ave, Berlin",DC Fast Charger,ChargePoint,50,0.45,19.69,8,4.1,84,1,0.4902,LOW
EVS04247,"7183 Mexico City Ave, Mexico City",AC Level 1,EVgo,350,0.2,7.28,9,4.3,14,0,0.4902,LOW
EVS04354,"7225 Cape Town Ave, Cape Town",AC Level 1,Ionity,150,0.12,2.25,5,3.3,10,0,0.4902,LOW
EVS01065,"5997 Sydney Ave, Sydney",AC Level 2,Greenlots,22,0.37,8.51,5,4.3,40,0,0.4902,LOW
EVS04042,"4247 São Paulo Ave, São Paulo",AC Level 1,Tesla,150,0.37,17.66,7,3.8,59,1,0.4902,LOW
EVS03143,"6009 Berlin Ave, Berlin",DC Fast Charger,Ionity,50,0.39,13.32,6,4.1,25,0,0.4902,LOW
EVS00043,"1916 Dubai Ave, Dubai",AC Level 1,Greenlots,50,0.27,5.06,8,4.3,73,1,0.4902,LOW
EVS02067,"2104 Bangkok Ave, Bangkok",AC Level 2,Greenlots,22,0.15,2.18,8,3.6,60,1,0.4902,LOW
EVS00073,"1856 Los Angeles Ave, Los Angeles",AC Level 2,Ionity,22,0.34,2.35,2,4.4,99,1,0.4902,LOW
EVS02512,"6911 São Paulo Ave, São Paulo",AC Level 1,Tesla,50,0.14,1.15,2,3.0,64,1,0.4901,LOW
EVS02093,"4832 Dubai Ave, Dubai",AC Level 2,Tesla,50,0.41,8.62,7,4.9,44,0,0.4901,LOW
EVS03358,"8282 Sydney Ave, Sydney",DC Fast Charger,EVgo,150,0.49,19.47,10,4.9,28,0,0.4901,LOW
EVS04505,"4400 Chicago Ave, Chicago",AC Level 2,EVgo,22,0.27,11.44,7,3.4,74,1,0.4901,LOW
EVS00077,"8503 Bangkok Ave, Bangkok",DC Fast Charger,Greenlots,22,0.46,13.81,10,5.0,15,0,0.4901,LOW
EVS03514,"3355 Sydney Ave, Sydney",AC Level 2,Tesla,22,0.43,14.65,6,4.2,34,0,0.4901,LOW
EVS01885,"5962 Seoul Ave, Seoul",AC Level 1,Tesla,50,0.24,6.44,2,3.2,69,1,0.49,LOW
EVS02148,"9294 Seoul Ave, Seoul",DC Fast Charger,Ionity,350,0.32,6.97,4,4.7,24,0,0.49,LOW
EVS03899,"4204 São Paulo Ave, São Paulo",AC Level 2,Greenlots,150,0.42,13.12,1,4.0,66,1,0.49,LOW
EVS01490,"3942 Berlin Ave, Berlin",DC Fast Charger,ChargePoint,50,0.43,15.34,1,3.6,30,0,0.49,LOW
EVS04269,"3049 São Paulo Ave, São Paulo",AC Level 1,Tesla,22,0.34,12.93,8,3.9,18,0,0.4899,LOW
EVS04927,"4257 Moscow Ave, Moscow",AC Level 2,ChargePoint,22,0.46,13.01,5,4.5,97,1,0.4899,LOW
EVS00580,"297 Chicago Ave, Chicago",AC Level 2,Ionity,150,0.18,6.81,8,3.6,49,0,0.4899,LOW
EVS00279,"5856 Berlin Ave, Berlin",AC Level 2,Greenlots,22,0.38,9.33,7,4.5,61,1,0.4898,LOW
EVS00253,"1747 Seoul Ave, Seoul",DC Fast Charger,Ionity,50,0.13,3.83,8,3.3,89,1,0.4898,LOW
EVS01604,"2041 Beijing Ave, Beijing",AC Level 1,ChargePoint,22,0.5,18.91,8,4.5,87,1,0.4898,LOW
EVS02543,"6709 Mexico City Ave, Mexico City",DC Fast Charger,Greenlots,350,0.23,3.13,4,4.4,70,1,0.4898,LOW
EVS04655,"8689 Toronto Ave, Toronto",AC Level 2,Tesla,22,0.21,4.19,6,3.6,49,0,0.4898,LOW
EVS00668,"8121 Mumbai Ave, Mumbai",AC Level 2,ChargePoint,50,0.22,10.97,7,3.1,49,0,0.4898,LOW
EVS03976,"6475 Los Angeles Ave, Los Angeles",AC Level 1,Tesla,50,0.39,18.76,8,3.7,15,0,0.4898,LOW
EVS02423,"6258 Los Angeles Ave, Los Angeles",DC Fast Charger,Tesla,22,0.22,5.19,2,3.1,35,0,0.4897,LOW
EVS02671,"7218 Random Rd, City 404, Country",DC Fast Charger,Greenlots,350,0.24,18.67,8,3.2,38,0,0.4897,LOW
EVS03681,"3106 Random Rd, City 200, Country",AC Level 1,ChargePoint,50,0.44,15.31,9,4.6,30,0,0.4897,LOW
EVS03528,"8239 Mexico City Ave, Mexico City",AC Level 1,Ionity,22,0.43,9.27,7,4.9,42,0,0.4897,LOW
EVS02312,"3187 San Francisco Ave, San Francisco",DC Fast Charger,Ionity,350,0.26,7.01,4,4.2,53,0,0.4897,LOW
EVS04525,"1125 Bangkok Ave, Bangkok",AC Level 2,Tesla,150,0.44,10.98,2,4.5,18,0,0.4897,LOW
EVS04614,"6651 Los Angeles Ave, Los Angeles",AC Level 1,Greenlots,22,0.43,12.52,5,4.3,56,0,0.4896,LOW
EVS02497,"3977 San Francisco Ave, San Francisco",AC Level 1,Ionity,50,0.23,12.95,10,3.3,64,1,0.4896,LOW
EVS01521,"9072 Random Rd, City 213, Country",DC Fast Charger,Tesla,350,0.48,13.29,1,4.9,17,0,0.4896,LOW
EVS04958,"7515 Moscow Ave, Moscow",DC Fast Charger,Tesla,350,0.3,14.88,2,3.4,98,1,0.4896,LOW
EVS01229,"1838 Mexico City Ave, Mexico City",DC Fast Charger,Greenlots,22,0.23,7.92,4,3.1,97,1,0.4896,LOW
EVS01475,"1325 Moscow Ave, Moscow",AC Level 1,Ionity,150,0.35,8.98,2,4.0,98,1,0.4896,LOW
EVS00471,"6659 Random Rd, City 47, Country",AC Level 1,Greenlots,350,0.35,8.01,4,4.8,99,1,0.4896,LOW
EVS04702,"9133 Dubai Ave, Dubai",DC Fast Charger,EVgo,22,0.2,7.53,10,3.6,50,0,0.4896,LOW
EVS03631,"9555 Random Rd, City 258, Country",AC Level 2,Tesla,50,0.36,5.39,5,4.6,37,0,0.4896,LOW
EVS03680,"7337 São Paulo Ave, São Paulo",DC Fast Charger,Tesla,150,0.19,7.96,6,3.3,23,0,0.4896,LOW
EVS02966,"4482 Seoul Ave, Seoul",AC Level 2,Tesla,22,0.35,6.19,1,3.9,51,0,0.4895,LOW
EVS00657,"810 San Francisco Ave, San Francisco",AC Level 2,Tesla,350,0.42,18.62,6,4.4,40,0,0.4895,LOW
EVS03284,"6887 Berlin Ave, Berlin",AC Level 2,ChargePoint,22,0.34,13.93,4,3.3,91,1,0.4895,LOW
EVS04487,"4327 Bangkok Ave, Bangkok",AC Level 2,Greenlots,50,0.39,13.31,2,3.6,14,0,0.4895,LOW
EVS02413,"5439 Moscow Ave, Moscow",AC Level 1,Tesla,350,0.48,16.8,1,4.5,90,1,0.4895,LOW
EVS03102,"3738 Beijing Ave, Beijing",AC Level 1,EVgo,50,0.38,11.99,4,3.9,72,1,0.4895,LOW
EVS00768,"8606 Mexico City Ave, Mexico City",AC Level 1,ChargePoint,22,0.42,18.7,10,4.1,24,0,0.4895,LOW
EVS02768,"5046 Bangkok Ave, Bangkok",AC Level 2,EVgo,350,0.17,0.77,6,4.4,79,1,0.4894,LOW
EVS04486,"7379 San Francisco Ave, San Francisco",AC Level 2,Greenlots,350,0.18,12.32,7,3.3,50,0,0.4894,LOW
EVS04688,"2921 Mumbai Ave, Mumbai",AC Level 2,Greenlots,50,0.21,4.55,6,3.6,72,1,0.4893,LOW
EVS03197,"8666 São Paulo Ave, São Paulo",AC Level 1,EVgo,150,0.36,5.39,4,4.7,65,1,0.4893,LOW
EVS00296,"2013 Chicago Ave, Chicago",AC Level 2,Greenlots,350,0.41,14.98,5,4.6,96,1,0.4893,LOW
EVS03661,"8473 Random Rd, City 391, Country",AC Level 1,ChargePoint,350,0.38,18.03,10,4.6,81,1,0.4893,LOW
EVS03937,"3859 San Francisco Ave, San Francisco",AC Level 2,Ionity,350,0.13,12.55,9,3.1,10,0,0.4893,LOW
EVS01860,"2452 Cape Town Ave, Cape Town",AC Level 2,Ionity,150,0.35,13.42,9,4.3,22,0,0.4893,LOW
EVS03502,"8254 Bangkok Ave, Bangkok",DC Fast Charger,EVgo,50,0.18,5.21,7,3.4,87,1,0.4893,LOW
EVS02061,"3406 Random Rd, City 490, Country",DC Fast Charger,EVgo,50,0.32,5.37,7,4.5,75,1,0.4893,LOW
EVS00171,"8513 Random Rd, City 75, Country",AC Level 1,EVgo,150,0.17,6.24,5,3.2,21,0,0.4892,LOW
EVS02685,"6205 Berlin Ave, Berlin",DC Fast Charger,ChargePoint,50,0.33,15.73,6,3.3,64,1,0.4892,LOW
EVS04559,"6715 Cape Town Ave, Cape Town",AC Level 2,EVgo,350,0.36,18.21,3,3.6,46,0,0.4892,LOW
EVS04896,"2368 Mexico City Ave, Mexico City",AC Level 1,ChargePoint,350,0.36,18.5,5,3.8,70,1,0.4892,LOW
EVS01965,"154 Bangkok Ave, Bangkok",AC Level 1,ChargePoint,150,0.31,11.73,5,3.7,38,0,0.4892,LOW
EVS00574,"5415 Moscow Ave, Moscow",AC Level 2,EVgo,150,0.37,10.04,7,4.6,55,0,0.4892,LOW
EVS04966,"7873 Mexico City Ave, Mexico City",AC Level 2,EVgo,50,0.35,12.22,3,3.5,38,0,0.4892,LOW
EVS02555,"5288 Dubai Ave, Dubai",AC Level 1,EVgo,150,0.39,15.04,1,3.5,53,0,0.4891,LOW
EVS02403,"2937 Moscow Ave, Moscow",AC Level 1,EVgo,150,0.33,17.29,3,3.0,23,0,0.4891,LOW
EVS02624,"3427 Seoul Ave, Seoul",DC Fast Charger,Ionity,22,0.2,1.38,6,3.8,35,0,0.4891,LOW
EVS04155,"2734 Seoul Ave, Seoul",AC Level 1,Tesla,50,0.34,10.43,8,4.2,26,0,0.4891,LOW
EVS03772,"9660 Berlin Ave, Berlin",AC Level 2,Greenlots,350,0.2,12.4,5,3.2,17,0,0.4891,LOW
EVS02410,"6904 Chicago Ave, Chicago",DC Fast Charger,ChargePoint,22,0.4,17.97,10,4.0,85,1,0.4891,LOW
EVS01353,"4774 Seoul Ave, Seoul",DC Fast Charger,Greenlots,150,0.23,11.9,9,3.5,78,1,0.4891,LOW
EVS04973,"1588 Chicago Ave, Chicago",AC Level 1,ChargePoint,350,0.33,6.79,1,4.4,79,1,0.4891,LOW
EVS03209,"4131 Cape Town Ave, Cape Town",AC Level 2,Greenlots,350,0.34,18.18,7,3.9,90,1,0.489,LOW
EVS02853,"2163 Los Angeles Ave, Los Angeles",DC Fast Charger,Ionity,150,0.34,5.17,1,4.2,57,1,0.489,LOW
EVS04972,"8198 Berlin Ave, Berlin",DC Fast Charger,Ionity,50,0.4,5.3,5,4.9,12,0,0.489,LOW
EVS01740,"3452 Mexico City Ave, Mexico City",AC Level 1,Greenlots,350,0.27,13.31,8,4.0,59,1,0.489,LOW
EVS03894,"7811 San Francisco Ave, San Francisco",AC Level 1,ChargePoint,150,0.36,13.68,1,3.4,41,0,0.4889,LOW
EVS02387,"8243 Mumbai Ave, Mumbai",AC Level 1,Ionity,22,0.21,1.68,10,4.3,46,0,0.4889,LOW
EVS04194,"4520 Mumbai Ave, Mumbai",DC Fast Charger,ChargePoint,50,0.41,10.99,9,4.8,64,1,0.4889,LOW
EVS02042,"5903 Bangkok Ave, Bangkok",AC Level 2,Tesla,22,0.49,15.82,7,4.6,81,1,0.4889,LOW
EVS03868,"1098 Seoul Ave, Seoul",AC Level 1,Tesla,350,0.23,6.98,9,4.5,40,0,0.4889,LOW
EVS02904,"1896 Beijing Ave, Beijing",AC Level 2,EVgo,50,0.21,0.75,6,4.0,44,0,0.4888,LOW
EVS04126,"6949 Bangkok Ave, Bangkok",DC Fast Charger,Greenlots,350,0.25,12.13,4,3.5,17,0,0.4888,LOW
EVS00319,"1563 Moscow Ave, Moscow",AC Level 2,Tesla,350,0.13,8.62,8,3.4,13,0,0.4888,LOW
EVS02314,"6462 Berlin Ave, Berlin",DC Fast Charger,Tesla,350,0.13,8.03,4,3.0,17,0,0.4888,LOW
EVS02091,"3320 Random Rd, City 219, Country",DC Fast Charger,Greenlots,22,0.28,1.29,4,4.2,82,1,0.4888,LOW
EVS02357,"3903 Dubai Ave, Dubai",DC Fast Charger,Tesla,150,0.16,3.68,6,3.5,80,1,0.4888,LOW
EVS02986,"7201 Sydney Ave, Sydney",DC Fast Charger,Ionity,350,0.25,14.04,5,3.4,29,0,0.4888,LOW
EVS03564,"2997 Mumbai Ave, Mumbai",AC Level 1,Ionity,50,0.24,4.19,9,4.2,19,0,0.4888,LOW
EVS00130,"4948 Chicago Ave, Chicago",DC Fast Charger,EVgo,150,0.35,10.65,4,4.0,58,1,0.4887,LOW
EVS00864,"3534 Berlin Ave, Berlin",DC Fast Charger,ChargePoint,150,0.19,0.72,8,4.3,76,1,0.4887,LOW
EVS00167,"9001 Seoul Ave, Seoul",DC Fast Charger,EVgo,150,0.33,4.01,5,4.7,53,0,0.4887,LOW
EVS03821,"5808 Random Rd, City 447, Country",AC Level 1,Greenlots,22,0.4,13.19,9,4.4,19,0,0.4887,LOW
EVS03712,"8590 São Paulo Ave, São Paulo",AC Level 1,Greenlots,50,0.41,17.31,4,3.5,83,1,0.4887,LOW
EVS02396,"6988 Seoul Ave, Seoul",DC Fast Charger,Ionity,50,0.5,18.2,9,4.7,50,0,0.4887,LOW
EVS02450,"9821 Berlin Ave, Berlin",DC Fast Charger,Ionity,350,0.28,6.89,9,4.9,51,0,0.4887,LOW
EVS00207,"9330 Berlin Ave, Berlin",DC Fast Charger,Ionity,350,0.17,2.03,5,4.1,16,0,0.4887,LOW
EVS01780,"9953 Dubai Ave, Dubai",DC Fast Charger,Greenlots,50,0.33,8.9,10,4.5,72,1,0.4887,LOW
EVS02534,"7598 Mexico City Ave, Mexico City",DC Fast Charger,EVgo,22,0.26,1.86,6,4.2,22,0,0.4886,LOW
EVS01642,"4947 Mexico City Ave, Mexico City",DC Fast Charger,Ionity,350,0.3,12.61,8,4.3,36,0,0.4886,LOW
EVS04695,"5400 Los Angeles Ave, Los Angeles",AC Level 2,Greenlots,350,0.27,11.96,6,3.9,44,0,0.4886,LOW
EVS01250,"7621 Moscow Ave, Moscow",DC Fast Charger,Ionity,350,0.18,15.79,9,3.1,69,1,0.4886,LOW
EVS03433,"6747 Mexico City Ave, Mexico City",AC Level 1,Greenlots,50,0.39,6.78,3,4.4,37,0,0.4886,LOW
EVS04287,"9845 Seoul Ave, Seoul",DC Fast Charger,Tesla,22,0.47,14.72,4,4.2,63,1,0.4886,LOW
EVS03900,"4084 Seoul Ave, Seoul",DC Fast Charger,EVgo,22,0.34,6.49,5,4.2,78,1,0.4886,LOW
EVS02839,"6469 Beijing Ave, Beijing",AC Level 1,Tesla,150,0.15,4.78,7,3.4,53,0,0.4886,LOW
EVS01650,"6473 Mumbai Ave, Mumbai",DC Fast Charger,Tesla,150,0.21,9.65,5,3.1,76,1,0.4886,LOW
EVS04324,"1500 São Paulo Ave, São Paulo",DC Fast Charger,EVgo,150,0.35,7.57,8,4.8,28,0,0.4885,LOW
EVS01712,"142 Los Angeles Ave, Los Angeles",AC Level 2,EVgo,350,0.15,9.47,5,3.1,11,0,0.4885,LOW
EVS04067,"7481 Los Angeles Ave, Los Angeles",AC Level 2,ChargePoint,150,0.29,11.91,6,3.6,80,1,0.4885,LOW
EVS02166,"4928 Moscow Ave, Moscow",AC Level 2,Ionity,22,0.17,3.55,7,3.4,34,0,0.4885,LOW
EVS02377,"9493 Toronto Ave, Toronto",AC Level 1,Tesla,350,0.3,17.6,6,3.5,18,0,0.4885,LOW
EVS03596,"7705 Beijing Ave, Beijing",AC Level 1,Greenlots,150,0.38,18.76,3,3.2,31,0,0.4885,LOW
EVS04794,"7957 Dubai Ave, Dubai",AC Level 1,Greenlots,50,0.31,4.44,2,3.9,87,1,0.4885,LOW
EVS02037,"7839 San Francisco Ave, San Francisco",AC Level 1,EVgo,50,0.46,19.86,4,3.6,90,1,0.4884,LOW
EVS01436,"4646 Mexico City Ave, Mexico City",AC Level 1,ChargePoint,350,0.42,12.9,1,4.4,63,1,0.4884,LOW
EVS03090,"4458 Berlin Ave, Berlin",AC Level 1,ChargePoint,150,0.36,2.74,1,4.6,83,1,0.4884,LOW
EVS03585,"8982 Dubai Ave, Dubai",AC Level 1,Ionity,150,0.29,8.0,4,3.8,56,0,0.4884,LOW
EVS00268,"8076 Los Angeles Ave, Los Angeles",DC Fast Charger,Ionity,50,0.21,4.69,10,4.0,53,0,0.4884,LOW
EVS00154,"8891 Toronto Ave, Toronto",AC Level 2,Greenlots,150,0.33,3.85,5,4.7,39,0,0.4884,LOW
EVS03645,"2382 San Francisco Ave, San Francisco",DC Fast Charger,Tesla,22,0.41,9.29,9,4.9,19,0,0.4884,LOW
EVS02829,"4110 Cape Town Ave, Cape Town",DC Fast Charger,EVgo,150,0.25,7.95,5,3.6,64,1,0.4884,LOW
EVS00487,"2195 São Paulo Ave, São Paulo",DC Fast Charger,Tesla,350,0.14,7.92,6,3.3,12,0,0.4884,LOW
EVS03014,"6097 Berlin Ave, Berlin",AC Level 1,EVgo,22,0.37,18.47,6,3.2,22,0,0.4883,LOW
EVS02199,"8363 Los Angeles Ave, Los Angeles",DC Fast Charger,EVgo,22,0.43,14.13,2,3.7,24,0,0.4883,LOW
EVS00292,"6691 Los Angeles Ave, Los Angeles",DC Fast Charger,Greenlots,150,0.29,3.95,1,3.9,28,0,0.4883,LOW
EVS04954,"7863 São Paulo Ave, São Paulo",AC Level 1,Tesla,50,0.21,1.99,4,3.6,90,1,0.4883,LOW
EVS01276,"9776 Beijing Ave, Beijing",AC Level 2,Ionity,50,0.45,17.29,4,3.8,93,1,0.4883,LOW
EVS00572,"620 São Paulo Ave, São Paulo",DC Fast Charger,Tesla,350,0.32,12.84,1,3.6,100,1,0.4883,LOW
EVS04182,"7104 Dubai Ave, Dubai",DC Fast Charger,Tesla,150,0.34,7.48,1,3.9,17,0,0.4883,LOW
EVS02978,"5560 Cape Town Ave, Cape Town",DC Fast Charger,EVgo,22,0.27,5.64,10,4.3,31,0,0.4882,LOW
EVS02826,"4030 Seoul Ave, Seoul",DC Fast Charger,EVgo,50,0.39,7.79,5,4.5,27,0,0.4882,LOW
EVS02846,"8468 Berlin Ave, Berlin",DC Fast Charger,Ionity,150,0.39,15.93,4,3.7,37,0,0.4882,LOW
EVS02337,"8756 Los Angeles Ave, Los Angeles",AC Level 2,Ionity,150,0.23,0.67,2,3.9,11,0,0.4882,LOW
EVS04329,"7133 Los Angeles Ave, Los Angeles",DC Fast Charger,ChargePoint,350,0.14,3.08,4,3.6,46,0,0.4882,LOW
EVS04433,"4585 Berlin Ave, Berlin",AC Level 1,EVgo,22,0.5,13.23,5,4.7,61,1,0.4882,LOW
EVS03387,"7545 San Francisco Ave, San Francisco",AC Level 2,ChargePoint,150,0.28,9.39,7,3.9,48,0,0.4882,LOW
EVS00849,"6042 Mumbai Ave, Mumbai",DC Fast Charger,ChargePoint,150,0.41,6.18,1,4.6,78,1,0.4882,LOW
EVS03715,"4319 Berlin Ave, Berlin",AC Level 2,Ionity,150,0.34,16.79,4,3.2,13,0,0.4882,LOW
EVS01055,"5842 Cape Town Ave, Cape Town",DC Fast Charger,Greenlots,22,0.48,10.6,3,4.6,12,0,0.4881,LOW
EVS01022,"3398 Berlin Ave, Berlin",DC Fast Charger,ChargePoint,22,0.32,5.42,9,4.6,61,1,0.4881,LOW
EVS00745,"7270 Bangkok Ave, Bangkok",DC Fast Charger,EVgo,350,0.17,6.51,7,3.8,61,1,0.4881,LOW
EVS01670,"6846 Moscow Ave, Moscow",DC Fast Charger,EVgo,50,0.45,14.96,1,3.7,75,1,0.4881,LOW
EVS00258,"3303 Dubai Ave, Dubai",AC Level 2,Ionity,150,0.4,16.26,2,3.5,30,0,0.488,LOW
EVS02907,"1607 San Francisco Ave, San Francisco",AC Level 1,EVgo,22,0.33,4.31,9,4.8,16,0,0.488,LOW
EVS03726,"3185 Mexico City Ave, Mexico City",AC Level 1,EVgo,150,0.34,15.4,1,3.0,33,0,0.488,LOW
EVS04449,"5594 Los Angeles Ave, Los Angeles",DC Fast Charger,Greenlots,22,0.27,2.58,2,3.7,64,1,0.488,LOW
EVS04467,"8820 Beijing Ave, Beijing",AC Level 1,Ionity,22,0.21,10.92,9,3.1,30,0,0.488,LOW
EVS04438,"8335 Mumbai Ave, Mumbai",DC Fast Charger,ChargePoint,22,0.23,11.3,8,3.1,89,1,0.488,LOW
EVS00602,"7346 Chicago Ave, Chicago",AC Level 2,ChargePoint,350,0.28,5.69,3,4.3,50,0,0.488,LOW
EVS03286,"9342 Chicago Ave, Chicago",AC Level 2,ChargePoint,50,0.41,8.51,1,4.1,61,1,0.488,LOW
EVS01596,"1861 Berlin Ave, Berlin",DC Fast Charger,EVgo,50,0.46,15.02,9,4.7,99,1,0.488,LOW
EVS04026,"4629 Beijing Ave, Beijing",AC Level 1,Greenlots,350,0.14,7.29,9,3.7,55,0,0.488,LOW
EVS04955,"5460 Bangkok Ave, Bangkok",AC Level 2,Tesla,22,0.28,2.51,9,4.6,16,0,0.488,LOW
EVS04825,"1286 Sydney Ave, Sydney",AC Level 2,Greenlots,350,0.37,10.89,7,4.9,13,0,0.488,LOW
EVS00894,"3948 Moscow Ave, Moscow",AC Level 1,Ionity,50,0.44,16.12,2,3.6,79,1,0.4879,LOW
EVS03390,"2900 Dubai Ave, Dubai",AC Level 1,EVgo,50,0.39,17.9,2,3.0,58,1,0.4879,LOW
EVS00927,"6195 Dubai Ave, Dubai",DC Fast Charger,EVgo,150,0.32,14.33,10,4.0,55,0,0.4879,LOW
EVS01603,"9660 Mumbai Ave, Mumbai",DC Fast Charger,EVgo,50,0.3,15.77,7,3.1,44,0,0.4879,LOW
EVS01915,"8656 Cape Town Ave, Cape Town",DC Fast Charger,ChargePoint,150,0.26,4.28,1,3.6,95,1,0.4879,LOW
EVS00775,"2031 Beijing Ave, Beijing",DC Fast Charger,Greenlots,350,0.44,10.64,2,4.9,38,0,0.4879,LOW
EVS01269,"8521 Mumbai Ave, Mumbai",AC Level 1,Greenlots,150,0.36,3.8,4,4.8,70,1,0.4879,LOW
EVS02500,"5372 Berlin Ave, Berlin",DC Fast Charger,Greenlots,50,0.14,4.5,8,3.2,66,1,0.4879,LOW
EVS04069,"4779 Cape Town Ave, Cape Town",AC Level 2,ChargePoint,150,0.3,4.84,10,4.9,88,1,0.4878,LOW
EVS01508,"1516 Toronto Ave, Toronto",AC Level 2,ChargePoint,350,0.23,9.03,2,3.4,41,0,0.4878,LOW
EVS03749,"8815 São Paulo Ave, São Paulo",DC Fast Charger,Greenlots,350,0.22,17.51,10,3.3,65,1,0.4878,LOW
EVS04565,"7346 Toronto Ave, Toronto",AC Level 1,Tesla,350,0.28,7.98,1,3.8,93,1,0.4878,LOW
EVS00848,"3834 Moscow Ave, Moscow",DC Fast Charger,Ionity,50,0.41,19.7,5,3.3,43,0,0.4878,LOW
EVS00423,"2855 Mexico City Ave, Mexico City",AC Level 1,Tesla,50,0.32,7.48,8,4.3,73,1,0.4878,LOW
EVS00783,"8198 Sydney Ave, Sydney",AC Level 1,EVgo,150,0.26,1.24,5,4.4,13,0,0.4878,LOW
EVS00865,"5162 Cape Town Ave, Cape Town",AC Level 2,ChargePoint,22,0.24,3.14,3,3.5,71,1,0.4878,LOW
EVS01434,"9018 Berlin Ave, Berlin",AC Level 2,EVgo,150,0.46,7.75,1,4.8,68,1,0.4877,LOW
EVS00763,"5059 Moscow Ave, Moscow",AC Level 2,ChargePoint,50,0.46,17.73,4,3.8,43,0,0.4877,LOW
EVS00596,"3852 Mexico City Ave, Mexico City",AC Level 1,Tesla,150,0.49,17.91,1,3.9,77,1,0.4877,LOW
EVS04159,"2226 Berlin Ave, Berlin",AC Level 2,Ionity,22,0.25,9.91,8,3.4,88,1,0.4877,LOW
EVS03352,"9004 Seoul Ave, Seoul",AC Level 2,ChargePoint,350,0.48,13.26,1,4.8,100,1,0.4877,LOW
EVS04521,"9592 Random Rd, City 184, Country",AC Level 2,ChargePoint,350,0.26,6.63,2,3.9,53,0,0.4877,LOW
EVS04904,"579 Moscow Ave, Moscow",DC Fast Charger,EVgo,22,0.2,8.25,9,3.3,54,0,0.4877,LOW
EVS03935,"2966 Cape Town Ave, Cape Town",AC Level 2,Tesla,350,0.38,18.12,10,4.5,67,1,0.4876,LOW
EVS04888,"756 Moscow Ave, Moscow",DC Fast Charger,ChargePoint,350,0.33,16.79,7,3.9,81,1,0.4876,LOW
EVS02366,"8663 Mexico City Ave, Mexico City",AC Level 1,Tesla,350,0.37,16.67,5,4.0,84,1,0.4876,LOW
EVS03426,"5741 Moscow Ave, Moscow",AC Level 2,Ionity,50,0.39,17.56,7,3.6,30,0,0.4876,LOW
EVS04645,"5325 Cape Town Ave, Cape Town",DC Fast Charger,Tesla,150,0.18,4.49,6,3.5,93,1,0.4875,LOW
EVS01346,"6321 Mumbai Ave, Mumbai",AC Level 1,Ionity,150,0.16,0.65,8,4.0,48,0,0.4875,LOW
EVS01424,"2492 Mumbai Ave, Mumbai",AC Level 1,Ionity,22,0.2,4.75,4,3.1,13,0,0.4875,LOW
EVS03801,"5816 Random Rd, City 417, Country",AC Level 2,ChargePoint,22,0.36,10.64,3,3.6,59,1,0.4874,LOW
EVS00889,"1734 Sydney Ave, Sydney",DC Fast Charger,ChargePoint,22,0.41,13.45,4,3.8,96,1,0.4874,LOW
EVS03094,"5044 Beijing Ave, Beijing",AC Level 2,Ionity,22,0.28,2.4,4,4.0,78,1,0.4874,LOW
EVS00425,"4542 Chicago Ave, Chicago",DC Fast Charger,EVgo,50,0.42,8.91,7,4.8,45,0,0.4874,LOW
EVS03305,"4854 Mexico City Ave, Mexico City",AC Level 1,EVgo,22,0.3,1.86,9,4.8,49,0,0.4874,LOW
EVS03192,"6364 San Francisco Ave, San Francisco",DC Fast Charger,Tesla,150,0.27,3.23,9,4.7,46,0,0.4874,LOW
EVS02181,"5008 Random Rd, City 376, Country",AC Level 1,EVgo,150,0.29,1.54,6,4.7,82,1,0.4874,LOW
EVS04453,"3268 Beijing Ave, Beijing",DC Fast Charger,Ionity,22,0.42,17.66,10,4.1,79,1,0.4873,LOW
EVS02217,"1424 Chicago Ave, Chicago",AC Level 2,Tesla,50,0.19,6.01,8,3.4,73,1,0.4873,LOW
EVS04556,"1051 Moscow Ave, Moscow",DC Fast Charger,ChargePoint,150,0.45,18.26,6,4.1,31,0,0.4873,LOW
EVS01823,"1605 Moscow Ave, Moscow",DC Fast Charger,Tesla,150,0.25,1.63,2,3.9,96,1,0.4873,LOW
EVS02258,"279 Seoul Ave, Seoul",AC Level 1,Tesla,22,0.3,15.18,9,3.3,28,0,0.4872,LOW
EVS01813,"2210 Mumbai Ave, Mumbai",AC Level 2,Tesla,150,0.35,13.04,7,4.0,90,1,0.4872,LOW
EVS04691,"6207 Random Rd, City 391, Country",DC Fast Charger,EVgo,350,0.3,16.85,5,3.4,44,0,0.4872,LOW
EVS01103,"8220 Seoul Ave, Seoul",DC Fast Charger,Greenlots,350,0.22,2.83,3,4.1,38,0,0.4872,LOW
EVS02263,"6334 Los Angeles Ave, Los Angeles",AC Level 2,Ionity,22,0.24,5.99,6,3.5,62,1,0.4872,LOW
EVS03322,"9037 Mumbai Ave, Mumbai",AC Level 1,EVgo,350,0.5,18.59,5,4.8,12,0,0.4872,LOW
EVS02927,"829 Dubai Ave, Dubai",AC Level 1,ChargePoint,22,0.2,1.94,4,3.4,98,1,0.4872,LOW
EVS00914,"1527 Sydney Ave, Sydney",AC Level 2,EVgo,350,0.31,8.45,10,5.0,38,0,0.4872,LOW
EVS04301,"6486 Random Rd, City 437, Country",AC Level 1,ChargePoint,350,0.28,17.6,8,3.5,26,0,0.4871,LOW
EVS02122,"2377 Moscow Ave, Moscow",DC Fast Charger,Greenlots,350,0.29,19.94,7,3.2,47,0,0.4871,LOW
EVS03178,"6727 Cape Town Ave, Cape Town",DC Fast Charger,Greenlots,150,0.44,16.86,8,4.4,74,1,0.4871,LOW
EVS00959,"7206 Moscow Ave, Moscow",AC Level 2,ChargePoint,150,0.34,8.24,10,4.8,16,0,0.4871,LOW
EVS01157,"1842 Mexico City Ave, Mexico City",AC Level 2,Ionity,150,0.3,17.43,7,3.1,70,1,0.4871,LOW
EVS04303,"5781 San Francisco Ave, San Francisco",AC Level 1,EVgo,350,0.48,19.64,4,4.4,51,0,0.4871,LOW
EVS03181,"2591 Random Rd, City 394, Country",AC Level 2,Ionity,350,0.29,7.58,2,4.0,47,0,0.487,LOW
EVS02521,"1410 Random Rd, City 500, Country",DC Fast Charger,Ionity,150,0.21,13.21,10,3.2,55,0,0.487,LOW
EVS03054,"4245 Beijing Ave, Beijing",AC Level 2,Greenlots,350,0.11,1.73,1,3.1,38,0,0.487,LOW
EVS01557,"7219 Moscow Ave, Moscow",AC Level 1,Greenlots,350,0.22,9.54,7,3.8,71,1,0.487,LOW
EVS04918,"6756 San Francisco Ave, San Francisco",DC Fast Charger,EVgo,350,0.42,13.53,4,4.6,41,0,0.487,LOW
EVS04503,"4704 Berlin Ave, Berlin",AC Level 1,Greenlots,50,0.3,1.34,9,4.9,33,0,0.487,LOW
EVS02509,"9759 Sydney Ave, Sydney",AC Level 2,EVgo,350,0.36,9.39,5,4.7,16,0,0.4869,LOW
EVS03884,"3528 Berlin Ave, Berlin",AC Level 2,Ionity,50,0.39,15.92,10,4.1,38,0,0.4869,LOW
EVS02570,"5241 Moscow Ave, Moscow",DC Fast Charger,ChargePoint,350,0.36,12.5,8,4.7,78,1,0.4869,LOW
EVS03073,"800 Toronto Ave, Toronto",DC Fast Charger,EVgo,22,0.47,10.5,5,4.7,62,1,0.4869,LOW
EVS02174,"6911 San Francisco Ave, San Francisco",AC Level 2,Greenlots,50,0.23,7.49,6,3.3,66,1,0.4869,LOW
EVS04868,"3365 Mumbai Ave, Mumbai",DC Fast Charger,EVgo,350,0.18,4.14,2,3.5,89,1,0.4869,LOW
EVS02376,"3294 Bangkok Ave, Bangkok",DC Fast Charger,Ionity,150,0.42,6.72,4,4.9,21,0,0.4869,LOW
EVS02733,"6597 San Francisco Ave, San Francisco",AC Level 1,Greenlots,150,0.19,6.36,10,3.8,89,1,0.4869,LOW
EVS00992,"7941 Cape Town Ave, Cape Town",AC Level 2,Tesla,50,0.41,14.21,1,3.4,62,1,0.4869,LOW
EVS01062,"3122 São Paulo Ave, São Paulo",AC Level 1,Greenlots,50,0.29,16.49,8,3.0,58,1,0.4869,LOW
EVS03215,"4437 Bangkok Ave, Bangkok",AC Level 2,Greenlots,150,0.18,3.42,7,3.7,15,0,0.4869,LOW
EVS00960,"8675 São Paulo Ave, São Paulo",AC Level 1,Greenlots,150,0.18,12.77,10,3.0,74,1,0.4868,LOW
EVS01608,"6440 San Francisco Ave, San Francisco",AC Level 2,ChargePoint,350,0.42,18.06,5,4.2,96,1,0.4868,LOW
EVS00432,"2608 San Francisco Ave, San Francisco",DC Fast Charger,Ionity,350,0.26,14.52,10,3.9,85,1,0.4868,LOW
EVS04095,"2405 Toronto Ave, Toronto",AC Level 2,Greenlots,50,0.27,16.22,10,3.1,63,1,0.4868,LOW
EVS04689,"7447 Bangkok Ave, Bangkok",DC Fast Charger,ChargePoint,50,0.35,4.84,3,4.2,89,1,0.4868,LOW
EVS02034,"3168 Sydney Ave, Sydney",AC Level 1,Ionity,150,0.14,3.07,6,3.3,48,0,0.4868,LOW
EVS02587,"158 San Francisco Ave, San Francisco",AC Level 1,Greenlots,350,0.37,13.45,4,4.2,96,1,0.4868,LOW
EVS02968,"4888 Seoul Ave, Seoul",AC Level 1,EVgo,350,0.36,16.16,3,3.7,23,0,0.4868,LOW
EVS03469,"7459 Bangkok Ave, Bangkok",AC Level 2,Greenlots,350,0.3,17.36,10,3.9,95,1,0.4868,LOW
EVS00998,"5941 Dubai Ave, Dubai",DC Fast Charger,Ionity,50,0.35,6.29,7,4.5,12,0,0.4867,LOW
EVS03694,"2164 Moscow Ave, Moscow",AC Level 1,EVgo,350,0.45,19.12,4,4.2,28,0,0.4867,LOW
EVS01182,"6064 Bangkok Ave, Bangkok",AC Level 2,Greenlots,50,0.37,18.26,6,3.2,72,1,0.4867,LOW
EVS01270,"6178 Cape Town Ave, Cape Town",DC Fast Charger,Greenlots,350,0.43,15.29,6,4.7,66,1,0.4867,LOW
EVS04053,"3553 Los Angeles Ave, Los Angeles",DC Fast Charger,Greenlots,50,0.42,17.78,9,4.0,85,1,0.4867,LOW
EVS01721,"6208 Random Rd, City 173, Country",DC Fast Charger,Ionity,150,0.32,11.97,4,3.5,89,1,0.4867,LOW
EVS01702,"4537 Dubai Ave, Dubai",DC Fast Charger,Tesla,350,0.13,12.3,10,3.1,42,0,0.4866,LOW
EVS02305,"2764 Dubai Ave, Dubai",AC Level 2,ChargePoint,350,0.11,2.55,8,3.8,77,1,0.4866,LOW
EVS02012,"350 Seoul Ave, Seoul",AC Level 2,Greenlots,150,0.4,16.45,2,3.4,27,0,0.4866,LOW
EVS00277,"1979 Dubai Ave, Dubai",AC Level 2,Greenlots,50,0.4,13.94,5,3.8,82,1,0.4866,LOW
EVS02662,"1524 Bangkok Ave, Bangkok",AC Level 2,Greenlots,22,0.3,0.58,9,4.9,38,0,0.4866,LOW
EVS02973,"8212 San Francisco Ave, San Francisco",AC Level 1,Tesla,150,0.25,6.34,6,3.8,89,1,0.4866,LOW
EVS01534,"8954 São Paulo Ave, São Paulo",DC Fast Charger,EVgo,22,0.49,12.34,3,4.4,18,0,0.4865,LOW
EVS01286,"3342 Bangkok Ave, Bangkok",DC Fast Charger,ChargePoint,50,0.48,5.66,1,4.9,64,1,0.4865,LOW
EVS02585,"8302 Moscow Ave, Moscow",AC Level 1,ChargePoint,50,0.36,1.57,1,4.4,53,0,0.4865,LOW
EVS04734,"8299 San Francisco Ave, San Francisco",DC Fast Charger,Tesla,350,0.19,9.41,4,3.2,96,1,0.4865,LOW
EVS00469,"3169 Berlin Ave, Berlin",DC Fast Charger,ChargePoint,22,0.38,7.59,6,4.4,66,1,0.4865,LOW
EVS04932,"1937 Moscow Ave, Moscow",DC Fast Charger,Ionity,50,0.36,5.1,7,4.7,41,0,0.4865,LOW
EVS03617,"5871 Berlin Ave, Berlin",AC Level 1,Tesla,350,0.23,5.99,10,4.6,76,1,0.4865,LOW
EVS02741,"2363 Random Rd, City 330, Country",AC Level 2,Tesla,50,0.46,7.02,2,4.7,68,1,0.4865,LOW
EVS01858,"2262 Cape Town Ave, Cape Town",DC Fast Charger,EVgo,350,0.1,3.12,5,3.3,44,0,0.4865,LOW
EVS04744,"3983 Seoul Ave, Seoul",AC Level 1,Greenlots,350,0.23,0.78,5,4.6,19,0,0.4864,LOW
EVS02608,"1413 São Paulo Ave, São Paulo",AC Level 2,ChargePoint,50,0.37,13.52,5,3.6,57,1,0.4864,LOW
EVS02347,"1835 Los Angeles Ave, Los Angeles",AC Level 1,ChargePoint,22,0.36,12.83,3,3.3,15,0,0.4864,LOW
EVS02441,"6005 Random Rd, City 418, Country",AC Level 1,Greenlots,50,0.24,9.0,7,3.3,39,0,0.4864,LOW
EVS00113,"563 Bangkok Ave, Bangkok",AC Level 2,ChargePoint,150,0.27,17.19,10,3.2,22,0,0.4864,LOW
EVS04659,"4857 Berlin Ave, Berlin",DC Fast Charger,EVgo,22,0.22,5.07,6,3.4,21,0,0.4864,LOW
EVS03099,"4300 Bangkok Ave, Bangkok",DC Fast Charger,ChargePoint,22,0.4,17.57,10,3.9,49,0,0.4864,LOW
EVS01805,"7816 São Paulo Ave, São Paulo",AC Level 2,EVgo,50,0.29,14.33,7,3.1,83,1,0.4864,LOW
EVS03473,"8461 San Francisco Ave, San Francisco",AC Level 1,ChargePoint,150,0.42,17.9,3,3.5,78,1,0.4863,LOW
EVS00739,"6946 Mumbai Ave, Mumbai",AC Level 1,Greenlots,22,0.29,8.09,5,3.5,89,1,0.4863,LOW
EVS04682,"4967 Toronto Ave, Toronto",DC Fast Charger,Ionity,150,0.33,14.13,9,3.9,27,0,0.4863,LOW
EVS02774,"389 Beijing Ave, Beijing",AC Level 1,Ionity,350,0.22,5.93,9,4.4,70,1,0.4863,LOW
EVS03602,"8491 Cape Town Ave, Cape Town",AC Level 2,EVgo,50,0.11,0.99,10,3.5,56,0,0.4862,LOW
EVS00080,"1935 Los Angeles Ave, Los Angeles",AC Level 2,EVgo,150,0.45,19.25,4,3.7,99,1,0.4862,LOW
EVS04490,"4394 Beijing Ave, Beijing",AC Level 2,Ionity,22,0.46,10.78,8,4.9,75,1,0.4862,LOW
EVS03563,"4137 San Francisco Ave, San Francisco",DC Fast Charger,ChargePoint,350,0.29,13.28,1,3.2,34,0,0.4862,LOW
EVS01756,"1768 Mumbai Ave, Mumbai",AC Level 1,ChargePoint,150,0.22,10.42,7,3.2,28,0,0.4862,LOW
EVS04641,"5190 Random Rd, City 277, Country",AC Level 2,Tesla,350,0.21,8.58,8,3.9,70,1,0.4862,LOW
EVS00377,"8108 Seoul Ave, Seoul",AC Level 1,EVgo,350,0.37,12.7,1,3.9,45,0,0.4861,LOW
EVS01754,"9588 Chicago Ave, Chicago",DC Fast Charger,Tesla,22,0.23,3.41,9,4.0,78,1,0.4861,LOW
EVS01097,"2593 Cape Town Ave, Cape Town",AC Level 1,Ionity,50,0.31,16.67,8,3.1,41,0,0.4861,LOW
EVS00086,"1381 Beijing Ave, Beijing",AC Level 2,Tesla,50,0.49,16.11,8,4.6,99,1,0.4861,LOW
EVS00997,"5690 São Paulo Ave, São Paulo",AC Level 1,Greenlots,150,0.47,6.94,2,5.0,51,0,0.4861,LOW
EVS00165,"9305 Los Angeles Ave, Los Angeles",AC Level 1,ChargePoint,50,0.46,18.56,9,4.2,100,1,0.4861,LOW
EVS04512,"7784 Cape Town Ave, Cape Town",AC Level 1,EVgo,150,0.2,1.81,1,3.3,93,1,0.4861,LOW
EVS04482,"5627 Seoul Ave, Seoul",DC Fast Charger,Tesla,150,0.4,5.93,5,4.9,52,0,0.4861,LOW
EVS02003,"7177 São Paulo Ave, São Paulo",AC Level 1,Ionity,150,0.32,9.6,2,3.5,20,0,0.486,LOW
EVS01412,"459 San Francisco Ave, San Francisco",AC Level 2,EVgo,50,0.28,7.51,3,3.3,23,0,0.486,LOW
EVS01504,"9960 San Francisco Ave, San Francisco",AC Level 1,EVgo,150,0.35,11.12,4,3.8,88,1,0.486,LOW
EVS01226,"8934 Beijing Ave, Beijing",AC Level 2,ChargePoint,22,0.47,19.55,9,4.1,13,0,0.486,LOW
EVS03231,"376 Random Rd, City 411, Country",AC Level 1,Greenlots,22,0.26,3.86,4,3.6,92,1,0.486,LOW
EVS03762,"8333 Dubai Ave, Dubai",AC Level 1,ChargePoint,50,0.17,5.59,7,3.1,64,1,0.486,LOW
EVS03601,"475 Random Rd, City 405, Country",AC Level 1,ChargePoint,22,0.48,17.72,10,4.5,98,1,0.486,LOW
EVS01937,"7047 Beijing Ave, Beijing",AC Level 2,EVgo,150,0.44,10.51,5,4.7,24,0,0.4859,LOW
EVS02612,"3121 Los Angeles Ave, Los Angeles",AC Level 1,Ionity,150,0.44,16.29,8,4.4,79,1,0.4859,LOW
EVS04770,"1883 Chicago Ave, Chicago",AC Level 1,ChargePoint,50,0.35,18.52,8,3.2,27,0,0.4859,LOW
EVS01005,"8065 Beijing Ave, Beijing",AC Level 1,ChargePoint,150,0.31,16.39,5,3.0,19,0,0.4859,LOW
EVS03784,"5132 Mexico City Ave, Mexico City",AC Level 1,ChargePoint,350,0.27,1.29,3,4.6,54,0,0.4859,LOW
EVS01386,"117 São Paulo Ave, São Paulo",AC Level 2,Ionity,22,0.28,9.53,9,3.7,33,0,0.4859,LOW
EVS03584,"3626 Berlin Ave, Berlin",DC Fast Charger,Ionity,50,0.24,7.85,7,3.4,10,0,0.4859,LOW
EVS00527,"1368 Seoul Ave, Seoul",AC Level 2,Tesla,350,0.12,3.66,7,3.6,63,1,0.4859,LOW
EVS03614,"5042 Sydney Ave, Sydney",DC Fast Charger,Ionity,22,0.38,2.39,3,4.6,78,1,0.4859,LOW
EVS00866,"3094 São Paulo Ave, São Paulo",DC Fast Charger,Greenlots,150,0.31,15.48,5,3.1,18,0,0.4859,LOW
EVS01091,"678 Random Rd, City 408, Country",AC Level 2,ChargePoint,150,0.35,11.5,1,3.4,23,0,0.4859,LOW
EVS03405,"1532 Dubai Ave, Dubai",DC Fast Charger,Greenlots,150,0.38,4.86,2,4.5,22,0,0.4858,LOW
EVS01742,"6936 São Paulo Ave, São Paulo",AC Level 2,ChargePoint,150,0.31,15.62,6,3.2,40,0,0.4858,LOW
EVS02791,"2261 Random Rd, City 64, Country",DC Fast Charger,EVgo,350,0.37,14.75,10,4.7,73,1,0.4858,LOW
EVS00670,"63 Cape Town Ave, Cape Town",AC Level 2,ChargePoint,50,0.46,15.63,2,3.7,12,0,0.4858,LOW
EVS01047,"1328 Cape Town Ave, Cape Town",AC Level 1,Tesla,350,0.41,18.32,9,4.5,62,1,0.4858,LOW
EVS00917,"8244 Cape Town Ave, Cape Town",AC Level 2,Tesla,22,0.14,6.78,10,3.0,15,0,0.4858,LOW
EVS03732,"6167 Berlin Ave, Berlin",DC Fast Charger,EVgo,50,0.13,0.84,7,3.3,99,1,0.4857,LOW
EVS01931,"443 Random Rd, City 319, Country",DC Fast Charger,Tesla,22,0.24,2.75,7,3.9,54,0,0.4857,LOW
EVS01034,"6289 São Paulo Ave, São Paulo",AC Level 1,Ionity,50,0.23,7.07,7,3.4,96,1,0.4857,LOW
EVS02932,"1686 Mexico City Ave, Mexico City",AC Level 1,EVgo,22,0.16,3.72,10,3.5,31,0,0.4857,LOW
EVS02589,"2340 Seoul Ave, Seoul",AC Level 1,Ionity,50,0.41,7.54,8,4.9,100,1,0.4857,LOW
EVS00066,"9172 Sydney Ave, Sydney",DC Fast Charger,EVgo,350,0.32,13.68,3,3.6,31,0,0.4857,LOW
EVS02593,"3978 Los Angeles Ave, Los Angeles",AC Level 2,Ionity,150,0.45,13.02,6,4.6,29,0,0.4857,LOW
EVS00860,"3895 Los Angeles Ave, Los Angeles",DC Fast Charger,Ionity,22,0.12,0.68,9,3.4,44,0,0.4856,LOW
EVS04151,"1031 Random Rd, City 438, Country",AC Level 2,Tesla,22,0.19,7.45,9,3.2,35,0,0.4856,LOW
EVS00014,"9047 Chicago Ave, Chicago",AC Level 2,Tesla,50,0.16,3.21,9,3.5,66,1,0.4856,LOW
EVS01556,"3297 Chicago Ave, Chicago",AC Level 1,EVgo,350,0.21,8.31,8,3.9,26,0,0.4856,LOW
EVS02313,"2232 Bangkok Ave, Bangkok",AC Level 2,Tesla,150,0.28,14.55,8,3.3,87,1,0.4856,LOW
EVS00872,"9468 Berlin Ave, Berlin",AC Level 1,EVgo,50,0.24,2.21,6,3.9,64,1,0.4856,LOW
EVS02079,"7601 Berlin Ave, Berlin",DC Fast Charger,Ionity,150,0.48,16.15,1,3.9,44,0,0.4855,LOW
EVS01101,"7263 Random Rd, City 76, Country",AC Level 2,EVgo,22,0.19,3.99,10,3.7,60,1,0.4855,LOW
EVS01494,"1809 Los Angeles Ave, Los Angeles",AC Level 2,Tesla,50,0.45,10.3,8,4.9,71,1,0.4855,LOW
EVS00374,"3890 Bangkok Ave, Bangkok",DC Fast Charger,EVgo,350,0.33,9.7,2,4.0,59,1,0.4855,LOW
EVS02006,"2808 Beijing Ave, Beijing",AC Level 1,Tesla,50,0.3,3.46,10,4.7,10,0,0.4855,LOW
EVS02559,"1811 Los Angeles Ave, Los Angeles",AC Level 2,ChargePoint,350,0.24,13.5,5,3.2,99,1,0.4854,LOW
EVS00717,"7564 Toronto Ave, Toronto",AC Level 1,Ionity,150,0.36,12.59,5,3.8,96,1,0.4854,LOW
EVS02535,"2005 Seoul Ave, Seoul",DC Fast Charger,Greenlots,350,0.21,14.17,6,3.0,74,1,0.4854,LOW
EVS00503,"7258 Bangkok Ave, Bangkok",AC Level 1,EVgo,50,0.23,11.52,8,3.0,26,0,0.4854,LOW
EVS00688,"6541 Seoul Ave, Seoul",AC Level 1,Tesla,150,0.28,7.6,10,4.3,56,0,0.4854,LOW
EVS02031,"5728 Random Rd, City 495, Country",AC Level 1,EVgo,150,0.21,0.55,2,3.6,21,0,0.4854,LOW
EVS02546,"3467 São Paulo Ave, São Paulo",DC Fast Charger,EVgo,350,0.25,6.58,8,4.4,70,1,0.4854,LOW
EVS03638,"1453 San Francisco Ave, San Francisco",AC Level 2,Tesla,150,0.36,6.75,2,4.1,84,1,0.4853,LOW
EVS04221,"1698 Random Rd, City 46, Country",AC Level 1,Tesla,50,0.32,14.17,7,3.3,67,1,0.4853,LOW
EVS03366,"4126 Sydney Ave, Sydney",AC Level 1,EVgo,50,0.25,3.24,3,3.5,80,1,0.4853,LOW
EVS00958,"4521 Berlin Ave, Berlin",AC Level 2,Tesla,150,0.33,11.73,2,3.3,52,0,0.4853,LOW
EVS02817,"5536 Cape Town Ave, Cape Town",DC Fast Charger,Ionity,350,0.37,15.83,7,4.2,97,1,0.4853,LOW
EVS03374,"4162 Mumbai Ave, Mumbai",AC Level 1,Greenlots,50,0.47,18.73,8,4.1,45,0,0.4852,LOW
EVS04144,"9155 Dubai Ave, Dubai",AC Level 2,Tesla,150,0.37,7.28,1,4.0,81,1,0.4852,LOW
EVS02530,"9977 Chicago Ave, Chicago",AC Level 1,Ionity,350,0.32,13.89,6,3.9,66,1,0.4852,LOW
EVS04286,"1695 Mumbai Ave, Mumbai",AC Level 2,EVgo,350,0.17,3.65,3,3.5,72,1,0.4852,LOW
EVS03255,"2075 Berlin Ave, Berlin",DC Fast Charger,EVgo,22,0.43,18.27,4,3.3,33,0,0.4852,LOW
EVS02023,"6069 São Paulo Ave, São Paulo",AC Level 2,Greenlots,150,0.4,16.68,2,3.3,49,0,0.4852,LOW
EVS03704,"7894 San Francisco Ave, San Francisco",AC Level 2,Ionity,22,0.28,7.71,5,3.4,78,1,0.4852,LOW
EVS02553,"6747 Berlin Ave, Berlin",AC Level 2,ChargePoint,150,0.21,6.98,4,3.1,46,0,0.4852,LOW
EVS02565,"9595 San Francisco Ave, San Francisco",AC Level 1,Ionity,50,0.3,7.61,9,4.1,27,0,0.4852,LOW
EVS01368,"2341 Mexico City Ave, Mexico City",DC Fast Charger,EVgo,150,0.36,3.1,2,4.5,18,0,0.4851,LOW
EVS03626,"9858 Mumbai Ave, Mumbai",AC Level 2,Ionity,50,0.39,14.93,3,3.3,24,0,0.4851,LOW
EVS04447,"6575 Berlin Ave, Berlin",AC Level 1,EVgo,50,0.28,4.27,2,3.5,76,1,0.4851,LOW
EVS04071,"4805 Random Rd, City 187, Country",AC Level 1,EVgo,150,0.4,17.38,7,3.8,82,1,0.4851,LOW
EVS02911,"8113 Random Rd, City 463, Country",DC Fast Charger,Ionity,350,0.2,6.64,3,3.4,77,1,0.4851,LOW
EVS04002,"6096 Mumbai Ave, Mumbai",AC Level 2,Greenlots,22,0.44,1.56,1,4.9,97,1,0.4851,LOW
EVS03922,"2948 São Paulo Ave, São Paulo",AC Level 1,EVgo,150,0.25,6.09,3,3.4,61,1,0.4851,LOW
EVS04330,"2485 San Francisco Ave, San Francisco",AC Level 1,ChargePoint,22,0.44,14.32,3,3.7,33,0,0.4851,LOW
EVS01498,"3742 Beijing Ave, Beijing",AC Level 2,Greenlots,50,0.5,18.25,9,4.5,92,1,0.4851,LOW
EVS00462,"4234 Seoul Ave, Seoul",DC Fast Charger,Greenlots,50,0.41,20.0,10,3.7,75,1,0.485,LOW
EVS00058,"4787 Seoul Ave, Seoul",AC Level 1,EVgo,150,0.41,13.14,4,4.0,71,1,0.485,LOW
EVS04348,"7389 Seoul Ave, Seoul",AC Level 1,Tesla,350,0.4,17.1,8,4.4,67,1,0.485,LOW
EVS00054,"6541 Chicago Ave, Chicago",DC Fast Charger,Ionity,50,0.37,1.98,4,4.7,79,1,0.485,LOW
EVS01876,"2151 Mumbai Ave, Mumbai",DC Fast Charger,Tesla,150,0.43,13.2,7,4.5,31,0,0.485,LOW
EVS04945,"5719 Toronto Ave, Toronto",DC Fast Charger,Greenlots,22,0.49,10.23,6,4.9,14,0,0.485,LOW
EVS04517,"4071 Berlin Ave, Berlin",AC Level 2,Ionity,350,0.28,15.82,3,3.0,12,0,0.4849,LOW
EVS00386,"965 Bangkok Ave, Bangkok",AC Level 2,ChargePoint,22,0.41,14.02,10,4.3,32,0,0.4849,LOW
EVS03639,"5580 Los Angeles Ave, Los Angeles",AC Level 2,Tesla,350,0.33,12.22,9,4.5,86,1,0.4849,LOW
EVS01218,"1157 Toronto Ave, Toronto",AC Level 1,ChargePoint,350,0.43,17.56,9,4.7,42,0,0.4849,LOW
EVS04827,"7321 Cape Town Ave, Cape Town",AC Level 2,Tesla,150,0.35,14.31,5,3.5,25,0,0.4849,LOW
EVS01825,"6246 Dubai Ave, Dubai",AC Level 1,ChargePoint,350,0.47,12.1,1,4.7,26,0,0.4849,LOW
EVS00182,"7953 Seoul Ave, Seoul",AC Level 1,Ionity,22,0.3,4.23,9,4.4,38,0,0.4849,LOW
EVS01106,"3982 Los Angeles Ave, Los Angeles",AC Level 2,Greenlots,150,0.45,14.71,8,4.6,75,1,0.4849,LOW
EVS00764,"8882 Seoul Ave, Seoul",AC Level 2,EVgo,50,0.41,8.18,3,4.2,45,0,0.4848,LOW
EVS02400,"1544 Seoul Ave, Seoul",AC Level 1,ChargePoint,150,0.43,5.55,4,5.0,38,0,0.4848,LOW
EVS01701,"8963 Random Rd, City 80, Country",AC Level 2,EVgo,50,0.46,9.8,2,4.3,88,1,0.4848,LOW
EVS02584,"524 Mexico City Ave, Mexico City",AC Level 2,ChargePoint,22,0.29,6.02,2,3.3,69,1,0.4848,LOW
EVS01140,"5355 Moscow Ave, Moscow",DC Fast Charger,Greenlots,150,0.18,0.94,3,3.4,90,1,0.4848,LOW
EVS02568,"4803 Toronto Ave, Toronto",AC Level 1,EVgo,22,0.46,12.14,10,4.9,10,0,0.4847,LOW
EVS00899,"4061 Cape Town Ave, Cape Town",AC Level 1,ChargePoint,350,0.31,19.33,7,3.3,91,1,0.4847,LOW
EVS03040,"1682 Dubai Ave, Dubai",DC Fast Charger,Ionity,50,0.38,10.45,3,3.7,83,1,0.4847,LOW
EVS00090,"4669 Moscow Ave, Moscow",AC Level 2,EVgo,150,0.47,14.45,3,4.2,11,0,0.4847,LOW
EVS04696,"7848 Bangkok Ave, Bangkok",AC Level 2,Ionity,22,0.44,7.45,6,4.8,39,0,0.4847,LOW
EVS00954,"1558 Toronto Ave, Toronto",DC Fast Charger,ChargePoint,22,0.32,5.29,7,4.2,44,0,0.4847,LOW
EVS04274,"1228 São Paulo Ave, São Paulo",AC Level 2,ChargePoint,22,0.44,13.37,10,4.6,38,0,0.4847,LOW
EVS04597,"4964 Mumbai Ave, Mumbai",AC Level 1,Greenlots,350,0.32,13.19,3,3.6,93,1,0.4847,LOW
EVS04740,"6605 Sydney Ave, Sydney",AC Level 1,Greenlots,350,0.38,11.22,3,4.3,99,1,0.4847,LOW
EVS01990,"5633 Cape Town Ave, Cape Town",AC Level 2,ChargePoint,350,0.25,9.83,2,3.3,11,0,0.4847,LOW
EVS00097,"8984 Los Angeles Ave, Los Angeles",AC Level 2,Tesla,22,0.44,9.05,5,4.5,25,0,0.4846,LOW
EVS03008,"5119 Bangkok Ave, Bangkok",AC Level 1,Greenlots,150,0.31,1.97,2,4.2,26,0,0.4846,LOW
EVS02203,"1078 Bangkok Ave, Bangkok",AC Level 2,Tesla,50,0.38,1.91,6,5.0,17,0,0.4846,LOW
EVS00115,"3505 Seoul Ave, Seoul",AC Level 2,Greenlots,50,0.31,9.12,4,3.4,59,1,0.4846,LOW
EVS01794,"1285 Dubai Ave, Dubai",DC Fast Charger,Ionity,50,0.34,3.2,4,4.3,33,0,0.4846,LOW
EVS04393,"8265 Dubai Ave, Dubai",AC Level 1,ChargePoint,350,0.45,17.46,6,4.5,29,0,0.4845,LOW
EVS04749,"229 Chicago Ave, Chicago",DC Fast Charger,Tesla,22,0.2,0.51,3,3.3,21,0,0.4845,LOW
EVS03319,"452 São Paulo Ave, São Paulo",AC Level 1,Tesla,22,0.34,1.27,1,4.1,16,0,0.4845,LOW
EVS04993,"3795 Bangkok Ave, Bangkok",AC Level 1,Greenlots,150,0.32,2.61,2,4.2,30,0,0.4845,LOW
EVS03571,"2129 Random Rd, City 13, Country",AC Level 2,Tesla,150,0.3,5.64,2,3.7,62,1,0.4845,LOW
EVS03438,"4155 Mexico City Ave, Mexico City",DC Fast Charger,Ionity,50,0.21,6.68,6,3.1,80,1,0.4845,LOW
EVS01311,"3363 Random Rd, City 211, Country",AC Level 2,EVgo,150,0.31,1.74,1,4.1,87,1,0.4845,LOW
EVS03846,"8133 Cape Town Ave, Cape Town",DC Fast Charger,Tesla,350,0.18,1.47,4,3.9,59,1,0.4845,LOW
EVS01421,"6777 Random Rd, City 25, Country",AC Level 1,ChargePoint,50,0.29,5.54,2,3.4,44,0,0.4844,LOW
EVS03746,"1716 Chicago Ave, Chicago",AC Level 2,Greenlots,50,0.31,9.18,5,3.5,18,0,0.4844,LOW
EVS01528,"5633 Mumbai Ave, Mumbai",AC Level 2,Greenlots,50,0.23,7.63,9,3.5,95,1,0.4844,LOW
EVS02483,"2346 Beijing Ave, Beijing",DC Fast Charger,Ionity,50,0.45,10.97,4,4.3,81,1,0.4844,LOW
EVS02579,"7739 Cape Town Ave, Cape Town",AC Level 2,EVgo,150,0.26,11.51,7,3.3,27,0,0.4844,LOW
EVS02838,"2322 Sydney Ave, Sydney",DC Fast Charger,ChargePoint,350,0.23,8.56,4,3.5,99,1,0.4844,LOW
EVS02771,"4702 Random Rd, City 500, Country",AC Level 2,Greenlots,150,0.43,19.31,2,3.2,45,0,0.4844,LOW
EVS02859,"4246 Berlin Ave, Berlin",DC Fast Charger,Tesla,22,0.43,1.52,2,4.9,53,0,0.4844,LOW
EVS04253,"7745 Moscow Ave, Moscow",AC Level 2,Tesla,150,0.13,2.97,6,3.1,61,1,0.4843,LOW
EVS02251,"6670 Random Rd, City 222, Country",AC Level 2,Greenlots,22,0.36,6.19,1,3.7,78,1,0.4843,LOW
EVS02663,"1593 Seoul Ave, Seoul",DC Fast Charger,ChargePoint,22,0.46,11.22,5,4.4,93,1,0.4843,LOW
EVS02954,"9035 Cape Town Ave, Cape Town",AC Level 1,Tesla,150,0.34,0.68,4,4.8,16,0,0.4843,LOW
EVS01842,"932 Mexico City Ave, Mexico City",DC Fast Charger,Tesla,50,0.25,3.81,4,3.5,87,1,0.4843,LOW
EVS00110,"7308 Beijing Ave, Beijing",AC Level 1,EVgo,350,0.19,3.73,9,4.3,68,1,0.4843,LOW
EVS02960,"3349 San Francisco Ave, San Francisco",AC Level 2,Tesla,50,0.37,4.61,6,4.6,63,1,0.4843,LOW
EVS01748,"9974 Mexico City Ave, Mexico City",DC Fast Charger,Ionity,150,0.19,6.03,4,3.0,43,0,0.4843,LOW
EVS01894,"6708 Mumbai Ave, Mumbai",AC Level 1,EVgo,22,0.45,11.68,1,3.8,67,1,0.4843,LOW
EVS04163,"2429 Moscow Ave, Moscow",AC Level 1,Tesla,350,0.34,6.24,2,4.4,31,0,0.4843,LOW
EVS01567,"8262 Toronto Ave, Toronto",AC Level 1,Tesla,50,0.32,13.81,8,3.4,83,1,0.4843,LOW
EVS02734,"5501 Bangkok Ave, Bangkok",AC Level 1,Greenlots,22,0.36,9.11,3,3.6,78,1,0.4842,LOW
EVS03041,"4704 Random Rd, City 388, Country",AC Level 2,Tesla,50,0.3,5.1,1,3.4,41,0,0.4842,LOW
EVS02322,"9380 Los Angeles Ave, Los Angeles",AC Level 2,Tesla,50,0.42,5.62,1,4.3,57,1,0.4842,LOW
EVS04624,"1368 Bangkok Ave, Bangkok",AC Level 2,Tesla,350,0.43,15.57,10,5.0,36,0,0.4842,LOW
EVS04045,"8312 Mexico City Ave, Mexico City",AC Level 1,Greenlots,350,0.19,14.37,9,3.1,87,1,0.4842,LOW
EVS04711,"5709 Random Rd, City 393, Country",AC Level 1,ChargePoint,150,0.47,9.71,3,4.7,62,1,0.4841,LOW
EVS03685,"4056 Moscow Ave, Moscow",AC Level 2,Tesla,22,0.41,11.72,3,3.7,62,1,0.4841,LOW
EVS04548,"8025 Moscow Ave, Moscow",AC Level 2,Greenlots,150,0.4,13.61,9,4.4,81,1,0.4841,LOW
EVS02811,"9274 Random Rd, City 359, Country",AC Level 1,Tesla,350,0.3,16.08,10,3.9,88,1,0.4841,LOW
EVS01404,"6942 Beijing Ave, Beijing",AC Level 2,Ionity,50,0.23,3.17,4,3.4,63,1,0.4841,LOW
EVS02910,"8885 Sydney Ave, Sydney",AC Level 1,EVgo,50,0.25,10.36,7,3.1,62,1,0.484,LOW
EVS00511,"9405 Random Rd, City 16, Country",DC Fast Charger,Greenlots,350,0.32,17.47,10,3.9,92,1,0.484,LOW
EVS04603,"2026 Bangkok Ave, Bangkok",AC Level 2,ChargePoint,150,0.37,13.67,6,3.8,36,0,0.484,LOW
EVS01985,"703 Mexico City Ave, Mexico City",AC Level 2,Greenlots,22,0.42,5.54,5,4.7,48,0,0.484,LOW
EVS00973,"140 Dubai Ave, Dubai",AC Level 1,Tesla,22,0.38,14.72,8,3.7,40,0,0.484,LOW
EVS02766,"913 Mexico City Ave, Mexico City",AC Level 1,Tesla,150,0.27,9.06,5,3.4,82,1,0.484,LOW
EVS02032,"7615 San Francisco Ave, San Francisco",AC Level 2,EVgo,350,0.46,14.05,4,4.7,37,0,0.484,LOW
EVS01039,"7456 Sydney Ave, Sydney",DC Fast Charger,Greenlots,50,0.36,7.75,9,4.5,58,1,0.484,LOW
EVS04015,"3811 Moscow Ave, Moscow",AC Level 2,Greenlots,350,0.15,11.57,10,3.2,36,0,0.484,LOW
EVS02712,"6172 Sydney Ave, Sydney",AC Level 1,Tesla,350,0.26,9.44,3,3.5,35,0,0.4839,LOW
EVS02208,"1044 Mexico City Ave, Mexico City",AC Level 2,ChargePoint,150,0.28,7.51,2,3.3,10,0,0.4839,LOW
EVS03573,"2399 Sydney Ave, Sydney",DC Fast Charger,Ionity,50,0.38,9.76,1,3.5,48,0,0.4839,LOW
EVS04033,"4841 Chicago Ave, Chicago",AC Level 2,Tesla,50,0.25,4.21,2,3.2,51,0,0.4839,LOW
EVS03106,"730 Cape Town Ave, Cape Town",DC Fast Charger,Greenlots,150,0.26,12.59,10,3.5,25,0,0.4839,LOW
EVS03111,"496 Random Rd, City 467, Country",AC Level 1,Greenlots,350,0.24,12.14,7,3.5,99,1,0.4839,LOW
EVS03130,"7223 Moscow Ave, Moscow",AC Level 2,Tesla,22,0.36,15.29,10,3.7,36,0,0.4838,LOW
EVS00030,"7835 Beijing Ave, Beijing",DC Fast Charger,EVgo,50,0.2,5.52,5,3.0,27,0,0.4838,LOW
EVS02977,"4683 Cape Town Ave, Cape Town",AC Level 2,Ionity,22,0.35,4.47,8,4.6,71,1,0.4838,LOW
EVS00585,"4451 Toronto Ave, Toronto",AC Level 2,Tesla,50,0.39,3.14,6,4.9,80,1,0.4838,LOW
EVS01605,"3343 San Francisco Ave, San Francisco",AC Level 1,Greenlots,350,0.23,16.16,9,3.2,23,0,0.4838,LOW
EVS03710,"4470 Sydney Ave, Sydney",AC Level 1,Ionity,150,0.42,13.69,7,4.3,26,0,0.4838,LOW
EVS00467,"3261 Dubai Ave, Dubai",AC Level 1,Tesla,22,0.47,17.74,10,4.3,20,0,0.4838,LOW
EVS01426,"3673 Beijing Ave, Beijing",DC Fast Charger,Greenlots,150,0.26,9.28,6,3.4,50,0,0.4838,LOW
EVS01637,"2566 Cape Town Ave, Cape Town",AC Level 2,Greenlots,50,0.25,9.34,7,3.2,45,0,0.4838,LOW
EVS00753,"9964 Toronto Ave, Toronto",AC Level 1,Greenlots,150,0.38,19.15,9,3.6,88,1,0.4838,LOW
EVS01150,"7783 Berlin Ave, Berlin",DC Fast Charger,EVgo,22,0.45,11.57,2,3.9,81,1,0.4837,LOW
EVS03200,"876 Chicago Ave, Chicago",AC Level 1,EVgo,150,0.26,1.54,2,3.8,64,1,0.4837,LOW
EVS02215,"2457 Mumbai Ave, Mumbai",AC Level 1,Tesla,150,0.38,16.46,9,3.9,92,1,0.4837,LOW
EVS03383,"6473 Seoul Ave, Seoul",DC Fast Charger,Greenlots,22,0.49,13.66,3,4.1,34,0,0.4837,LOW
EVS02556,"370 San Francisco Ave, San Francisco",DC Fast Charger,EVgo,150,0.11,3.59,10,3.3,24,0,0.4837,LOW
EVS00403,"565 Mexico City Ave, Mexico City",AC Level 2,ChargePoint,150,0.35,19.65,9,3.3,90,1,0.4837,LOW
EVS02488,"1534 Chicago Ave, Chicago",DC Fast Charger,Ionity,150,0.21,1.81,4,3.6,100,1,0.4837,LOW
EVS01179,"2153 Moscow Ave, Moscow",AC Level 2,Tesla,150,0.47,8.73,4,4.9,39,0,0.4837,LOW
EVS04422,"808 Mexico City Ave, Mexico City",AC Level 2,Greenlots,50,0.31,4.8,2,3.6,97,1,0.4837,LOW
EVS01994,"3805 Bangkok Ave, Bangkok",AC Level 2,EVgo,150,0.34,4.21,6,4.6,83,1,0.4836,LOW
EVS04488,"6816 São Paulo Ave, São Paulo",AC Level 1,EVgo,22,0.19,3.68,8,3.4,58,1,0.4836,LOW
EVS00928,"8274 Los Angeles Ave, Los Angeles",AC Level 2,Greenlots,50,0.38,14.38,3,3.2,24,0,0.4836,LOW
EVS00706,"3411 Chicago Ave, Chicago",DC Fast Charger,Tesla,22,0.22,7.59,8,3.2,73,1,0.4836,LOW
EVS00197,"9086 Moscow Ave, Moscow",AC Level 1,Tesla,50,0.36,14.41,7,3.5,31,0,0.4836,LOW
EVS04137,"5334 San Francisco Ave, San Francisco",DC Fast Charger,Greenlots,22,0.19,3.5,7,3.3,42,0,0.4836,LOW
EVS00971,"668 Random Rd, City 378, Country",DC Fast Charger,Ionity,150,0.37,8.52,9,4.7,77,1,0.4835,LOW
EVS02808,"519 Los Angeles Ave, Los Angeles",AC Level 2,Tesla,150,0.44,6.38,3,4.8,65,1,0.4835,LOW
EVS01335,"4044 Toronto Ave, Toronto",DC Fast Charger,ChargePoint,50,0.11,0.57,10,3.4,96,1,0.4835,LOW
EVS03581,"2886 Random Rd, City 276, Country",DC Fast Charger,Ionity,150,0.31,14.93,9,3.5,68,1,0.4835,LOW
EVS01132,"8785 Los Angeles Ave, Los Angeles",AC Level 2,EVgo,22,0.47,5.59,1,4.6,42,0,0.4835,LOW
EVS03105,"3215 Moscow Ave, Moscow",AC Level 1,EVgo,350,0.22,10.83,9,3.7,80,1,0.4835,LOW
EVS01770,"5253 Seoul Ave, Seoul",AC Level 2,Tesla,150,0.41,17.71,10,4.1,20,0,0.4834,LOW
EVS03682,"6454 Chicago Ave, Chicago",AC Level 1,Greenlots,50,0.36,3.65,1,4.0,82,1,0.4834,LOW
EVS04401,"9573 Random Rd, City 298, Country",AC Level 1,ChargePoint,22,0.39,5.65,4,4.3,80,1,0.4834,LOW
EVS00114,"1666 Mumbai Ave, Mumbai",AC Level 2,ChargePoint,50,0.39,18.54,9,3.5,19,0,0.4834,LOW
EVS01935,"7098 Berlin Ave, Berlin",AC Level 2,Ionity,350,0.41,17.18,9,4.5,17,0,0.4834,LOW
EVS01954,"6491 Moscow Ave, Moscow",AC Level 2,ChargePoint,50,0.34,14.96,9,3.5,22,0,0.4834,LOW
EVS00588,"9655 Berlin Ave, Berlin",DC Fast Charger,ChargePoint,150,0.45,18.59,3,3.5,83,1,0.4833,LOW
EVS01401,"2549 Random Rd, City 142, Country",AC Level 1,Greenlots,150,0.27,7.51,9,4.0,29,0,0.4833,LOW
EVS02085,"5504 Mumbai Ave, Mumbai",AC Level 1,Ionity,50,0.37,12.73,10,4.1,100,1,0.4833,LOW
EVS04864,"265 Seoul Ave, Seoul",AC Level 1,ChargePoint,350,0.17,0.64,1,3.5,96,1,0.4833,LOW
EVS00929,"8201 São Paulo Ave, São Paulo",AC Level 2,EVgo,22,0.27,6.08,5,3.4,52,0,0.4833,LOW
EVS00801,"9326 Random Rd, City 47, Country",DC Fast Charger,Greenlots,50,0.38,5.86,7,4.6,55,0,0.4832,LOW
EVS01324,"4261 Sydney Ave, Sydney",AC Level 1,EVgo,22,0.35,17.71,9,3.2,27,0,0.4832,LOW
EVS00858,"5657 Bangkok Ave, Bangkok",DC Fast Charger,ChargePoint,350,0.23,0.71,9,4.9,73,1,0.4832,LOW
EVS01727,"6884 Seoul Ave, Seoul",DC Fast Charger,ChargePoint,22,0.28,2.9,9,4.3,23,0,0.4832,LOW
EVS04771,"8672 Random Rd, City 372, Country",AC Level 2,EVgo,22,0.29,4.21,7,4.0,17,0,0.4832,LOW
EVS01808,"1390 Berlin Ave, Berlin",AC Level 1,EVgo,22,0.25,6.4,5,3.2,84,1,0.4832,LOW
EVS04859,"9271 Berlin Ave, Berlin",DC Fast Charger,EVgo,150,0.41,10.91,1,3.8,31,0,0.4832,LOW
EVS02970,"4625 San Francisco Ave, San Francisco",AC Level 2,ChargePoint,22,0.49,17.99,4,3.7,40,0,0.4831,LOW
EVS03824,"4592 Cape Town Ave, Cape Town",AC Level 1,ChargePoint,22,0.15,5.2,9,3.0,32,0,0.4831,LOW
EVS00559,"9359 Mexico City Ave, Mexico City",AC Level 2,Tesla,350,0.33,14.78,8,4.0,38,0,0.4831,LOW
EVS00907,"7155 Los Angeles Ave, Los Angeles",AC Level 2,Tesla,350,0.32,11.1,6,4.1,94,1,0.4831,LOW
EVS03972,"6579 Moscow Ave, Moscow",AC Level 2,EVgo,350,0.46,17.65,7,4.6,90,1,0.4831,LOW
EVS03118,"7192 Cape Town Ave, Cape Town",AC Level 1,Ionity,350,0.25,7.0,6,4.0,20,0,0.4831,LOW
EVS01303,"1158 Los Angeles Ave, Los Angeles",DC Fast Charger,Tesla,50,0.2,1.44,10,4.0,43,0,0.4831,LOW
EVS01127,"457 Dubai Ave, Dubai",AC Level 2,Tesla,150,0.31,6.85,10,4.5,78,1,0.4831,LOW
EVS02349,"8405 Cape Town Ave, Cape Town",AC Level 1,Ionity,350,0.42,13.01,1,4.1,50,0,0.4831,LOW
EVS00854,"1256 Dubai Ave, Dubai",AC Level 2,ChargePoint,350,0.16,3.84,4,3.4,37,0,0.4831,LOW
EVS03129,"4700 Moscow Ave, Moscow",AC Level 2,EVgo,22,0.41,12.7,1,3.3,87,1,0.4831,LOW
EVS02416,"2317 Mexico City Ave, Mexico City",DC Fast Charger,ChargePoint,150,0.42,16.92,1,3.2,67,1,0.483,LOW
EVS03396,"6620 San Francisco Ave, San Francisco",AC Level 1,ChargePoint,350,0.33,4.62,6,4.9,32,0,0.483,LOW
EVS03938,"2636 Cape Town Ave, Cape Town",DC Fast Charger,Tesla,22,0.21,1.69,5,3.4,42,0,0.483,LOW
EVS00426,"8311 Dubai Ave, Dubai",DC Fast Charger,Tesla,150,0.37,7.39,3,4.1,99,1,0.483,LOW
EVS03507,"6422 Moscow Ave, Moscow",DC Fast Charger,ChargePoint,350,0.29,6.22,6,4.4,86,1,0.483,LOW
EVS00136,"6193 Sydney Ave, Sydney",AC Level 1,Tesla,350,0.34,5.92,4,4.6,30,0,0.483,LOW
EVS03228,"6338 Beijing Ave, Beijing",AC Level 2,ChargePoint,350,0.29,3.85,2,4.2,39,0,0.483,LOW
EVS02944,"4603 Beijing Ave, Beijing",AC Level 2,EVgo,350,0.37,18.61,3,3.3,90,1,0.483,LOW
EVS00236,"1703 Seoul Ave, Seoul",AC Level 2,EVgo,22,0.32,13.19,6,3.1,20,0,0.4829,LOW
EVS02998,"3905 São Paulo Ave, São Paulo",AC Level 2,Ionity,150,0.46,18.79,7,4.0,35,0,0.4829,LOW
EVS01266,"7607 Bangkok Ave, Bangkok",AC Level 2,Greenlots,50,0.45,11.42,6,4.4,57,1,0.4829,LOW
EVS04166,"6007 Seoul Ave, Seoul",DC Fast Charger,Tesla,50,0.43,17.44,2,3.1,90,1,0.4829,LOW
EVS03293,"8643 Moscow Ave, Moscow",DC Fast Charger,EVgo,22,0.4,13.09,3,3.4,93,1,0.4829,LOW
EVS02445,"2432 Mexico City Ave, Mexico City",DC Fast Charger,Greenlots,150,0.38,11.75,4,3.8,19,0,0.4829,LOW
EVS04722,"6922 San Francisco Ave, San Francisco",DC Fast Charger,ChargePoint,22,0.25,9.22,7,3.1,93,1,0.4829,LOW
EVS04386,"8852 Mumbai Ave, Mumbai",AC Level 2,Greenlots,350,0.3,13.42,2,3.2,77,1,0.4829,LOW
EVS01942,"1695 Mumbai Ave, Mumbai",AC Level 2,ChargePoint,50,0.48,15.44,7,4.3,57,1,0.4828,LOW
EVS04134,"8566 Beijing Ave, Beijing",AC Level 1,EVgo,150,0.3,9.58,4,3.4,16,0,0.4828,LOW
EVS03696,"3808 Sydney Ave, Sydney",AC Level 1,Tesla,350,0.1,2.25,5,3.2,33,0,0.4828,LOW
EVS01454,"4533 Chicago Ave, Chicago",AC Level 1,ChargePoint,350,0.29,14.74,4,3.2,15,0,0.4828,LOW
EVS02362,"6908 Mexico City Ave, Mexico City",AC Level 2,EVgo,50,0.44,11.85,2,3.8,43,0,0.4828,LOW
EVS04039,"2190 Sydney Ave, Sydney",AC Level 2,ChargePoint,150,0.33,7.23,4,3.9,46,0,0.4827,LOW
EVS02480,"5138 Chicago Ave, Chicago",DC Fast Charger,Tesla,150,0.26,9.36,10,3.8,20,0,0.4827,LOW
EVS04114,"3254 Mumbai Ave, Mumbai",AC Level 1,Ionity,350,0.43,15.46,8,4.7,43,0,0.4827,LOW
EVS00950,"4705 Berlin Ave, Berlin",AC Level 1,Ionity,50,0.28,5.76,2,3.2,61,1,0.4827,LOW
EVS00294,"676 Toronto Ave, Toronto",AC Level 2,Greenlots,350,0.24,12.75,9,3.6,73,1,0.4827,LOW
EVS01863,"1499 Moscow Ave, Moscow",AC Level 1,Ionity,22,0.39,3.95,1,4.1,32,0,0.4827,LOW
EVS00787,"4589 Beijing Ave, Beijing",DC Fast Charger,ChargePoint,150,0.44,12.93,8,4.6,46,0,0.4826,LOW
EVS04632,"6939 Seoul Ave, Seoul",DC Fast Charger,ChargePoint,22,0.46,8.91,7,4.8,17,0,0.4826,LOW
EVS00052,"8806 Berlin Ave, Berlin",AC Level 2,ChargePoint,50,0.33,8.56,3,3.4,50,0,0.4826,LOW
EVS01393,"2193 Berlin Ave, Berlin",AC Level 1,EVgo,22,0.5,10.86,7,4.9,69,1,0.4826,LOW
EVS03781,"8842 Random Rd, City 435, Country",DC Fast Charger,Ionity,22,0.26,4.9,10,4.0,15,0,0.4826,LOW
EVS00071,"6980 Random Rd, City 205, Country",AC Level 2,Greenlots,50,0.44,11.03,3,4.0,19,0,0.4826,LOW
EVS01843,"86 Beijing Ave, Beijing",AC Level 1,Tesla,50,0.43,9.11,7,4.6,69,1,0.4826,LOW
EVS03650,"924 Berlin Ave, Berlin",AC Level 1,EVgo,350,0.32,8.31,7,4.5,84,1,0.4826,LOW
EVS03797,"6482 Mumbai Ave, Mumbai",AC Level 2,ChargePoint,22,0.43,7.93,9,4.9,29,0,0.4826,LOW
EVS04428,"6850 Los Angeles Ave, Los Angeles",DC Fast Charger,Ionity,22,0.36,11.12,4,3.4,70,1,0.4826,LOW
EVS00539,"2594 Sydney Ave, Sydney",AC Level 2,EVgo,350,0.38,11.82,8,4.7,68,1,0.4826,LOW
EVS01949,"6877 Los Angeles Ave, Los Angeles",AC Level 1,EVgo,350,0.48,16.12,7,4.9,32,0,0.4825,LOW
EVS03830,"1164 Beijing Ave, Beijing",DC Fast Charger,Greenlots,22,0.41,3.82,3,4.5,61,1,0.4825,LOW
EVS03354,"3736 Berlin Ave, Berlin",DC Fast Charger,ChargePoint,150,0.28,7.43,6,3.7,46,0,0.4825,LOW
EVS01096,"8588 Moscow Ave, Moscow",AC Level 1,Tesla,22,0.41,16.89,7,3.5,50,0,0.4825,LOW
EVS00649,"7494 San Francisco Ave, San Francisco",DC Fast Charger,Tesla,150,0.27,1.79,9,4.6,91,1,0.4825,LOW
EVS03789,"6101 São Paulo Ave, São Paulo",AC Level 1,Ionity,50,0.4,16.3,4,3.2,90,1,0.4825,LOW
EVS02286,"9403 Toronto Ave, Toronto",AC Level 1,Greenlots,22,0.24,3.57,5,3.4,45,0,0.4825,LOW
EVS01195,"6977 Mexico City Ave, Mexico City",DC Fast Charger,Ionity,22,0.38,7.13,10,4.7,67,1,0.4825,LOW
EVS01341,"1145 Random Rd, City 150, Country",AC Level 2,EVgo,22,0.37,9.11,4,3.7,60,1,0.4825,LOW
EVS00608,"4828 Beijing Ave, Beijing",DC Fast Charger,Ionity,22,0.5,12.86,3,4.2,23,0,0.4824,LOW
EVS00609,"8621 Cape Town Ave, Cape Town",AC Level 2,EVgo,22,0.3,3.67,1,3.4,18,0,0.4824,LOW
EVS03572,"4919 San Francisco Ave, San Francisco",AC Level 1,Tesla,22,0.32,11.45,8,3.5,99,1,0.4824,LOW
EVS03882,"2624 Sydney Ave, Sydney",DC Fast Charger,Tesla,350,0.35,17.34,6,3.6,80,1,0.4824,LOW
EVS03176,"4773 Beijing Ave, Beijing",AC Level 2,Greenlots,50,0.33,15.26,7,3.1,80,1,0.4824,LOW
EVS02736,"2702 Seoul Ave, Seoul",AC Level 1,EVgo,22,0.45,9.7,6,4.5,76,1,0.4824,LOW
EVS03156,"333 Mexico City Ave, Mexico City",AC Level 2,Ionity,22,0.44,11.37,4,4.0,97,1,0.4824,LOW
EVS01722,"4151 Los Angeles Ave, Los Angeles",AC Level 2,Ionity,350,0.22,11.47,5,3.1,37,0,0.4823,LOW
EVS02604,"6187 Cape Town Ave, Cape Town",AC Level 1,ChargePoint,22,0.18,1.27,7,3.4,76,1,0.4823,LOW
EVS04739,"7204 Moscow Ave, Moscow",AC Level 1,EVgo,22,0.42,12.12,7,4.1,12,0,0.4823,LOW
EVS01032,"3923 Beijing Ave, Beijing",DC Fast Charger,Greenlots,50,0.49,14.71,5,4.2,87,1,0.4822,LOW
EVS02875,"4967 San Francisco Ave, San Francisco",DC Fast Charger,EVgo,150,0.42,6.42,5,4.8,10,0,0.4822,LOW
EVS01021,"705 Random Rd, City 295, Country",DC Fast Charger,EVgo,50,0.27,7.79,10,3.8,98,1,0.4822,LOW
EVS02223,"1129 Chicago Ave, Chicago",AC Level 2,Greenlots,350,0.35,18.47,2,3.0,36,0,0.4822,LOW
EVS04055,"1117 Mumbai Ave, Mumbai",DC Fast Charger,ChargePoint,350,0.34,4.23,1,4.4,36,0,0.4822,LOW
EVS02657,"1590 San Francisco Ave, San Francisco",DC Fast Charger,Ionity,22,0.46,7.53,5,4.7,23,0,0.4822,LOW
EVS02334,"1909 San Francisco Ave, San Francisco",AC Level 2,Tesla,150,0.23,7.87,10,3.7,41,0,0.4822,LOW
EVS02368,"4263 Cape Town Ave, Cape Town",AC Level 1,Tesla,22,0.22,3.64,10,3.8,64,1,0.4822,LOW
EVS00240,"5512 Los Angeles Ave, Los Angeles",AC Level 1,Ionity,22,0.48,5.95,3,4.8,23,0,0.4822,LOW
EVS01911,"373 Random Rd, City 246, Country",DC Fast Charger,Ionity,350,0.17,2.9,8,4.0,56,0,0.4821,LOW
EVS02499,"2607 Moscow Ave, Moscow",DC Fast Charger,ChargePoint,22,0.33,3.25,9,4.6,45,0,0.4821,LOW
EVS04404,"3641 San Francisco Ave, San Francisco",DC Fast Charger,ChargePoint,50,0.22,7.14,6,3.0,61,1,0.4821,LOW
EVS04583,"3212 San Francisco Ave, San Francisco",DC Fast Charger,Tesla,150,0.28,2.3,9,4.6,71,1,0.4821,LOW
EVS00416,"766 Los Angeles Ave, Los Angeles",DC Fast Charger,EVgo,22,0.2,6.32,8,3.1,94,1,0.4821,LOW
EVS02507,"1502 São Paulo Ave, São Paulo",AC Level 2,Greenlots,22,0.37,6.85,2,3.7,59,1,0.4821,LOW
EVS01049,"4526 Berlin Ave, Berlin",AC Level 1,Tesla,50,0.41,14.13,4,3.5,70,1,0.4821,LOW
EVS01656,"9619 São Paulo Ave, São Paulo",AC Level 2,ChargePoint,50,0.32,8.59,10,4.1,89,1,0.4821,LOW
EVS04190,"5952 Mumbai Ave, Mumbai",AC Level 1,ChargePoint,50,0.42,18.39,10,3.8,46,0,0.4821,LOW
EVS01058,"1487 Berlin Ave, Berlin",AC Level 1,Ionity,350,0.18,8.78,7,3.3,51,0,0.482,LOW
EVS04492,"9497 San Francisco Ave, San Francisco",DC Fast Charger,EVgo,350,0.38,8.89,8,5.0,30,0,0.482,LOW
EVS00845,"7809 Moscow Ave, Moscow",AC Level 1,Greenlots,350,0.35,17.31,7,3.7,20,0,0.482,LOW
EVS03325,"2707 Berlin Ave, Berlin",AC Level 1,ChargePoint,50,0.26,5.04,9,3.9,72,1,0.482,LOW
EVS04729,"1829 Beijing Ave, Beijing",AC Level 2,Tesla,22,0.41,3.28,1,4.3,16,0,0.482,LOW
EVS01512,"6466 San Francisco Ave, San Francisco",AC Level 2,EVgo,350,0.39,16.13,10,4.5,65,1,0.482,LOW
EVS04608,"7467 São Paulo Ave, São Paulo",AC Level 1,Ionity,350,0.35,5.27,4,4.7,42,0,0.482,LOW
EVS00885,"2418 Dubai Ave, Dubai",AC Level 2,Tesla,22,0.46,3.27,1,4.7,100,1,0.482,LOW
EVS02016,"6939 Cape Town Ave, Cape Town",DC Fast Charger,ChargePoint,150,0.44,16.48,10,4.4,86,1,0.482,LOW
EVS00756,"4543 Berlin Ave, Berlin",AC Level 1,EVgo,350,0.28,14.69,5,3.2,91,1,0.482,LOW
EVS00175,"4448 San Francisco Ave, San Francisco",DC Fast Charger,EVgo,150,0.4,3.08,5,5.0,80,1,0.482,LOW
EVS00662,"8458 Mexico City Ave, Mexico City",DC Fast Charger,Greenlots,50,0.47,9.73,6,4.7,55,0,0.482,LOW
EVS03382,"2619 Mexico City Ave, Mexico City",AC Level 2,Greenlots,22,0.18,1.86,6,3.2,97,1,0.4819,LOW
EVS00105,"1236 Mexico City Ave, Mexico City",AC Level 2,EVgo,150,0.26,3.62,10,4.4,76,1,0.4819,LOW
EVS01053,"8158 Bangkok Ave, Bangkok",AC Level 2,ChargePoint,350,0.33,6.77,6,4.6,14,0,0.4819,LOW
EVS04502,"5844 Moscow Ave, Moscow",AC Level 2,Greenlots,150,0.24,5.18,6,3.6,83,1,0.4819,LOW
EVS02083,"2120 Dubai Ave, Dubai",AC Level 2,EVgo,150,0.44,2.64,1,4.9,34,0,0.4819,LOW
EVS04644,"4242 Sydney Ave, Sydney",AC Level 1,Ionity,150,0.19,4.29,6,3.3,15,0,0.4819,LOW
EVS00500,"732 Mexico City Ave, Mexico City",AC Level 2,Greenlots,50,0.41,13.73,8,4.0,75,1,0.4819,LOW
EVS01613,"3783 Chicago Ave, Chicago",AC Level 1,Tesla,50,0.38,5.5,3,4.1,54,0,0.4819,LOW
EVS03706,"4505 San Francisco Ave, San Francisco",DC Fast Charger,Ionity,150,0.28,7.27,1,3.1,95,1,0.4819,LOW
EVS00047,"2970 Mumbai Ave, Mumbai",AC Level 1,Ionity,50,0.35,19.4,9,3.0,68,1,0.4819,LOW
EVS00654,"8425 Toronto Ave, Toronto",AC Level 2,Tesla,50,0.35,6.01,9,4.5,36,0,0.4818,LOW
EVS02481,"5369 Random Rd, City 418, Country",AC Level 1,Greenlots,22,0.19,2.2,4,3.0,88,1,0.4818,LOW
EVS03108,"4081 Mexico City Ave, Mexico City",AC Level 1,EVgo,350,0.18,5.82,6,3.5,51,0,0.4818,LOW
EVS04697,"6937 Sydney Ave, Sydney",AC Level 1,Tesla,150,0.34,16.37,10,3.6,34,0,0.4817,LOW
EVS01535,"3729 Los Angeles Ave, Los Angeles",AC Level 2,EVgo,50,0.32,14.68,10,3.4,70,1,0.4817,LOW
EVS04782,"2881 Berlin Ave, Berlin",AC Level 1,ChargePoint,150,0.45,8.62,1,4.3,41,0,0.4817,LOW
EVS02412,"1226 Sydney Ave, Sydney",DC Fast Charger,ChargePoint,22,0.37,4.3,4,4.2,37,0,0.4817,LOW
EVS04333,"9112 Los Angeles Ave, Los Angeles",DC Fast Charger,EVgo,50,0.28,11.53,8,3.2,30,0,0.4817,LOW
EVS00323,"5185 Bangkok Ave, Bangkok",DC Fast Charger,EVgo,150,0.41,8.44,1,4.0,41,0,0.4817,LOW
EVS03324,"1588 Seoul Ave, Seoul",AC Level 2,Ionity,350,0.31,14.48,2,3.1,41,0,0.4817,LOW
EVS01830,"4441 Los Angeles Ave, Los Angeles",AC Level 2,Tesla,50,0.35,9.54,3,3.4,67,1,0.4817,LOW
EVS02182,"287 Cape Town Ave, Cape Town",DC Fast Charger,ChargePoint,350,0.28,15.45,5,3.1,81,1,0.4817,LOW
EVS00320,"5062 Cape Town Ave, Cape Town",AC Level 2,ChargePoint,50,0.43,7.79,7,4.7,27,0,0.4817,LOW
EVS04430,"5790 Bangkok Ave, Bangkok",AC Level 2,Ionity,50,0.26,1.47,4,3.7,17,0,0.4817,LOW
EVS03590,"6690 Mumbai Ave, Mumbai",AC Level 1,EVgo,50,0.49,6.11,3,4.9,98,1,0.4817,LOW
EVS03449,"4166 Beijing Ave, Beijing",AC Level 2,Greenlots,50,0.28,6.29,9,3.9,34,0,0.4817,LOW
EVS00037,"880 Bangkok Ave, Bangkok",AC Level 1,Greenlots,350,0.29,1.28,1,4.3,50,0,0.4817,LOW
EVS02271,"8912 Random Rd, City 2, Country",DC Fast Charger,EVgo,22,0.32,7.4,1,3.1,48,0,0.4817,LOW
EVS04013,"2699 Toronto Ave, Toronto",AC Level 2,Tesla,50,0.5,12.13,9,5.0,83,1,0.4816,LOW
EVS00112,"4833 Chicago Ave, Chicago",AC Level 1,Greenlots,50,0.35,2.2,2,4.1,48,0,0.4816,LOW
EVS03599,"3560 Toronto Ave, Toronto",DC Fast Charger,Ionity,50,0.36,10.92,8,3.9,70,1,0.4816,LOW
EVS01527,"5409 Mexico City Ave, Mexico City",AC Level 2,EVgo,350,0.1,3.29,10,3.6,61,1,0.4816,LOW
EVS00675,"2939 Berlin Ave, Berlin",AC Level 1,Greenlots,50,0.28,2.7,3,3.6,100,1,0.4816,LOW
EVS03380,"9429 Seoul Ave, Seoul",DC Fast Charger,Tesla,150,0.32,14.42,7,3.3,21,0,0.4816,LOW
EVS01051,"8629 Random Rd, City 442, Country",AC Level 1,Ionity,50,0.37,6.12,7,4.4,100,1,0.4816,LOW
EVS00644,"5095 Mumbai Ave, Mumbai",AC Level 2,Tesla,50,0.38,13.22,8,3.8,70,1,0.4816,LOW
EVS04774,"980 Seoul Ave, Seoul",AC Level 2,Ionity,150,0.29,8.85,8,3.8,16,0,0.4815,LOW
EVS01538,"4274 Bangkok Ave, Bangkok",AC Level 2,EVgo,50,0.47,19.61,8,3.8,47,0,0.4815,LOW
EVS04357,"4042 Chicago Ave, Chicago",AC Level 2,Tesla,350,0.39,14.99,10,4.6,56,0,0.4815,LOW
EVS03880,"6080 Moscow Ave, Moscow",DC Fast Charger,Ionity,150,0.4,10.58,3,3.9,68,1,0.4815,LOW
EVS02779,"9359 São Paulo Ave, São Paulo",AC Level 2,EVgo,350,0.17,2.0,4,3.6,34,0,0.4815,LOW
EVS02600,"4656 Mumbai Ave, Mumbai",AC Level 2,ChargePoint,22,0.29,8.72,7,3.4,72,1,0.4815,LOW
EVS01359,"5761 Moscow Ave, Moscow",AC Level 2,Tesla,150,0.43,14.14,7,4.2,98,1,0.4814,LOW
EVS01136,"4375 Bangkok Ave, Bangkok",DC Fast Charger,Greenlots,350,0.25,3.03,9,4.7,92,1,0.4814,LOW
EVS03402,"7082 Berlin Ave, Berlin",AC Level 2,Tesla,22,0.48,14.04,6,4.2,63,1,0.4814,LOW
EVS00813,"7916 Seoul Ave, Seoul",DC Fast Charger,Ionity,50,0.37,18.81,9,3.2,10,0,0.4814,LOW
EVS04202,"3479 Mumbai Ave, Mumbai",DC Fast Charger,Ionity,50,0.36,3.24,5,4.4,89,1,0.4814,LOW
EVS04944,"2670 Cape Town Ave, Cape Town",AC Level 2,ChargePoint,50,0.33,2.29,1,3.8,23,0,0.4813,LOW
EVS00360,"3712 Sydney Ave, Sydney",DC Fast Charger,ChargePoint,50,0.32,4.37,8,4.3,73,1,0.4813,LOW
EVS01281,"5857 Random Rd, City 9, Country",AC Level 2,Greenlots,50,0.3,4.6,1,3.3,58,1,0.4813,LOW
EVS02493,"6825 Dubai Ave, Dubai",AC Level 2,ChargePoint,350,0.25,3.13,10,4.8,14,0,0.4813,LOW
EVS01164,"4421 Los Angeles Ave, Los Angeles",AC Level 2,ChargePoint,50,0.32,3.75,10,4.6,19,0,0.4813,LOW
EVS00826,"4890 San Francisco Ave, San Francisco",AC Level 1,Ionity,150,0.33,8.14,9,4.3,93,1,0.4813,LOW
EVS01710,"1088 Chicago Ave, Chicago",AC Level 2,Ionity,22,0.35,4.57,5,4.1,95,1,0.4812,LOW
EVS03307,"3547 Cape Town Ave, Cape Town",DC Fast Charger,Greenlots,50,0.24,4.88,8,3.6,89,1,0.4812,LOW
EVS00111,"7129 Random Rd, City 300, Country",DC Fast Charger,Ionity,350,0.15,7.14,7,3.2,43,0,0.4812,LOW
EVS02840,"5651 Mexico City Ave, Mexico City",AC Level 2,EVgo,150,0.26,12.66,7,3.0,67,1,0.4812,LOW
EVS03727,"9850 São Paulo Ave, São Paulo",AC Level 1,ChargePoint,22,0.32,12.96,10,3.5,70,1,0.4812,LOW
EVS00707,"409 Moscow Ave, Moscow",AC Level 2,Tesla,150,0.47,17.21,3,3.7,93,1,0.4812,LOW
EVS03059,"5753 Mumbai Ave, Mumbai",DC Fast Charger,Tesla,50,0.36,5.23,7,4.4,15,0,0.4812,LOW
EVS04822,"1107 São Paulo Ave, São Paulo",DC Fast Charger,ChargePoint,350,0.14,2.69,6,3.5,66,1,0.4812,LOW
EVS01861,"7131 Random Rd, City 233, Country",AC Level 1,Ionity,350,0.29,18.26,9,3.3,14,0,0.4811,LOW
EVS01629,"5641 Seoul Ave, Seoul",AC Level 1,Tesla,350,0.43,10.11,1,4.4,92,1,0.4811,LOW
EVS00846,"9118 Sydney Ave, Sydney",AC Level 1,Greenlots,50,0.39,6.59,8,4.6,13,0,0.4811,LOW
EVS01906,"5186 Dubai Ave, Dubai",AC Level 2,EVgo,22,0.46,8.18,7,4.8,28,0,0.4811,LOW
EVS03933,"5174 Mumbai Ave, Mumbai",AC Level 2,Ionity,150,0.36,5.45,7,4.6,42,0,0.4811,LOW
EVS04311,"1142 Random Rd, City 150, Country",AC Level 2,ChargePoint,22,0.29,10.62,9,3.4,15,0,0.4811,LOW
EVS02560,"8807 Sydney Ave, Sydney",AC Level 2,EVgo,50,0.38,10.46,3,3.5,39,0,0.481,LOW
EVS02698,"1411 Sydney Ave, Sydney",AC Level 2,Greenlots,22,0.48,19.22,6,3.6,32,0,0.481,LOW
EVS00833,"9680 Toronto Ave, Toronto",AC Level 1,Tesla,50,0.28,7.47,7,3.5,46,0,0.481,LOW
EVS00187,"5172 Mumbai Ave, Mumbai",DC Fast Charger,EVgo,50,0.31,3.65,9,4.4,23,0,0.481,LOW
EVS00246,"887 Dubai Ave, Dubai",AC Level 2,Greenlots,350,0.26,3.26,7,4.5,25,0,0.481,LOW
EVS01829,"6772 Los Angeles Ave, Los Angeles",AC Level 2,Ionity,22,0.41,12.14,4,3.6,100,1,0.481,LOW
EVS00996,"1582 Chicago Ave, Chicago",DC Fast Charger,ChargePoint,350,0.49,14.6,3,4.6,22,0,0.481,LOW
EVS01844,"4450 Los Angeles Ave, Los Angeles",DC Fast Charger,Greenlots,50,0.31,11.52,8,3.4,29,0,0.481,LOW
EVS03297,"4595 São Paulo Ave, São Paulo",AC Level 1,Greenlots,50,0.41,8.51,6,4.3,21,0,0.4809,LOW
EVS04754,"1654 San Francisco Ave, San Francisco",AC Level 2,Ionity,22,0.39,10.66,10,4.3,69,1,0.4809,LOW
EVS03534,"3820 Moscow Ave, Moscow",AC Level 1,Tesla,50,0.41,2.99,5,4.8,75,1,0.4809,LOW
EVS03713,"7812 Mumbai Ave, Mumbai",AC Level 2,ChargePoint,50,0.11,1.06,10,3.2,32,0,0.4808,LOW
EVS01405,"2183 Sydney Ave, Sydney",AC Level 1,ChargePoint,350,0.3,13.33,2,3.1,23,0,0.4808,LOW
EVS00825,"7187 Berlin Ave, Berlin",DC Fast Charger,Greenlots,350,0.26,13.73,6,3.2,89,1,0.4808,LOW
EVS01407,"7398 Beijing Ave, Beijing",AC Level 1,EVgo,350,0.26,4.07,1,3.7,58,1,0.4808,LOW
EVS00869,"6484 San Francisco Ave, San Francisco",DC Fast Charger,Ionity,350,0.12,6.85,9,3.2,93,1,0.4808,LOW
EVS04424,"2207 Seoul Ave, Seoul",DC Fast Charger,Ionity,350,0.33,16.47,3,3.1,12,0,0.4807,LOW
EVS01459,"7692 San Francisco Ave, San Francisco",AC Level 1,Greenlots,22,0.21,4.31,6,3.1,51,0,0.4807,LOW
EVS04549,"1684 Beijing Ave, Beijing",AC Level 1,Ionity,350,0.31,13.11,2,3.2,94,1,0.4807,LOW
EVS03997,"956 Toronto Ave, Toronto",DC Fast Charger,Greenlots,150,0.33,8.65,2,3.4,43,0,0.4807,LOW
EVS03311,"5389 Random Rd, City 256, Country",AC Level 2,Greenlots,350,0.37,12.17,3,3.9,35,0,0.4807,LOW
EVS01729,"6304 Mexico City Ave, Mexico City",AC Level 2,EVgo,22,0.3,2.97,8,4.2,44,0,0.4807,LOW
EVS03521,"5306 Random Rd, City 65, Country",AC Level 2,Ionity,22,0.48,14.91,2,3.6,28,0,0.4807,LOW
EVS03464,"9172 Seoul Ave, Seoul",DC Fast Charger,Tesla,22,0.47,10.61,8,4.7,47,0,0.4807,LOW
EVS04229,"6707 Dubai Ave, Dubai",AC Level 1,Greenlots,350,0.41,9.94,5,4.7,22,0,0.4807,LOW
EVS00561,"2851 Random Rd, City 447, Country",AC Level 2,EVgo,350,0.4,17.39,6,3.9,58,1,0.4806,LOW
EVS02641,"7297 Random Rd, City 221, Country",DC Fast Charger,ChargePoint,350,0.18,0.82,6,4.0,81,1,0.4806,LOW
EVS00516,"9434 Beijing Ave, Beijing",DC Fast Charger,ChargePoint,150,0.19,5.46,6,3.1,88,1,0.4806,LOW
EVS01283,"5358 San Francisco Ave, San Francisco",AC Level 2,Greenlots,350,0.33,13.74,3,3.4,40,0,0.4806,LOW
EVS04382,"9013 Chicago Ave, Chicago",AC Level 2,ChargePoint,50,0.24,6.8,5,3.0,71,1,0.4806,LOW
EVS04315,"2866 Bangkok Ave, Bangkok",AC Level 1,Ionity,150,0.39,14.48,1,3.1,63,1,0.4805,LOW
EVS01581,"4579 Random Rd, City 54, Country",AC Level 2,Tesla,350,0.41,11.8,6,4.6,54,0,0.4805,LOW
EVS03961,"8086 Random Rd, City 100, Country",AC Level 2,EVgo,50,0.41,10.56,3,3.7,44,0,0.4805,LOW
EVS04170,"7170 Bangkok Ave, Bangkok",DC Fast Charger,Ionity,22,0.43,10.66,4,3.9,61,1,0.4805,LOW
EVS03539,"9649 São Paulo Ave, São Paulo",AC Level 2,Tesla,350,0.31,16.86,4,3.0,12,0,0.4805,LOW
EVS02161,"539 Random Rd, City 254, Country",AC Level 2,ChargePoint,350,0.31,11.07,1,3.3,27,0,0.4805,LOW
EVS04781,"3796 Random Rd, City 410, Country",DC Fast Charger,EVgo,22,0.4,6.73,4,4.1,34,0,0.4805,LOW
EVS03208,"4532 Berlin Ave, Berlin",DC Fast Charger,Greenlots,150,0.49,9.52,4,4.8,65,1,0.4805,LOW
EVS03489,"4667 Cape Town Ave, Cape Town",AC Level 2,Tesla,22,0.38,0.99,5,4.7,18,0,0.4805,LOW
EVS04145,"1070 São Paulo Ave, São Paulo",AC Level 2,Greenlots,150,0.33,5.85,2,3.7,52,0,0.4805,LOW
EVS04895,"2205 Cape Town Ave, Cape Town",AC Level 1,Tesla,22,0.46,13.23,1,3.5,79,1,0.4805,LOW
EVS02989,"1224 Mumbai Ave, Mumbai",AC Level 2,Tesla,22,0.4,7.74,5,4.1,52,0,0.4804,LOW
EVS02393,"2247 Moscow Ave, Moscow",AC Level 1,EVgo,350,0.41,11.91,1,4.0,80,1,0.4804,LOW
EVS03133,"5305 San Francisco Ave, San Francisco",DC Fast Charger,Greenlots,50,0.33,4.93,10,4.5,11,0,0.4804,LOW
EVS00194,"103 Berlin Ave, Berlin",AC Level 1,Tesla,350,0.26,9.22,7,3.8,70,1,0.4804,LOW
EVS04996,"614 Berlin Ave, Berlin",DC Fast Charger,Ionity,50,0.31,6.05,3,3.4,67,1,0.4804,LOW
EVS01327,"9791 Cape Town Ave, Cape Town",AC Level 2,EVgo,50,0.23,4.64,8,3.5,58,1,0.4804,LOW
EVS02707,"4091 Mexico City Ave, Mexico City",AC Level 2,Tesla,50,0.37,5.71,2,3.8,97,1,0.4804,LOW
EVS04090,"7986 Los Angeles Ave, Los Angeles",AC Level 2,Tesla,22,0.24,7.16,6,3.0,63,1,0.4804,LOW
EVS00407,"8263 Berlin Ave, Berlin",DC Fast Charger,Ionity,150,0.17,4.48,10,3.5,33,0,0.4803,LOW
EVS01196,"3966 Mumbai Ave, Mumbai",AC Level 1,Ionity,22,0.49,14.69,9,4.5,50,0,0.4803,LOW
EVS01595,"5324 San Francisco Ave, San Francisco",AC Level 2,ChargePoint,350,0.27,13.32,6,3.3,61,1,0.4803,LOW
EVS01220,"3604 Cape Town Ave, Cape Town",AC Level 1,Tesla,50,0.38,17.37,10,3.5,20,0,0.4803,LOW
EVS03488,"4078 Bangkok Ave, Bangkok",AC Level 1,EVgo,150,0.24,3.66,1,3.1,77,1,0.4803,LOW
EVS01889,"3605 Los Angeles Ave, Los Angeles",AC Level 2,EVgo,350,0.36,14.52,1,3.3,87,1,0.4803,LOW
EVS03804,"32 Dubai Ave, Dubai",AC Level 2,Greenlots,50,0.45,10.76,4,4.1,21,0,0.4803,LOW
EVS04006,"6398 Mumbai Ave, Mumbai",AC Level 2,Tesla,350,0.37,12.99,4,3.9,18,0,0.4803,LOW
EVS00477,"100 Mexico City Ave, Mexico City",AC Level 1,EVgo,150,0.35,12.67,3,3.2,92,1,0.4803,LOW
EVS02369,"7093 Berlin Ave, Berlin",DC Fast Charger,EVgo,50,0.33,7.41,3,3.4,97,1,0.4802,LOW
EVS04554,"1728 Berlin Ave, Berlin",AC Level 1,Ionity,350,0.27,3.76,2,3.9,20,0,0.4802,LOW
EVS02129,"9554 Bangkok Ave, Bangkok",AC Level 1,Tesla,50,0.21,1.04,6,3.5,16,0,0.4802,LOW
EVS01000,"8052 Moscow Ave, Moscow",DC Fast Charger,EVgo,22,0.34,7.79,5,3.6,95,1,0.4801,LOW
EVS01761,"7330 Random Rd, City 72, Country",DC Fast Charger,ChargePoint,50,0.49,6.12,2,4.7,42,0,0.4801,LOW
EVS01976,"658 Beijing Ave, Beijing",AC Level 1,Tesla,150,0.33,6.71,9,4.4,76,1,0.4801,LOW
EVS00743,"1294 Los Angeles Ave, Los Angeles",DC Fast Charger,EVgo,22,0.29,8.08,7,3.4,98,1,0.4801,LOW
EVS00133,"1811 Dubai Ave, Dubai",DC Fast Charger,EVgo,22,0.43,2.45,4,4.8,37,0,0.4801,LOW
EVS01318,"7646 Sydney Ave, Sydney",AC Level 1,EVgo,22,0.34,13.71,9,3.4,14,0,0.4801,LOW
EVS02872,"915 Dubai Ave, Dubai",DC Fast Charger,Greenlots,150,0.43,13.82,9,4.4,26,0,0.4801,LOW
EVS04085,"1657 Seoul Ave, Seoul",AC Level 2,Tesla,350,0.27,9.19,9,4.1,86,1,0.4801,LOW
EVS01104,"8604 Moscow Ave, Moscow",AC Level 2,ChargePoint,50,0.44,4.32,2,4.5,20,0,0.4801,LOW
EVS03600,"4449 Berlin Ave, Berlin",AC Level 1,ChargePoint,50,0.36,1.13,7,4.8,40,0,0.4801,LOW
EVS03823,"7591 Dubai Ave, Dubai",AC Level 2,Greenlots,22,0.43,15.06,5,3.5,60,1,0.4801,LOW
EVS03744,"804 Cape Town Ave, Cape Town",AC Level 1,Ionity,150,0.23,5.35,6,3.4,89,1,0.48,LOW
EVS02661,"349 Random Rd, City 164, Country",AC Level 1,Tesla,50,0.43,17.08,9,3.8,41,0,0.48,LOW
EVS03707,"4188 Sydney Ave, Sydney",AC Level 1,Greenlots,350,0.27,2.03,3,4.2,95,1,0.48,LOW
EVS01376,"2499 São Paulo Ave, São Paulo",DC Fast Charger,Greenlots,50,0.45,18.5,9,3.8,87,1,0.48,LOW
EVS03865,"804 Los Angeles Ave, Los Angeles",DC Fast Charger,Greenlots,22,0.33,5.68,2,3.4,14,0,0.48,LOW
EVS02427,"7115 Chicago Ave, Chicago",AC Level 2,Greenlots,150,0.25,4.36,8,3.9,89,1,0.48,LOW
EVS00297,"4198 Mumbai Ave, Mumbai",DC Fast Charger,ChargePoint,350,0.23,1.82,9,4.6,75,1,0.48,LOW
EVS02844,"4608 Seoul Ave, Seoul",DC Fast Charger,Greenlots,22,0.37,1.52,3,4.3,45,0,0.48,LOW
EVS04233,"7801 Sydney Ave, Sydney",AC Level 1,Ionity,22,0.34,1.3,4,4.2,82,1,0.4799,LOW
EVS03741,"5851 Random Rd, City 99, Country",DC Fast Charger,Tesla,22,0.39,13.18,6,3.5,27,0,0.4799,LOW
EVS00957,"1103 San Francisco Ave, San Francisco",AC Level 2,Tesla,350,0.47,14.29,8,5.0,99,1,0.4799,LOW
EVS00558,"4855 Chicago Ave, Chicago",DC Fast Charger,Tesla,50,0.43,11.1,5,4.0,38,0,0.4799,LOW
EVS00984,"4565 Toronto Ave, Toronto",DC Fast Charger,Greenlots,150,0.36,9.04,5,3.9,32,0,0.4799,LOW
EVS02677,"8965 Beijing Ave, Beijing",AC Level 2,Ionity,50,0.35,9.39,8,3.9,33,0,0.4799,LOW
EVS00318,"6455 Beijing Ave, Beijing",AC Level 2,EVgo,150,0.27,5.88,9,4.0,73,1,0.4799,LOW
EVS02778,"322 San Francisco Ave, San Francisco",DC Fast Charger,Tesla,150,0.34,10.12,10,4.2,30,0,0.4799,LOW
EVS01285,"5017 Chicago Ave, Chicago",AC Level 2,Ionity,50,0.39,16.53,7,3.3,73,1,0.4798,LOW
EVS02287,"1564 Mumbai Ave, Mumbai",AC Level 2,Ionity,350,0.21,9.56,5,3.1,25,0,0.4798,LOW
EVS00794,"1668 Beijing Ave, Beijing",AC Level 2,Tesla,50,0.26,7.41,8,3.4,60,1,0.4798,LOW
EVS02827,"6715 San Francisco Ave, San Francisco",AC Level 2,Greenlots,350,0.17,5.36,8,3.6,12,0,0.4798,LOW
EVS03071,"5046 Random Rd, City 181, Country",AC Level 2,Greenlots,350,0.34,11.97,1,3.4,43,0,0.4798,LOW
EVS00491,"7062 Random Rd, City 239, Country",AC Level 2,Tesla,350,0.22,13.65,10,3.3,37,0,0.4798,LOW
EVS00435,"2738 Moscow Ave, Moscow",AC Level 1,ChargePoint,150,0.37,10.44,4,3.7,28,0,0.4798,LOW
EVS04551,"7163 Random Rd, City 363, Country",AC Level 2,ChargePoint,150,0.49,15.42,4,4.1,76,1,0.4798,LOW
EVS02090,"7012 Chicago Ave, Chicago",AC Level 2,Ionity,22,0.49,18.13,10,4.2,88,1,0.4798,LOW
EVS02274,"8306 São Paulo Ave, São Paulo",AC Level 2,Ionity,350,0.43,16.57,7,4.3,60,1,0.4798,LOW
EVS01015,"7770 Seoul Ave, Seoul",AC Level 2,Tesla,22,0.49,14.12,7,4.3,40,0,0.4798,LOW
EVS00903,"5169 San Francisco Ave, San Francisco",AC Level 1,Greenlots,150,0.32,8.34,8,4.0,84,1,0.4797,LOW
EVS03640,"2445 Moscow Ave, Moscow",AC Level 2,EVgo,22,0.37,4.97,3,3.9,54,0,0.4797,LOW
EVS03820,"6639 Chicago Ave, Chicago",DC Fast Charger,Ionity,350,0.49,19.78,6,4.3,39,0,0.4797,LOW
EVS04686,"9399 Mexico City Ave, Mexico City",AC Level 1,ChargePoint,150,0.41,5.95,3,4.4,28,0,0.4796,LOW
EVS01600,"3222 Dubai Ave, Dubai",AC Level 2,ChargePoint,150,0.33,8.25,9,4.2,65,1,0.4796,LOW
EVS00330,"9275 Mexico City Ave, Mexico City",AC Level 1,Tesla,150,0.43,14.48,9,4.3,23,0,0.4796,LOW
EVS02172,"7128 Moscow Ave, Moscow",DC Fast Charger,ChargePoint,50,0.46,5.37,1,4.4,54,0,0.4796,LOW
EVS00288,"4873 Cape Town Ave, Cape Town",DC Fast Charger,ChargePoint,50,0.3,7.47,8,3.7,87,1,0.4796,LOW
EVS00723,"1689 Berlin Ave, Berlin",AC Level 1,Ionity,150,0.45,10.39,8,4.8,39,0,0.4796,LOW
EVS02159,"2745 Chicago Ave, Chicago",AC Level 2,EVgo,50,0.33,12.13,7,3.3,77,1,0.4796,LOW
EVS04971,"5876 Random Rd, City 401, Country",AC Level 2,Ionity,50,0.46,4.59,2,4.6,66,1,0.4795,LOW
EVS04336,"3353 São Paulo Ave, São Paulo",DC Fast Charger,Tesla,50,0.4,7.29,1,3.7,86,1,0.4795,LOW
EVS02390,"507 Beijing Ave, Beijing",AC Level 2,Greenlots,22,0.28,6.92,6,3.3,45,0,0.4795,LOW
EVS03077,"251 Bangkok Ave, Bangkok",DC Fast Charger,Greenlots,22,0.39,5.52,10,4.8,28,0,0.4795,LOW
EVS01840,"4261 Dubai Ave, Dubai",AC Level 2,ChargePoint,50,0.4,11.26,10,4.3,90,1,0.4795,LOW
EVS04331,"5917 Random Rd, City 46, Country",AC Level 1,Tesla,22,0.22,6.63,9,3.2,60,1,0.4795,LOW
EVS03628,"4164 Dubai Ave, Dubai",AC Level 1,EVgo,22,0.39,3.28,7,4.7,34,0,0.4794,LOW
EVS01774,"4261 Moscow Ave, Moscow",DC Fast Charger,Tesla,350,0.32,5.92,1,3.9,70,1,0.4794,LOW
EVS03025,"8725 San Francisco Ave, San Francisco",AC Level 2,Greenlots,22,0.44,4.9,6,4.8,48,0,0.4794,LOW
EVS04108,"3573 Moscow Ave, Moscow",AC Level 1,Ionity,350,0.14,4.51,6,3.2,39,0,0.4794,LOW
EVS04180,"7771 Sydney Ave, Sydney",AC Level 1,Tesla,350,0.29,7.33,1,3.5,51,0,0.4794,LOW
EVS00983,"4001 Cape Town Ave, Cape Town",AC Level 2,Greenlots,350,0.45,13.65,3,4.3,83,1,0.4794,LOW
EVS01749,"1567 Cape Town Ave, Cape Town",AC Level 2,EVgo,150,0.22,5.77,10,3.7,58,1,0.4793,LOW
EVS04181,"4651 Random Rd, City 80, Country",AC Level 2,Greenlots,350,0.24,2.98,2,3.7,47,0,0.4793,LOW
EVS02609,"8491 Bangkok Ave, Bangkok",AC Level 1,EVgo,22,0.47,18.87,8,3.7,17,0,0.4793,LOW
EVS01946,"6607 Bangkok Ave, Bangkok",DC Fast Charger,Tesla,22,0.45,19.67,5,3.1,54,0,0.4793,LOW
EVS02137,"7423 Chicago Ave, Chicago",AC Level 2,Greenlots,150,0.33,10.32,6,3.6,24,0,0.4793,LOW
EVS00225,"4917 Seoul Ave, Seoul",AC Level 1,ChargePoint,22,0.42,7.24,8,4.6,19,0,0.4792,LOW
EVS01192,"7506 San Francisco Ave, San Francisco",AC Level 1,ChargePoint,22,0.3,5.7,1,3.0,59,1,0.4792,LOW
EVS00135,"821 Mumbai Ave, Mumbai",DC Fast Charger,Greenlots,350,0.25,6.6,10,4.3,45,0,0.4792,LOW
EVS04519,"5728 San Francisco Ave, San Francisco",AC Level 2,Ionity,150,0.47,14.6,10,4.7,82,1,0.4792,LOW
EVS04835,"597 Seoul Ave, Seoul",AC Level 2,Tesla,150,0.49,5.79,1,4.8,66,1,0.4792,LOW
EVS01457,"7594 Chicago Ave, Chicago",AC Level 2,Tesla,350,0.34,8.25,8,4.6,48,0,0.4792,LOW
EVS00172,"7508 Seoul Ave, Seoul",DC Fast Charger,Tesla,350,0.4,11.93,4,4.2,35,0,0.4792,LOW
EVS03524,"5979 Mumbai Ave, Mumbai",DC Fast Charger,EVgo,22,0.29,7.0,9,3.7,50,0,0.4791,LOW
EVS03501,"2088 Random Rd, City 348, Country",AC Level 2,EVgo,50,0.33,8.34,7,3.7,21,0,0.4791,LOW
EVS04073,"3049 Los Angeles Ave, Los Angeles",AC Level 2,Greenlots,350,0.2,8.79,7,3.3,40,0,0.4791,LOW
EVS03576,"2086 Berlin Ave, Berlin",AC Level 2,Ionity,50,0.39,13.21,5,3.4,86,1,0.4791,LOW
EVS03327,"85 Chicago Ave, Chicago",AC Level 1,Tesla,150,0.37,6.11,1,3.8,33,0,0.4791,LOW
EVS00367,"7841 San Francisco Ave, San Francisco",AC Level 2,Ionity,350,0.39,16.09,1,3.3,67,1,0.4791,LOW
EVS01497,"7066 Chicago Ave, Chicago",AC Level 2,ChargePoint,350,0.35,15.02,1,3.1,81,1,0.4791,LOW
EVS02496,"8134 Chicago Ave, Chicago",AC Level 1,Greenlots,50,0.36,8.98,3,3.4,27,0,0.4791,LOW
EVS03946,"2533 Mexico City Ave, Mexico City",AC Level 2,EVgo,350,0.11,2.5,8,3.4,75,1,0.4791,LOW
EVS02806,"6835 Chicago Ave, Chicago",AC Level 1,Ionity,150,0.5,19.19,9,4.3,48,0,0.479,LOW
EVS00730,"284 Cape Town Ave, Cape Town",DC Fast Charger,EVgo,350,0.26,7.08,9,4.2,48,0,0.479,LOW
EVS03295,"1516 San Francisco Ave, San Francisco",AC Level 1,EVgo,150,0.49,9.71,4,4.7,96,1,0.479,LOW
EVS03771,"1983 Random Rd, City 310, Country",DC Fast Charger,Tesla,22,0.29,2.33,8,4.1,29,0,0.479,LOW
EVS00737,"1136 San Francisco Ave, San Francisco",AC Level 1,Ionity,350,0.18,2.1,8,4.0,85,1,0.479,LOW
EVS01118,"4643 São Paulo Ave, São Paulo",AC Level 2,EVgo,22,0.25,1.71,5,3.5,82,1,0.479,LOW
EVS01737,"5609 Mexico City Ave, Mexico City",AC Level 1,ChargePoint,150,0.32,7.82,7,3.9,52,0,0.479,LOW
EVS03785,"5202 Bangkok Ave, Bangkok",AC Level 1,ChargePoint,350,0.29,8.13,8,4.2,79,1,0.4789,LOW
EVS04044,"3221 Chicago Ave, Chicago",AC Level 1,Ionity,22,0.38,7.96,9,4.3,92,1,0.4789,LOW
EVS02842,"8189 Cape Town Ave, Cape Town",AC Level 1,Tesla,150,0.34,2.22,8,4.8,47,0,0.4789,LOW
EVS04919,"4456 Toronto Ave, Toronto",AC Level 2,EVgo,150,0.48,19.2,1,3.2,37,0,0.4789,LOW
EVS04518,"3712 Cape Town Ave, Cape Town",DC Fast Charger,EVgo,50,0.4,4.75,4,4.3,61,1,0.4789,LOW
EVS01446,"3864 San Francisco Ave, San Francisco",DC Fast Charger,ChargePoint,350,0.41,18.88,5,3.6,48,0,0.4789,LOW
EVS03760,"8335 San Francisco Ave, San Francisco",AC Level 2,Ionity,350,0.3,16.83,8,3.3,98,1,0.4788,LOW
EVS04511,"7842 Random Rd, City 333, Country",AC Level 1,Greenlots,150,0.4,3.81,2,4.4,14,0,0.4788,LOW
EVS03210,"6962 Mexico City Ave, Mexico City",AC Level 1,Greenlots,22,0.23,4.82,6,3.1,37,0,0.4788,LOW
EVS02995,"6917 Los Angeles Ave, Los Angeles",AC Level 1,ChargePoint,350,0.1,1.97,10,3.6,82,1,0.4788,LOW
EVS01668,"3882 Berlin Ave, Berlin",AC Level 2,Greenlots,50,0.49,17.52,5,3.7,78,1,0.4788,LOW
EVS03362,"7656 Beijing Ave, Beijing",DC Fast Charger,Greenlots,350,0.29,10.59,7,3.8,87,1,0.4788,LOW
EVS03793,"7914 Los Angeles Ave, Los Angeles",AC Level 2,Greenlots,22,0.3,4.88,3,3.3,86,1,0.4788,LOW
EVS03898,"4440 Bangkok Ave, Bangkok",AC Level 2,Tesla,350,0.34,13.38,8,4.0,14,0,0.4787,LOW
EVS01476,"4181 Toronto Ave, Toronto",AC Level 1,Greenlots,150,0.31,8.03,8,3.9,56,0,0.4787,LOW
EVS04858,"913 Cape Town Ave, Cape Town",AC Level 1,Tesla,22,0.5,17.29,9,4.2,39,0,0.4787,LOW
EVS01271,"4682 Random Rd, City 478, Country",DC Fast Charger,ChargePoint,350,0.27,14.76,9,3.4,82,1,0.4787,LOW
EVS01649,"2484 São Paulo Ave, São Paulo",DC Fast Charger,ChargePoint,50,0.49,14.18,7,4.3,11,0,0.4787,LOW
EVS00226,"4786 Bangkok Ave, Bangkok",DC Fast Charger,Greenlots,350,0.45,15.4,5,4.3,70,1,0.4787,LOW
EVS00355,"8983 Sydney Ave, Sydney",DC Fast Charger,Greenlots,150,0.4,4.48,1,4.2,35,0,0.4787,LOW
EVS01464,"460 Los Angeles Ave, Los Angeles",AC Level 2,Tesla,22,0.47,10.24,6,4.4,93,1,0.4787,LOW
EVS00029,"3343 Sydney Ave, Sydney",AC Level 1,Ionity,22,0.45,8.36,9,4.8,72,1,0.4787,LOW
EVS00026,"6257 Beijing Ave, Beijing",DC Fast Charger,Greenlots,50,0.47,8.3,1,4.1,99,1,0.4787,LOW
EVS00891,"1904 Random Rd, City 158, Country",DC Fast Charger,ChargePoint,150,0.4,2.82,2,4.5,78,1,0.4786,LOW
EVS03722,"4459 Mumbai Ave, Mumbai",DC Fast Charger,ChargePoint,350,0.16,0.96,5,3.6,15,0,0.4786,LOW
EVS00560,"9248 Dubai Ave, Dubai",AC Level 2,Greenlots,350,0.16,8.67,9,3.2,43,0,0.4786,LOW
EVS00586,"9450 Moscow Ave, Moscow",AC Level 1,Ionity,150,0.4,16.16,8,3.7,52,0,0.4786,LOW
EVS01804,"7379 Mumbai Ave, Mumbai",DC Fast Charger,ChargePoint,50,0.23,4.82,9,3.5,39,0,0.4786,LOW
EVS00863,"9868 Dubai Ave, Dubai",AC Level 2,Greenlots,50,0.39,9.53,6,3.9,39,0,0.4786,LOW
EVS01392,"1592 Chicago Ave, Chicago",DC Fast Charger,Tesla,150,0.38,8.93,5,4.0,33,0,0.4786,LOW
EVS04987,"3480 Mumbai Ave, Mumbai",AC Level 1,Greenlots,150,0.29,10.36,10,3.7,13,0,0.4785,LOW
EVS04758,"1755 Dubai Ave, Dubai",AC Level 2,EVgo,150,0.36,11.34,7,3.8,27,0,0.4785,LOW
EVS03810,"1961 Beijing Ave, Beijing",DC Fast Charger,EVgo,350,0.45,18.88,5,3.9,23,0,0.4785,LOW
EVS00083,"4122 Cape Town Ave, Cape Town",AC Level 2,Ionity,350,0.36,16.47,8,3.8,32,0,0.4785,LOW
EVS01895,"2309 São Paulo Ave, São Paulo",DC Fast Charger,EVgo,22,0.43,14.0,3,3.3,18,0,0.4785,LOW
EVS02583,"6327 Dubai Ave, Dubai",AC Level 2,EVgo,22,0.36,3.36,1,3.7,47,0,0.4785,LOW
EVS01012,"4137 Chicago Ave, Chicago",AC Level 1,Greenlots,22,0.47,16.08,4,3.5,95,1,0.4784,LOW
EVS00361,"7746 Random Rd, City 194, Country",DC Fast Charger,ChargePoint,150,0.32,1.73,10,4.9,59,1,0.4784,LOW
EVS02822,"5743 Berlin Ave, Berlin",AC Level 1,Greenlots,22,0.33,6.95,4,3.4,51,0,0.4783,LOW
EVS02942,"5235 Beijing Ave, Beijing",AC Level 2,Ionity,350,0.32,10.25,10,4.4,75,1,0.4783,LOW
EVS04765,"8568 Dubai Ave, Dubai",DC Fast Charger,EVgo,50,0.3,3.12,7,4.0,57,1,0.4783,LOW
EVS01313,"5483 Mumbai Ave, Mumbai",DC Fast Charger,EVgo,22,0.43,6.15,5,4.4,61,1,0.4782,LOW
EVS04939,"6329 Sydney Ave, Sydney",DC Fast Charger,EVgo,50,0.32,11.52,6,3.1,67,1,0.4782,LOW
EVS01951,"8953 Random Rd, City 499, Country",AC Level 2,Tesla,350,0.4,9.38,8,4.9,13,0,0.4782,LOW
EVS01893,"8607 Los Angeles Ave, Los Angeles",AC Level 2,Tesla,22,0.36,4.14,1,3.6,68,1,0.4782,LOW
EVS04871,"5664 Random Rd, City 71, Country",DC Fast Charger,Tesla,50,0.47,16.83,6,3.7,36,0,0.4782,LOW
EVS01217,"347 Toronto Ave, Toronto",DC Fast Charger,Ionity,150,0.21,2.74,4,3.2,19,0,0.4782,LOW
EVS04587,"986 Mexico City Ave, Mexico City",DC Fast Charger,Tesla,22,0.4,3.98,5,4.4,68,1,0.4782,LOW
EVS02336,"5368 Dubai Ave, Dubai",AC Level 2,Greenlots,22,0.44,6.52,9,4.9,62,1,0.4782,LOW
EVS03964,"4800 Mumbai Ave, Mumbai",DC Fast Charger,Greenlots,50,0.19,1.77,9,3.5,89,1,0.4782,LOW
EVS03930,"8940 Beijing Ave, Beijing",AC Level 2,Greenlots,50,0.42,7.76,5,4.2,94,1,0.4782,LOW
EVS04021,"3183 Random Rd, City 61, Country",AC Level 1,Greenlots,150,0.21,4.51,4,3.0,38,0,0.4782,LOW
EVS02135,"2903 Moscow Ave, Moscow",AC Level 2,ChargePoint,350,0.3,13.64,7,3.5,47,0,0.4781,LOW
EVS01472,"1138 Mexico City Ave, Mexico City",AC Level 1,ChargePoint,22,0.48,14.38,7,4.1,88,1,0.4781,LOW
EVS04047,"3153 Sydney Ave, Sydney",AC Level 2,Ionity,150,0.45,6.69,6,4.9,80,1,0.4781,LOW
EVS03254,"6285 Los Angeles Ave, Los Angeles",AC Level 2,ChargePoint,50,0.27,9.05,8,3.2,37,0,0.478,LOW
EVS04242,"2447 Moscow Ave, Moscow",AC Level 1,ChargePoint,150,0.27,1.15,1,3.5,46,0,0.478,LOW
EVS03085,"2232 Cape Town Ave, Cape Town",DC Fast Charger,Tesla,350,0.4,16.87,5,3.7,33,0,0.478,LOW
EVS02183,"9900 Bangkok Ave, Bangkok",AC Level 1,ChargePoint,350,0.33,3.1,6,4.8,81,1,0.478,LOW
EVS01486,"7044 Sydney Ave, Sydney",DC Fast Charger,Tesla,350,0.39,12.72,6,4.2,41,0,0.478,LOW
EVS01982,"2247 Seoul Ave, Seoul",AC Level 2,Ionity,50,0.25,3.87,7,3.5,51,0,0.478,LOW
EVS00304,"1387 Mexico City Ave, Mexico City",DC Fast Charger,Tesla,22,0.49,18.9,9,3.9,86,1,0.478,LOW
EVS00307,"106 Mexico City Ave, Mexico City",AC Level 1,EVgo,350,0.24,12.41,10,3.5,49,0,0.4779,LOW
EVS03028,"1628 Toronto Ave, Toronto",AC Level 2,Ionity,150,0.36,9.74,4,3.6,80,1,0.4779,LOW
EVS03466,"3410 San Francisco Ave, San Francisco",DC Fast Charger,Greenlots,50,0.44,8.02,4,4.2,53,0,0.4779,LOW
EVS00117,"2491 Beijing Ave, Beijing",AC Level 2,Ionity,22,0.37,6.45,7,4.1,44,0,0.4779,LOW
EVS00862,"1895 Seoul Ave, Seoul",AC Level 2,EVgo,50,0.48,13.95,7,4.2,74,1,0.4778,LOW
EVS04539,"1515 San Francisco Ave, San Francisco",AC Level 2,Greenlots,22,0.45,9.91,4,4.0,75,1,0.4778,LOW
EVS01561,"6984 Random Rd, City 65, Country",AC Level 2,Greenlots,50,0.4,14.49,7,3.5,91,1,0.4778,LOW
EVS00808,"5429 Dubai Ave, Dubai",AC Level 1,EVgo,22,0.32,2.86,1,3.4,61,1,0.4778,LOW
EVS04355,"2813 Seoul Ave, Seoul",AC Level 1,EVgo,350,0.38,12.96,1,3.5,15,0,0.4778,LOW
EVS02824,"307 Sydney Ave, Sydney",AC Level 2,ChargePoint,350,0.37,13.41,9,4.3,50,0,0.4778,LOW
EVS01550,"9065 Sydney Ave, Sydney",DC Fast Charger,Tesla,350,0.34,9.19,7,4.3,26,0,0.4777,LOW
EVS01715,"6295 Los Angeles Ave, Los Angeles",AC Level 1,Tesla,150,0.39,14.75,6,3.5,52,0,0.4777,LOW
EVS03368,"7655 Bangkok Ave, Bangkok",DC Fast Charger,EVgo,150,0.39,12.52,3,3.4,10,0,0.4777,LOW
EVS04855,"4851 Toronto Ave, Toronto",DC Fast Charger,ChargePoint,22,0.39,10.78,3,3.3,56,0,0.4777,LOW
EVS01344,"7345 Dubai Ave, Dubai",DC Fast Charger,EVgo,22,0.46,3.42,4,4.8,51,0,0.4777,LOW
EVS00631,"8416 Random Rd, City 428, Country",DC Fast Charger,Ionity,350,0.25,4.83,3,3.6,81,1,0.4777,LOW
EVS03695,"2079 Dubai Ave, Dubai",DC Fast Charger,ChargePoint,150,0.44,12.6,10,4.6,48,0,0.4776,LOW
EVS00343,"1366 Mexico City Ave, Mexico City",DC Fast Charger,ChargePoint,50,0.47,11.93,5,4.1,90,1,0.4776,LOW
EVS04531,"2824 Random Rd, City 277, Country",AC Level 1,ChargePoint,350,0.42,11.83,5,4.4,98,1,0.4776,LOW
EVS04540,"5764 Dubai Ave, Dubai",AC Level 1,Tesla,350,0.48,16.85,4,4.2,58,1,0.4776,LOW
EVS00336,"6205 Moscow Ave, Moscow",AC Level 2,ChargePoint,22,0.41,16.13,6,3.2,68,1,0.4775,LOW
EVS04009,"9228 Cape Town Ave, Cape Town",AC Level 1,Ionity,350,0.26,10.08,4,3.2,78,1,0.4775,LOW
EVS00946,"3808 Mexico City Ave, Mexico City",DC Fast Charger,Greenlots,50,0.25,1.27,9,4.0,90,1,0.4775,LOW
EVS03873,"6057 Chicago Ave, Chicago",DC Fast Charger,ChargePoint,350,0.3,11.88,3,3.2,42,0,0.4775,LOW
EVS00092,"7476 San Francisco Ave, San Francisco",AC Level 1,EVgo,350,0.39,13.83,3,3.7,58,1,0.4775,LOW
EVS04769,"4507 San Francisco Ave, San Francisco",DC Fast Charger,ChargePoint,22,0.32,2.7,7,4.1,82,1,0.4775,LOW
EVS03554,"6165 Chicago Ave, Chicago",AC Level 2,EVgo,22,0.44,10.2,6,4.1,21,0,0.4775,LOW
EVS04773,"7779 San Francisco Ave, San Francisco",AC Level 2,EVgo,350,0.29,2.97,2,4.0,78,1,0.4774,LOW
EVS03375,"2172 Moscow Ave, Moscow",AC Level 2,Greenlots,22,0.47,8.03,1,4.0,40,0,0.4774,LOW
EVS01120,"4383 Dubai Ave, Dubai",AC Level 2,ChargePoint,150,0.36,6.22,6,4.2,86,1,0.4774,LOW
EVS03163,"710 San Francisco Ave, San Francisco",AC Level 1,Tesla,50,0.34,7.37,1,3.1,38,0,0.4774,LOW
EVS00124,"5746 Moscow Ave, Moscow",AC Level 2,EVgo,50,0.46,8.61,6,4.5,83,1,0.4774,LOW
EVS00632,"6417 São Paulo Ave, São Paulo",AC Level 1,Greenlots,350,0.22,6.26,10,4.0,66,1,0.4774,LOW
EVS02035,"7006 Moscow Ave, Moscow",AC Level 1,Tesla,350,0.2,7.51,4,3.0,24,0,0.4773,LOW
EVS03117,"1555 Berlin Ave, Berlin",AC Level 2,Tesla,22,0.43,14.64,5,3.4,56,0,0.4773,LOW
EVS00752,"7211 Chicago Ave, Chicago",AC Level 2,ChargePoint,350,0.2,7.34,9,3.6,22,0,0.4773,LOW
EVS04607,"8044 Beijing Ave, Beijing",AC Level 1,Ionity,150,0.27,11.94,10,3.3,39,0,0.4773,LOW
EVS04024,"1494 Beijing Ave, Beijing",AC Level 2,ChargePoint,150,0.43,17.98,10,3.9,53,0,0.4773,LOW
EVS03331,"2317 Random Rd, City 441, Country",AC Level 1,Tesla,50,0.4,7.4,9,4.5,76,1,0.4773,LOW
EVS03945,"2888 Toronto Ave, Toronto",AC Level 1,ChargePoint,22,0.37,4.67,9,4.5,22,0,0.4773,LOW
EVS01507,"1881 Mexico City Ave, Mexico City",DC Fast Charger,ChargePoint,350,0.43,14.32,6,4.3,55,0,0.4772,LOW
EVS01208,"8085 Chicago Ave, Chicago",DC Fast Charger,Greenlots,350,0.38,16.11,6,3.7,11,0,0.4772,LOW
EVS01294,"6635 Mexico City Ave, Mexico City",AC Level 2,Tesla,350,0.29,16.52,10,3.4,32,0,0.4772,LOW
EVS01455,"1931 Toronto Ave, Toronto",AC Level 2,Greenlots,150,0.29,12.42,10,3.4,78,1,0.4772,LOW
EVS00873,"5971 Seoul Ave, Seoul",AC Level 1,ChargePoint,22,0.37,17.13,9,3.1,28,0,0.4772,LOW
EVS04778,"633 Berlin Ave, Berlin",AC Level 1,Ionity,50,0.38,1.47,3,4.3,17,0,0.4772,LOW
EVS00059,"4378 Chicago Ave, Chicago",DC Fast Charger,EVgo,350,0.18,6.73,9,3.5,13,0,0.4772,LOW
EVS02409,"8466 Sydney Ave, Sydney",DC Fast Charger,ChargePoint,150,0.32,0.86,8,4.7,70,1,0.4772,LOW
EVS04588,"9641 San Francisco Ave, San Francisco",AC Level 1,EVgo,22,0.24,1.42,8,3.7,71,1,0.4771,LOW
EVS03029,"692 Chicago Ave, Chicago",AC Level 1,ChargePoint,350,0.39,14.53,3,3.6,45,0,0.4771,LOW
EVS01945,"2647 Berlin Ave, Berlin",AC Level 1,Tesla,150,0.26,3.84,3,3.3,100,1,0.4771,LOW
EVS02830,"9849 Beijing Ave, Beijing",AC Level 2,Greenlots,350,0.32,10.13,1,3.3,38,0,0.4771,LOW
EVS04377,"4863 Dubai Ave, Dubai",AC Level 2,ChargePoint,22,0.49,15.95,4,3.6,77,1,0.477,LOW
EVS01300,"4793 Sydney Ave, Sydney",AC Level 1,Tesla,22,0.47,15.41,4,3.5,42,0,0.477,LOW
EVS00728,"8930 Moscow Ave, Moscow",AC Level 2,Tesla,350,0.28,0.71,5,4.5,23,0,0.477,LOW
EVS02967,"6852 Cape Town Ave, Cape Town",AC Level 2,Tesla,50,0.46,1.74,3,4.9,97,1,0.477,LOW
EVS04760,"9996 Bangkok Ave, Bangkok",AC Level 1,Ionity,350,0.31,13.09,8,3.7,49,0,0.477,LOW
EVS02754,"5297 Berlin Ave, Berlin",DC Fast Charger,Tesla,50,0.45,10.38,6,4.2,61,1,0.477,LOW
EVS02958,"1705 Beijing Ave, Beijing",AC Level 1,Greenlots,22,0.15,1.5,10,3.2,44,0,0.477,LOW
EVS04174,"9705 Moscow Ave, Moscow",DC Fast Charger,Greenlots,22,0.42,14.36,3,3.1,100,1,0.477,LOW
EVS00856,"1469 Mumbai Ave, Mumbai",AC Level 2,Ionity,150,0.32,4.34,8,4.3,84,1,0.477,LOW
EVS03615,"3606 Seoul Ave, Seoul",AC Level 2,Ionity,50,0.43,15.64,3,3.1,55,0,0.477,LOW
EVS02795,"603 Sydney Ave, Sydney",AC Level 1,Greenlots,350,0.4,14.15,2,3.6,28,0,0.477,LOW
EVS01184,"898 Dubai Ave, Dubai",AC Level 1,Greenlots,22,0.32,10.33,6,3.1,96,1,0.477,LOW
EVS04061,"3016 Random Rd, City 97, Country",AC Level 1,EVgo,22,0.35,16.61,10,3.1,95,1,0.4769,LOW
EVS00363,"8160 Beijing Ave, Beijing",AC Level 1,EVgo,50,0.29,5.48,8,3.7,100,1,0.4769,LOW
EVS02554,"8769 Mumbai Ave, Mumbai",DC Fast Charger,ChargePoint,22,0.46,8.26,3,4.1,44,0,0.4769,LOW
EVS04250,"3809 Mumbai Ave, Mumbai",AC Level 1,EVgo,22,0.23,0.62,8,3.7,74,1,0.4769,LOW
EVS04238,"8850 Seoul Ave, Seoul",AC Level 2,EVgo,350,0.33,2.86,8,5.0,35,0,0.4769,LOW
EVS00060,"16 Chicago Ave, Chicago",AC Level 2,Tesla,22,0.3,6.78,4,3.1,26,0,0.4768,LOW
EVS01812,"1280 Moscow Ave, Moscow",AC Level 1,Tesla,50,0.44,9.59,6,4.2,32,0,0.4768,LOW
EVS03080,"5631 São Paulo Ave, São Paulo",AC Level 2,Greenlots,350,0.29,9.22,4,3.5,75,1,0.4768,LOW
EVS01427,"9410 Chicago Ave, Chicago",DC Fast Charger,Tesla,150,0.41,6.37,9,4.9,29,0,0.4768,LOW
EVS04440,"5071 Cape Town Ave, Cape Town",AC Level 2,Tesla,150,0.35,5.39,1,3.6,53,0,0.4768,LOW
EVS01983,"6108 Moscow Ave, Moscow",AC Level 2,ChargePoint,350,0.41,18.65,4,3.4,67,1,0.4768,LOW
EVS02522,"7043 Dubai Ave, Dubai",AC Level 2,ChargePoint,22,0.42,9.06,4,3.8,83,1,0.4768,LOW
EVS00072,"9085 Cape Town Ave, Cape Town",AC Level 1,Tesla,22,0.46,4.17,6,4.9,37,0,0.4768,LOW
EVS04387,"2418 Sydney Ave, Sydney",AC Level 2,EVgo,150,0.37,1.12,5,4.7,38,0,0.4768,LOW
EVS00479,"1874 Sydney Ave, Sydney",DC Fast Charger,EVgo,150,0.49,12.78,8,4.7,16,0,0.4768,LOW
EVS03121,"3753 Random Rd, City 440, Country",AC Level 2,Tesla,350,0.39,11.1,5,4.2,25,0,0.4768,LOW
EVS03904,"4529 San Francisco Ave, San Francisco",AC Level 1,Tesla,50,0.21,5.19,9,3.2,69,1,0.4767,LOW
EVS04019,"3569 Toronto Ave, Toronto",AC Level 2,ChargePoint,150,0.49,12.03,3,4.2,64,1,0.4767,LOW
EVS01435,"1998 Bangkok Ave, Bangkok",DC Fast Charger,Ionity,22,0.4,9.95,8,4.0,97,1,0.4767,LOW
EVS03306,"79 San Francisco Ave, San Francisco",AC Level 2,Greenlots,50,0.31,9.46,8,3.4,40,0,0.4767,LOW
EVS00027,"5641 Bangkok Ave, Bangkok",DC Fast Charger,ChargePoint,150,0.5,17.76,7,4.1,25,0,0.4767,LOW
EVS02590,"7392 Mexico City Ave, Mexico City",AC Level 2,EVgo,22,0.28,2.14,7,3.8,44,0,0.4767,LOW
EVS04710,"7138 Moscow Ave, Moscow",AC Level 1,ChargePoint,22,0.45,13.64,9,4.1,57,1,0.4767,LOW
EVS02997,"7272 Mexico City Ave, Mexico City",DC Fast Charger,ChargePoint,150,0.44,11.23,10,4.7,30,0,0.4766,LOW
EVS00616,"5037 Mexico City Ave, Mexico City",DC Fast Charger,EVgo,22,0.49,6.68,3,4.5,77,1,0.4766,LOW
EVS02477,"3069 Beijing Ave, Beijing",AC Level 2,Tesla,150,0.29,8.72,5,3.2,27,0,0.4766,LOW
EVS00716,"2730 Bangkok Ave, Bangkok",DC Fast Charger,Greenlots,350,0.3,2.68,4,4.3,65,1,0.4766,LOW
EVS00961,"5928 Random Rd, City 350, Country",DC Fast Charger,Ionity,150,0.22,4.76,6,3.2,31,0,0.4766,LOW
EVS00492,"185 Los Angeles Ave, Los Angeles",AC Level 1,Ionity,350,0.31,13.03,3,3.1,36,0,0.4765,LOW
EVS02466,"6268 Sydney Ave, Sydney",AC Level 1,Greenlots,350,0.27,15.66,10,3.3,48,0,0.4765,LOW
EVS04860,"3020 Seoul Ave, Seoul",AC Level 1,Greenlots,50,0.32,2.97,8,4.2,14,0,0.4765,LOW
EVS04178,"8484 Dubai Ave, Dubai",AC Level 1,Greenlots,350,0.19,5.33,9,3.7,93,1,0.4765,LOW
EVS01867,"7758 Beijing Ave, Beijing",AC Level 2,ChargePoint,350,0.21,12.99,9,3.0,47,0,0.4765,LOW
EVS00450,"4701 Beijing Ave, Beijing",DC Fast Charger,Tesla,350,0.43,14.53,10,4.7,97,1,0.4765,LOW
EVS04894,"8633 Sydney Ave, Sydney",DC Fast Charger,Ionity,22,0.47,13.35,4,3.7,14,0,0.4765,LOW
EVS03847,"2662 Chicago Ave, Chicago",AC Level 2,Greenlots,150,0.37,6.02,3,3.9,14,0,0.4764,LOW
EVS03560,"6871 Toronto Ave, Toronto",AC Level 1,ChargePoint,350,0.4,18.33,2,3.1,51,0,0.4764,LOW
EVS04885,"280 San Francisco Ave, San Francisco",AC Level 1,EVgo,22,0.19,1.98,8,3.2,95,1,0.4764,LOW
EVS02536,"1625 Toronto Ave, Toronto",AC Level 2,EVgo,50,0.49,19.01,5,3.4,36,0,0.4763,LOW
EVS04034,"704 Mumbai Ave, Mumbai",DC Fast Charger,Greenlots,150,0.42,12.35,4,3.7,35,0,0.4763,LOW
EVS00798,"264 Berlin Ave, Berlin",DC Fast Charger,Greenlots,150,0.43,8.89,6,4.4,87,1,0.4763,LOW
EVS00781,"6681 Random Rd, City 132, Country",AC Level 2,Greenlots,150,0.26,5.26,3,3.1,19,0,0.4763,LOW
EVS01598,"2383 São Paulo Ave, São Paulo",AC Level 2,Ionity,150,0.49,15.4,3,3.8,90,1,0.4763,LOW
EVS00300,"1120 Beijing Ave, Beijing",DC Fast Charger,Ionity,22,0.3,11.71,9,3.1,32,0,0.4763,LOW
EVS00415,"9022 São Paulo Ave, São Paulo",AC Level 1,Greenlots,150,0.46,19.65,4,3.2,23,0,0.4763,LOW
EVS04847,"3691 Los Angeles Ave, Los Angeles",AC Level 2,Greenlots,50,0.39,7.86,2,3.5,45,0,0.4763,LOW
EVS01661,"174 Random Rd, City 144, Country",AC Level 2,ChargePoint,150,0.18,4.14,10,3.4,32,0,0.4763,LOW
EVS01385,"1956 San Francisco Ave, San Francisco",AC Level 2,ChargePoint,350,0.47,12.4,7,4.9,36,0,0.4763,LOW
EVS02658,"2970 Seoul Ave, Seoul",DC Fast Charger,Greenlots,150,0.42,10.99,1,3.5,33,0,0.4763,LOW
EVS01474,"9646 Sydney Ave, Sydney",DC Fast Charger,EVgo,50,0.36,5.54,7,4.1,44,0,0.4763,LOW
EVS03287,"8495 Mexico City Ave, Mexico City",AC Level 1,ChargePoint,350,0.37,12.56,2,3.5,36,0,0.4763,LOW
EVS02292,"9689 Toronto Ave, Toronto",DC Fast Charger,Greenlots,50,0.39,3.81,5,4.3,65,1,0.4762,LOW
EVS02226,"1644 San Francisco Ave, San Francisco",DC Fast Charger,EVgo,50,0.46,18.15,8,3.6,32,0,0.4762,LOW
EVS04366,"3506 San Francisco Ave, San Francisco",AC Level 2,Greenlots,50,0.36,8.34,8,3.9,12,0,0.4762,LOW
EVS00779,"2634 Cape Town Ave, Cape Town",AC Level 1,ChargePoint,50,0.32,10.69,7,3.2,19,0,0.4762,LOW
EVS00400,"3446 Chicago Ave, Chicago",DC Fast Charger,Tesla,150,0.41,11.26,8,4.2,80,1,0.4762,LOW
EVS01148,"1403 Toronto Ave, Toronto",AC Level 1,Greenlots,50,0.33,5.31,2,3.3,97,1,0.4762,LOW
EVS01961,"9822 Random Rd, City 112, Country",AC Level 1,EVgo,150,0.45,18.42,7,3.6,98,1,0.4762,LOW
EVS01502,"1232 Sydney Ave, Sydney",AC Level 2,Ionity,50,0.34,3.46,9,4.4,83,1,0.4762,LOW
EVS00757,"1007 Chicago Ave, Chicago",DC Fast Charger,Tesla,50,0.37,7.69,5,3.7,75,1,0.4761,LOW
EVS00690,"8140 Dubai Ave, Dubai",AC Level 1,Greenlots,150,0.24,1.66,7,3.8,96,1,0.4761,LOW
EVS01506,"1891 Bangkok Ave, Bangkok",AC Level 1,EVgo,150,0.37,10.31,9,4.1,83,1,0.4761,LOW
EVS01585,"8953 Chicago Ave, Chicago",DC Fast Charger,Ionity,22,0.46,14.26,4,3.5,14,0,0.4761,LOW
EVS03556,"7843 Mexico City Ave, Mexico City",AC Level 1,ChargePoint,50,0.2,2.09,7,3.2,30,0,0.4761,LOW
EVS03048,"7071 Cape Town Ave, Cape Town",AC Level 2,Ionity,350,0.18,1.16,5,3.6,22,0,0.4761,LOW
EVS00648,"6647 San Francisco Ave, San Francisco",AC Level 2,Greenlots,50,0.27,2.6,7,3.7,89,1,0.4761,LOW
EVS02460,"714 Cape Town Ave, Cape Town",AC Level 1,Ionity,150,0.37,15.05,5,3.1,70,1,0.4761,LOW
EVS02154,"5083 Seoul Ave, Seoul",AC Level 2,Ionity,50,0.24,1.06,5,3.4,11,0,0.4761,LOW
EVS00542,"8927 Bangkok Ave, Bangkok",AC Level 1,EVgo,150,0.33,4.61,2,3.6,65,1,0.476,LOW
EVS03263,"863 Bangkok Ave, Bangkok",DC Fast Charger,ChargePoint,150,0.42,13.55,1,3.2,37,0,0.476,LOW
EVS04372,"8063 Moscow Ave, Moscow",AC Level 2,Tesla,150,0.25,3.93,6,3.5,95,1,0.476,LOW
EVS02296,"2715 Los Angeles Ave, Los Angeles",DC Fast Charger,Tesla,22,0.4,1.43,7,4.8,95,1,0.476,LOW
EVS01511,"2247 Random Rd, City 361, Country",AC Level 1,Ionity,150,0.5,16.95,4,3.8,20,0,0.4759,LOW
EVS04647,"3141 Toronto Ave, Toronto",AC Level 2,EVgo,150,0.35,9.66,9,4.0,48,0,0.4759,LOW
EVS03574,"6220 Mumbai Ave, Mumbai",AC Level 2,Ionity,50,0.33,12.43,9,3.3,78,1,0.4759,LOW
EVS02596,"9432 Berlin Ave, Berlin",AC Level 2,EVgo,50,0.42,16.62,6,3.2,59,1,0.4759,LOW
EVS02636,"1544 Seoul Ave, Seoul",DC Fast Charger,ChargePoint,22,0.45,15.75,8,3.7,54,0,0.4758,LOW
EVS03984,"7584 Bangkok Ave, Bangkok",DC Fast Charger,ChargePoint,150,0.42,14.61,3,3.3,90,1,0.4758,LOW
EVS03032,"8851 Beijing Ave, Beijing",AC Level 2,Tesla,350,0.33,6.93,3,3.9,13,0,0.4757,LOW
EVS02086,"8937 Dubai Ave, Dubai",AC Level 2,Ionity,50,0.33,4.04,7,4.0,16,0,0.4757,LOW
EVS04446,"5956 Mumbai Ave, Mumbai",AC Level 2,Greenlots,350,0.31,14.4,9,3.6,44,0,0.4757,LOW
EVS00489,"5261 Sydney Ave, Sydney",AC Level 1,Tesla,50,0.4,1.3,3,4.4,91,1,0.4757,LOW
EVS02622,"280 Beijing Ave, Beijing",AC Level 1,Greenlots,50,0.45,13.31,6,3.8,37,0,0.4757,LOW
EVS02237,"2028 Bangkok Ave, Bangkok",AC Level 1,Greenlots,50,0.28,8.02,10,3.5,79,1,0.4757,LOW
EVS01677,"2993 São Paulo Ave, São Paulo",DC Fast Charger,ChargePoint,150,0.28,11.85,10,3.3,44,0,0.4757,LOW
EVS02063,"6323 Berlin Ave, Berlin",AC Level 2,ChargePoint,50,0.19,1.45,9,3.4,96,1,0.4756,LOW
EVS00314,"1021 Chicago Ave, Chicago",AC Level 2,Ionity,350,0.16,1.01,3,3.2,44,0,0.4756,LOW
EVS01301,"1091 Random Rd, City 109, Country",AC Level 2,EVgo,350,0.2,4.74,3,3.1,95,1,0.4756,LOW
EVS01851,"6020 Random Rd, City 308, Country",DC Fast Charger,ChargePoint,150,0.34,9.42,1,3.0,12,0,0.4756,LOW
EVS02050,"6006 Sydney Ave, Sydney",AC Level 2,EVgo,150,0.37,5.44,8,4.5,64,1,0.4756,LOW
EVS04981,"7943 Random Rd, City 415, Country",DC Fast Charger,EVgo,22,0.5,17.3,1,3.1,64,1,0.4756,LOW
EVS00618,"9627 Cape Town Ave, Cape Town",AC Level 1,Ionity,150,0.34,11.78,5,3.2,21,0,0.4756,LOW
EVS02449,"1426 Dubai Ave, Dubai",DC Fast Charger,Greenlots,350,0.15,3.94,10,3.6,41,0,0.4755,LOW
EVS03236,"705 Toronto Ave, Toronto",DC Fast Charger,ChargePoint,22,0.3,0.92,5,3.8,86,1,0.4755,LOW
EVS04016,"1172 Seoul Ave, Seoul",DC Fast Charger,EVgo,150,0.37,6.58,10,4.6,87,1,0.4755,LOW
EVS01614,"4946 Chicago Ave, Chicago",AC Level 2,ChargePoint,22,0.3,1.06,6,3.9,23,0,0.4755,LOW
EVS00709,"4221 Berlin Ave, Berlin",DC Fast Charger,Tesla,50,0.44,4.63,1,4.1,37,0,0.4755,LOW
EVS00918,"3179 Chicago Ave, Chicago",AC Level 1,EVgo,22,0.23,6.46,10,3.2,72,1,0.4755,LOW
EVS01731,"3196 Random Rd, City 76, Country",AC Level 2,EVgo,150,0.31,13.74,9,3.2,23,0,0.4755,LOW
EVS00883,"8174 Chicago Ave, Chicago",DC Fast Charger,Ionity,150,0.41,11.77,8,4.1,87,1,0.4754,LOW
EVS00650,"5538 Berlin Ave, Berlin",AC Level 1,ChargePoint,350,0.29,7.91,6,3.8,31,0,0.4754,LOW
EVS04715,"4847 San Francisco Ave, San Francisco",AC Level 2,ChargePoint,150,0.48,6.95,2,4.5,34,0,0.4754,LOW
EVS01655,"7658 Mexico City Ave, Mexico City",DC Fast Charger,ChargePoint,150,0.43,7.08,9,4.9,52,0,0.4754,LOW
EVS00701,"9726 Random Rd, City 164, Country",AC Level 1,Greenlots,50,0.49,1.87,1,4.8,85,1,0.4753,LOW
EVS04903,"2046 Dubai Ave, Dubai",DC Fast Charger,EVgo,150,0.36,1.63,6,4.6,90,1,0.4753,LOW
EVS01723,"742 Mumbai Ave, Mumbai",AC Level 2,Ionity,50,0.31,0.77,8,4.3,64,1,0.4753,LOW
EVS02419,"882 São Paulo Ave, São Paulo",AC Level 2,Greenlots,150,0.32,3.53,8,4.3,55,0,0.4753,LOW
EVS02801,"6212 Random Rd, City 316, Country",DC Fast Charger,Ionity,22,0.49,14.64,7,4.0,61,1,0.4753,LOW
EVS00370,"9728 Beijing Ave, Beijing",AC Level 1,ChargePoint,350,0.13,1.52,4,3.0,24,0,0.4753,LOW
EVS01689,"4371 San Francisco Ave, San Francisco",AC Level 2,Greenlots,50,0.32,1.48,2,3.6,38,0,0.4753,LOW
EVS00394,"9221 Sydney Ave, Sydney",DC Fast Charger,Greenlots,150,0.42,13.17,1,3.2,46,0,0.4752,LOW
EVS03934,"2564 Beijing Ave, Beijing",AC Level 1,Greenlots,22,0.31,6.26,7,3.5,97,1,0.4752,LOW
EVS02935,"5820 Seoul Ave, Seoul",AC Level 1,EVgo,350,0.35,5.43,3,4.2,30,0,0.4752,LOW
EVS04344,"3477 San Francisco Ave, San Francisco",DC Fast Charger,Tesla,150,0.44,1.48,3,4.9,29,0,0.4752,LOW
EVS01909,"2610 San Francisco Ave, San Francisco",AC Level 2,Greenlots,22,0.49,13.84,8,4.2,28,0,0.4752,LOW
EVS00524,"1534 Bangkok Ave, Bangkok",AC Level 1,Greenlots,22,0.27,10.05,10,3.1,32,0,0.4751,LOW
EVS01667,"5499 Beijing Ave, Beijing",AC Level 1,Greenlots,350,0.27,3.7,6,4.1,32,0,0.4751,LOW
EVS03931,"7303 Random Rd, City 494, Country",DC Fast Charger,Tesla,150,0.4,10.35,4,3.7,57,1,0.4751,LOW
EVS04017,"9935 Mumbai Ave, Mumbai",DC Fast Charger,Ionity,50,0.32,1.1,6,4.1,13,0,0.4751,LOW
EVS04131,"3283 Random Rd, City 99, Country",DC Fast Charger,Greenlots,350,0.31,5.64,6,4.2,26,0,0.4751,LOW
EVS04926,"3862 Berlin Ave, Berlin",AC Level 2,Ionity,22,0.37,8.22,10,4.1,95,1,0.4751,LOW
EVS02230,"5484 Bangkok Ave, Bangkok",AC Level 2,Ionity,22,0.45,10.97,2,3.5,48,0,0.4751,LOW
EVS04875,"9191 Mumbai Ave, Mumbai",AC Level 2,Ionity,350,0.47,17.62,4,3.9,63,1,0.4751,LOW
EVS02950,"6169 Dubai Ave, Dubai",DC Fast Charger,Ionity,150,0.23,8.89,10,3.2,77,1,0.4751,LOW
EVS04469,"4343 Mumbai Ave, Mumbai",AC Level 2,Ionity,50,0.42,9.66,10,4.4,83,1,0.475,LOW
EVS01943,"3708 Bangkok Ave, Bangkok",AC Level 1,Tesla,150,0.38,15.09,10,3.7,15,0,0.475,LOW
EVS02017,"6619 Beijing Ave, Beijing",AC Level 2,Ionity,150,0.49,17.15,1,3.3,36,0,0.475,LOW
EVS04843,"1790 Berlin Ave, Berlin",DC Fast Charger,ChargePoint,350,0.28,1.32,10,4.9,85,1,0.4749,LOW
EVS04416,"3856 Beijing Ave, Beijing",AC Level 2,EVgo,350,0.34,6.21,2,3.9,53,0,0.4749,LOW
EVS02397,"7007 Dubai Ave, Dubai",DC Fast Charger,ChargePoint,50,0.42,3.66,6,4.6,69,1,0.4749,LOW
EVS02457,"622 Moscow Ave, Moscow",DC Fast Charger,EVgo,150,0.29,1.21,2,3.6,49,0,0.4749,LOW
EVS00458,"1181 Cape Town Ave, Cape Town",DC Fast Charger,Greenlots,350,0.22,4.18,4,3.4,29,0,0.4749,LOW
EVS02519,"4353 Beijing Ave, Beijing",DC Fast Charger,Ionity,350,0.4,16.71,2,3.2,18,0,0.4749,LOW
EVS03252,"4230 San Francisco Ave, San Francisco",AC Level 1,Tesla,50,0.49,14.15,1,3.4,25,0,0.4749,LOW
EVS00346,"2751 Dubai Ave, Dubai",DC Fast Charger,Greenlots,350,0.21,7.32,6,3.2,41,0,0.4749,LOW
EVS03583,"6142 Chicago Ave, Chicago",AC Level 1,Tesla,150,0.44,9.19,8,4.6,87,1,0.4749,LOW
EVS01035,"1662 Mumbai Ave, Mumbai",DC Fast Charger,Ionity,50,0.44,7.14,8,4.6,41,0,0.4749,LOW
EVS04897,"4665 Dubai Ave, Dubai",AC Level 2,Ionity,50,0.43,7.6,10,4.7,74,1,0.4748,LOW
EVS01953,"2884 Sydney Ave, Sydney",AC Level 1,Tesla,22,0.34,0.92,6,4.2,71,1,0.4748,LOW
EVS00710,"8055 Cape Town Ave, Cape Town",AC Level 1,Ionity,22,0.41,2.5,1,4.0,71,1,0.4748,LOW
EVS03457,"8054 Chicago Ave, Chicago",DC Fast Charger,Tesla,350,0.39,14.91,7,3.9,71,1,0.4748,LOW
EVS03481,"773 Random Rd, City 27, Country",DC Fast Charger,EVgo,150,0.44,9.74,6,4.3,53,0,0.4748,LOW
EVS03053,"781 Seoul Ave, Seoul",DC Fast Charger,ChargePoint,150,0.42,9.2,6,4.2,20,0,0.4747,LOW
EVS00342,"971 Seoul Ave, Seoul",DC Fast Charger,Tesla,150,0.38,0.53,3,4.5,58,1,0.4747,LOW
EVS01592,"6339 Cape Town Ave, Cape Town",AC Level 2,ChargePoint,350,0.3,2.93,6,4.4,76,1,0.4747,LOW
EVS03123,"4854 Seoul Ave, Seoul",AC Level 2,Greenlots,150,0.39,13.86,4,3.2,22,0,0.4746,LOW
EVS01116,"903 Seoul Ave, Seoul",DC Fast Charger,EVgo,150,0.27,2.92,6,3.7,87,1,0.4746,LOW
EVS01568,"632 Mumbai Ave, Mumbai",AC Level 1,Greenlots,50,0.41,10.25,2,3.3,30,0,0.4746,LOW
EVS01232,"3047 Cape Town Ave, Cape Town",AC Level 1,Ionity,50,0.48,6.17,1,4.2,19,0,0.4746,LOW
EVS03205,"1588 San Francisco Ave, San Francisco",AC Level 2,Greenlots,350,0.43,10.8,9,4.9,89,1,0.4746,LOW
EVS03389,"7664 Moscow Ave, Moscow",AC Level 1,Tesla,350,0.48,16.91,2,3.8,88,1,0.4746,LOW
EVS00740,"3484 Chicago Ave, Chicago",AC Level 2,Greenlots,150,0.45,9.03,3,4.1,18,0,0.4746,LOW
EVS04498,"3374 Chicago Ave, Chicago",DC Fast Charger,Greenlots,50,0.21,2.8,6,3.0,16,0,0.4745,LOW
EVS04990,"2065 Mumbai Ave, Mumbai",AC Level 2,Greenlots,350,0.33,14.36,9,3.7,76,1,0.4745,LOW
EVS02586,"9058 Cape Town Ave, Cape Town",DC Fast Charger,Ionity,150,0.33,1.94,7,4.4,80,1,0.4745,LOW
EVS03451,"2333 Random Rd, City 173, Country",AC Level 1,ChargePoint,350,0.19,1.12,5,3.6,80,1,0.4745,LOW
EVS00964,"9067 Mexico City Ave, Mexico City",AC Level 1,ChargePoint,150,0.34,5.92,5,3.8,15,0,0.4745,LOW
EVS01094,"6127 Seoul Ave, Seoul",AC Level 1,Ionity,22,0.42,10.32,8,4.0,36,0,0.4745,LOW
EVS02654,"4763 Bangkok Ave, Bangkok",AC Level 2,Tesla,350,0.3,4.94,2,3.7,68,1,0.4745,LOW
EVS02081,"5568 Random Rd, City 487, Country",AC Level 1,Greenlots,150,0.3,3.06,5,3.8,98,1,0.4745,LOW
EVS04082,"185 Sydney Ave, Sydney",AC Level 2,Tesla,150,0.43,9.48,10,4.7,32,0,0.4745,LOW
EVS01178,"5195 Los Angeles Ave, Los Angeles",AC Level 1,Ionity,22,0.42,11.49,10,4.1,34,0,0.4745,LOW
EVS04454,"5139 Mumbai Ave, Mumbai",AC Level 1,Greenlots,22,0.4,15.87,7,3.1,16,0,0.4745,LOW
EVS03778,"5460 Mexico City Ave, Mexico City",AC Level 2,Greenlots,50,0.44,4.27,8,4.9,93,1,0.4745,LOW
EVS02816,"6380 Mexico City Ave, Mexico City",DC Fast Charger,Ionity,350,0.25,10.11,7,3.3,98,1,0.4744,LOW
EVS00341,"9485 Random Rd, City 282, Country",AC Level 1,Greenlots,350,0.31,10.98,2,3.1,43,0,0.4744,LOW
EVS01259,"3638 Mexico City Ave, Mexico City",DC Fast Charger,Tesla,50,0.47,17.69,6,3.4,11,0,0.4744,LOW
EVS04321,"5287 Random Rd, City 223, Country",DC Fast Charger,Tesla,350,0.32,5.7,4,4.0,97,1,0.4744,LOW
EVS03843,"131 Chicago Ave, Chicago",DC Fast Charger,ChargePoint,150,0.41,17.37,7,3.3,62,1,0.4744,LOW
EVS04720,"9320 Cape Town Ave, Cape Town",AC Level 2,Tesla,22,0.32,5.07,3,3.2,30,0,0.4743,LOW
EVS01881,"7603 Random Rd, City 419, Country",AC Level 2,ChargePoint,350,0.5,19.24,9,4.5,46,0,0.4743,LOW
EVS00774,"278 Sydney Ave, Sydney",AC Level 2,EVgo,50,0.37,5.6,9,4.3,18,0,0.4743,LOW
EVS01764,"2721 Toronto Ave, Toronto",AC Level 2,EVgo,350,0.49,16.71,9,4.7,77,1,0.4743,LOW
EVS02352,"5353 São Paulo Ave, São Paulo",DC Fast Charger,ChargePoint,22,0.26,2.08,6,3.4,10,0,0.4742,LOW
EVS02894,"645 Mexico City Ave, Mexico City",AC Level 1,Ionity,350,0.33,10.52,2,3.3,51,0,0.4742,LOW
EVS00497,"6022 Sydney Ave, Sydney",DC Fast Charger,ChargePoint,150,0.49,10.95,10,5.0,20,0,0.4742,LOW
EVS00103,"5496 Seoul Ave, Seoul",AC Level 1,Greenlots,22,0.32,8.26,7,3.3,20,0,0.4742,LOW
EVS00505,"4165 Seoul Ave, Seoul",DC Fast Charger,EVgo,22,0.45,17.8,9,3.5,22,0,0.4742,LOW
EVS01025,"2645 Bangkok Ave, Bangkok",DC Fast Charger,ChargePoint,50,0.33,0.59,7,4.3,88,1,0.4741,LOW
EVS03857,"5333 Mumbai Ave, Mumbai",DC Fast Charger,EVgo,150,0.36,7.16,5,3.8,36,0,0.4741,LOW
EVS01753,"6639 São Paulo Ave, São Paulo",AC Level 2,Tesla,150,0.34,12.27,7,3.3,13,0,0.4741,LOW
EVS02298,"6559 Moscow Ave, Moscow",AC Level 1,Greenlots,50,0.41,12.83,3,3.1,92,1,0.4741,LOW
EVS03612,"3387 Seoul Ave, Seoul",AC Level 2,Tesla,150,0.41,9.65,10,4.5,46,0,0.4741,LOW
EVS00094,"9796 Berlin Ave, Berlin",AC Level 2,Tesla,50,0.3,5.57,7,3.5,79,1,0.4741,LOW
EVS03086,"9896 Seoul Ave, Seoul",DC Fast Charger,Ionity,150,0.28,10.8,8,3.1,59,1,0.4741,LOW
EVS04584,"313 Cape Town Ave, Cape Town",AC Level 2,ChargePoint,150,0.31,8.46,8,3.6,48,0,0.474,LOW
EVS03056,"9339 Los Angeles Ave, Los Angeles",AC Level 2,Greenlots,50,0.33,9.91,10,3.6,47,0,0.474,LOW
EVS00838,"1695 Mexico City Ave, Mexico City",AC Level 1,ChargePoint,50,0.38,1.89,4,4.2,75,1,0.474,LOW
EVS00420,"9452 Mumbai Ave, Mumbai",DC Fast Charger,ChargePoint,350,0.33,2.38,8,4.9,49,0,0.474,LOW
EVS00004,"6995 Toronto Ave, Toronto",AC Level 1,Greenlots,350,0.41,13.28,7,4.2,70,1,0.474,LOW
EVS01929,"1205 Dubai Ave, Dubai",AC Level 2,ChargePoint,22,0.33,3.24,5,3.7,84,1,0.474,LOW
EVS04839,"2546 Bangkok Ave, Bangkok",DC Fast Charger,ChargePoint,50,0.24,1.71,4,3.1,89,1,0.474,LOW
EVS02634,"508 Chicago Ave, Chicago",DC Fast Charger,Greenlots,50,0.36,6.98,6,3.7,29,0,0.474,LOW
EVS04569,"5007 Cape Town Ave, Cape Town",DC Fast Charger,Greenlots,150,0.3,6.23,4,3.3,51,0,0.474,LOW
EVS03409,"261 Cape Town Ave, Cape Town",DC Fast Charger,Greenlots,22,0.29,1.09,10,4.2,87,1,0.474,LOW
EVS03131,"5586 Random Rd, City 59, Country",AC Level 2,ChargePoint,150,0.35,5.02,8,4.3,45,0,0.474,LOW
EVS04075,"7687 Beijing Ave, Beijing",AC Level 1,Greenlots,22,0.37,15.54,9,3.1,79,1,0.4739,LOW
EVS00434,"6889 Sydney Ave, Sydney",AC Level 1,Ionity,22,0.45,9.95,5,3.9,51,0,0.4739,LOW
EVS04041,"5769 Random Rd, City 377, Country",DC Fast Charger,Greenlots,350,0.45,12.5,7,4.6,33,0,0.4739,LOW
EVS01998,"1653 Cape Town Ave, Cape Town",DC Fast Charger,ChargePoint,50,0.32,11.8,10,3.3,51,0,0.4739,LOW
EVS02285,"9063 Toronto Ave, Toronto",DC Fast Charger,Greenlots,50,0.3,5.02,10,3.9,86,1,0.4739,LOW
EVS03907,"3174 Bangkok Ave, Bangkok",AC Level 2,Greenlots,150,0.26,6.31,6,3.2,41,0,0.4739,LOW
EVS03462,"2376 São Paulo Ave, São Paulo",DC Fast Charger,EVgo,350,0.5,18.73,7,4.3,73,1,0.4739,LOW
EVS01901,"1225 Random Rd, City 176, Country",AC Level 1,ChargePoint,22,0.37,2.29,10,4.7,75,1,0.4739,LOW
EVS00592,"6104 Cape Town Ave, Cape Town",DC Fast Charger,EVgo,150,0.46,14.91,4,3.6,14,0,0.4739,LOW
EVS04484,"4757 Mumbai Ave, Mumbai",AC Level 2,Greenlots,22,0.36,2.77,6,4.1,91,1,0.4739,LOW
EVS01921,"5896 Random Rd, City 230, Country",DC Fast Charger,Greenlots,22,0.5,16.6,8,3.9,47,0,0.4738,LOW
EVS02613,"536 Los Angeles Ave, Los Angeles",AC Level 1,Ionity,22,0.22,0.96,7,3.3,88,1,0.4738,LOW
EVS04684,"1899 Beijing Ave, Beijing",DC Fast Charger,Greenlots,50,0.37,7.03,2,3.3,49,0,0.4738,LOW
EVS00859,"7083 Seoul Ave, Seoul",AC Level 1,EVgo,150,0.41,10.43,4,3.7,15,0,0.4738,LOW
EVS01549,"4589 Seoul Ave, Seoul",DC Fast Charger,EVgo,150,0.48,5.16,1,4.5,39,0,0.4738,LOW
EVS02435,"5472 Toronto Ave, Toronto",DC Fast Charger,ChargePoint,350,0.35,0.87,1,4.4,35,0,0.4738,LOW
EVS01591,"7165 Random Rd, City 208, Country",AC Level 2,ChargePoint,350,0.27,5.12,2,3.4,12,0,0.4737,LOW
EVS00001,"4826 Random Rd, City 98, Country",AC Level 2,EVgo,350,0.27,4.95,7,4.0,35,0,0.4737,LOW
EVS04086,"4429 Beijing Ave, Beijing",AC Level 2,Greenlots,50,0.34,5.28,5,3.6,43,0,0.4737,LOW
EVS00008,"7684 Bangkok Ave, Bangkok",AC Level 2,Ionity,350,0.26,3.63,9,4.3,72,1,0.4737,LOW
EVS02759,"2990 Bangkok Ave, Bangkok",AC Level 1,EVgo,350,0.26,1.11,4,4.0,80,1,0.4737,LOW
EVS03096,"9209 Berlin Ave, Berlin",AC Level 1,Ionity,350,0.33,7.42,7,4.2,29,0,0.4737,LOW
EVS01816,"4471 San Francisco Ave, San Francisco",DC Fast Charger,Greenlots,150,0.48,18.89,10,4.0,60,1,0.4737,LOW
EVS02665,"4646 Mexico City Ave, Mexico City",AC Level 1,Greenlots,50,0.26,6.37,9,3.3,58,1,0.4736,LOW
EVS04874,"3246 Toronto Ave, Toronto",DC Fast Charger,EVgo,150,0.22,2.89,9,3.6,85,1,0.4736,LOW
EVS01685,"6282 Moscow Ave, Moscow",DC Fast Charger,Tesla,150,0.39,15.0,9,3.6,60,1,0.4736,LOW
EVS03836,"2156 San Francisco Ave, San Francisco",AC Level 2,Tesla,150,0.42,18.15,10,3.6,23,0,0.4736,LOW
EVS01354,"1315 Beijing Ave, Beijing",AC Level 2,Greenlots,50,0.37,4.38,3,3.7,99,1,0.4736,LOW
EVS03229,"7874 Mexico City Ave, Mexico City",AC Level 2,Tesla,50,0.28,3.75,6,3.4,99,1,0.4736,LOW
EVS00890,"5355 Sydney Ave, Sydney",AC Level 1,Ionity,22,0.47,16.41,4,3.2,68,1,0.4735,LOW
EVS03975,"8370 Moscow Ave, Moscow",DC Fast Charger,ChargePoint,350,0.35,12.78,10,4.1,27,0,0.4735,LOW
EVS02059,"5100 Mexico City Ave, Mexico City",AC Level 2,Greenlots,350,0.43,14.47,7,4.2,94,1,0.4735,LOW
EVS02290,"4871 Seoul Ave, Seoul",AC Level 1,Tesla,22,0.2,1.32,8,3.2,75,1,0.4735,LOW
EVS03109,"1932 Los Angeles Ave, Los Angeles",DC Fast Charger,Greenlots,150,0.42,13.37,8,3.9,15,0,0.4735,LOW
EVS02380,"7911 Toronto Ave, Toronto",DC Fast Charger,Tesla,150,0.35,9.87,6,3.5,92,1,0.4735,LOW
EVS02364,"393 Toronto Ave, Toronto",DC Fast Charger,EVgo,350,0.3,5.78,5,3.9,83,1,0.4735,LOW
EVS04334,"2540 Sydney Ave, Sydney",AC Level 2,Ionity,50,0.22,4.47,10,3.3,40,0,0.4735,LOW
EVS01092,"3476 Dubai Ave, Dubai",AC Level 1,ChargePoint,22,0.38,8.01,9,4.0,44,0,0.4735,LOW
EVS02054,"3609 Seoul Ave, Seoul",AC Level 2,Tesla,50,0.47,4.89,7,4.9,29,0,0.4735,LOW
EVS03962,"2658 São Paulo Ave, São Paulo",AC Level 1,Tesla,22,0.37,5.53,3,3.5,20,0,0.4735,LOW
EVS01255,"9097 Bangkok Ave, Bangkok",AC Level 1,ChargePoint,150,0.35,5.2,5,3.9,81,1,0.4734,LOW
EVS01707,"2459 Los Angeles Ave, Los Angeles",AC Level 1,Greenlots,50,0.4,13.84,5,3.1,43,0,0.4734,LOW
EVS02433,"770 Chicago Ave, Chicago",AC Level 2,Tesla,50,0.26,0.75,2,3.1,63,1,0.4734,LOW
EVS01543,"4738 Cape Town Ave, Cape Town",DC Fast Charger,EVgo,350,0.32,7.43,7,4.1,90,1,0.4733,LOW
EVS01292,"139 Mexico City Ave, Mexico City",AC Level 2,ChargePoint,350,0.41,11.31,2,3.8,14,0,0.4733,LOW
EVS03441,"9283 Random Rd, City 459, Country",AC Level 2,Ionity,150,0.32,11.18,6,3.1,81,1,0.4733,LOW
EVS00148,"668 Berlin Ave, Berlin",AC Level 1,ChargePoint,150,0.41,0.64,6,5.0,52,0,0.4733,LOW
EVS02332,"2274 São Paulo Ave, São Paulo",AC Level 1,EVgo,22,0.42,6.92,1,3.5,91,1,0.4733,LOW
EVS03456,"684 Chicago Ave, Chicago",DC Fast Charger,EVgo,50,0.4,2.77,9,4.8,65,1,0.4732,LOW
EVS03370,"403 Bangkok Ave, Bangkok",AC Level 1,Greenlots,150,0.34,8.3,1,3.0,91,1,0.4732,LOW
EVS01551,"4519 Random Rd, City 213, Country",AC Level 1,ChargePoint,50,0.28,1.21,8,3.9,12,0,0.4732,LOW
EVS00348,"6963 Mumbai Ave, Mumbai",AC Level 2,Ionity,50,0.32,2.29,2,3.4,67,1,0.4732,LOW
EVS01658,"2508 Sydney Ave, Sydney",DC Fast Charger,EVgo,22,0.37,12.39,8,3.3,33,0,0.4732,LOW
EVS03832,"9594 Mumbai Ave, Mumbai",DC Fast Charger,EVgo,22,0.21,0.99,8,3.3,28,0,0.4732,LOW
EVS02650,"4214 Berlin Ave, Berlin",AC Level 1,EVgo,350,0.39,9.7,1,3.7,46,0,0.4732,LOW
EVS02623,"2596 Chicago Ave, Chicago",DC Fast Charger,Ionity,22,0.29,0.73,10,4.2,96,1,0.4732,LOW
EVS03480,"6937 Dubai Ave, Dubai",DC Fast Charger,Ionity,22,0.45,8.1,7,4.3,28,0,0.4732,LOW
EVS00878,"4739 Beijing Ave, Beijing",AC Level 1,ChargePoint,22,0.38,7.12,4,3.5,80,1,0.4731,LOW
EVS01362,"4476 São Paulo Ave, São Paulo",AC Level 2,EVgo,150,0.48,2.44,3,5.0,20,0,0.4731,LOW
EVS04391,"8828 Random Rd, City 358, Country",AC Level 2,EVgo,50,0.19,2.9,9,3.1,36,0,0.4731,LOW
EVS04493,"621 Cape Town Ave, Cape Town",DC Fast Charger,Tesla,150,0.42,13.61,5,3.5,56,0,0.4731,LOW
EVS03491,"7355 Random Rd, City 213, Country",AC Level 1,Ionity,350,0.29,13.63,10,3.5,89,1,0.4731,LOW
EVS04398,"1011 São Paulo Ave, São Paulo",DC Fast Charger,EVgo,22,0.44,10.92,1,3.2,19,0,0.473,LOW
EVS03055,"7812 Moscow Ave, Moscow",AC Level 2,Greenlots,350,0.24,3.68,3,3.4,43,0,0.473,LOW
EVS01370,"1964 Los Angeles Ave, Los Angeles",DC Fast Charger,EVgo,350,0.43,17.36,4,3.5,61,1,0.473,LOW
EVS03503,"4384 Dubai Ave, Dubai",DC Fast Charger,Ionity,50,0.27,5.0,9,3.5,36,0,0.473,LOW
EVS03889,"94 Mumbai Ave, Mumbai",DC Fast Charger,Tesla,50,0.33,9.56,5,3.0,96,1,0.473,LOW
EVS04845,"2723 Dubai Ave, Dubai",AC Level 1,Ionity,150,0.24,1.46,10,4.0,27,0,0.473,LOW
EVS00147,"642 Bangkok Ave, Bangkok",AC Level 1,ChargePoint,350,0.39,14.29,9,4.1,42,0,0.4729,LOW
EVS01110,"6145 Mumbai Ave, Mumbai",AC Level 2,Ionity,150,0.29,6.49,8,3.6,91,1,0.4729,LOW
EVS00120,"3530 Sydney Ave, Sydney",AC Level 2,Tesla,150,0.28,11.27,9,3.1,62,1,0.4729,LOW
EVS03276,"481 Los Angeles Ave, Los Angeles",AC Level 1,EVgo,50,0.46,1.24,1,4.5,31,0,0.4729,LOW
EVS02169,"5565 Beijing Ave, Beijing",AC Level 1,EVgo,350,0.25,12.47,10,3.3,48,0,0.4729,LOW
EVS01076,"680 San Francisco Ave, San Francisco",DC Fast Charger,ChargePoint,350,0.41,10.5,4,4.1,69,1,0.4729,LOW
EVS01818,"7361 Bangkok Ave, Bangkok",AC Level 2,Greenlots,150,0.49,16.69,5,3.7,46,0,0.4728,LOW
EVS02103,"493 Toronto Ave, Toronto",AC Level 1,ChargePoint,50,0.49,13.45,3,3.6,97,1,0.4728,LOW
EVS03378,"6665 Berlin Ave, Berlin",AC Level 2,ChargePoint,150,0.22,1.75,4,3.1,45,0,0.4728,LOW
EVS02606,"6422 Moscow Ave, Moscow",AC Level 2,EVgo,50,0.45,2.26,1,4.3,43,0,0.4728,LOW
EVS03113,"2205 São Paulo Ave, São Paulo",AC Level 1,ChargePoint,50,0.49,12.68,4,3.8,61,1,0.4728,LOW
EVS00044,"5156 Seoul Ave, Seoul",AC Level 1,ChargePoint,50,0.36,2.38,3,3.8,96,1,0.4728,LOW
EVS03158,"3355 São Paulo Ave, São Paulo",AC Level 2,Tesla,350,0.27,13.53,8,3.1,45,0,0.4727,LOW
EVS01447,"9154 Sydney Ave, Sydney",AC Level 2,Greenlots,150,0.21,1.15,5,3.2,54,0,0.4727,LOW
EVS00034,"8032 Beijing Ave, Beijing",AC Level 1,EVgo,150,0.21,0.84,9,3.7,59,1,0.4727,LOW
EVS02794,"3173 Mumbai Ave, Mumbai",AC Level 2,Greenlots,150,0.39,8.92,1,3.3,98,1,0.4727,LOW
EVS02307,"7797 Mumbai Ave, Mumbai",DC Fast Charger,ChargePoint,50,0.31,1.0,6,3.9,36,0,0.4727,LOW
EVS01440,"1794 Chicago Ave, Chicago",DC Fast Charger,EVgo,350,0.23,8.87,8,3.3,15,0,0.4727,LOW
EVS04409,"4645 Sydney Ave, Sydney",AC Level 2,ChargePoint,350,0.37,3.09,4,4.6,22,0,0.4727,LOW
EVS00532,"9714 Seoul Ave, Seoul",DC Fast Charger,Tesla,350,0.23,1.59,1,3.3,73,1,0.4726,LOW
EVS03729,"7990 Beijing Ave, Beijing",AC Level 1,Ionity,350,0.38,15.53,5,3.4,37,0,0.4726,LOW
EVS00482,"1065 Moscow Ave, Moscow",AC Level 1,ChargePoint,22,0.36,16.14,10,3.0,11,0,0.4726,LOW
EVS03024,"7874 Mumbai Ave, Mumbai",AC Level 2,ChargePoint,22,0.48,10.27,9,4.5,43,0,0.4726,LOW
EVS00324,"1862 San Francisco Ave, San Francisco",AC Level 2,ChargePoint,350,0.27,2.76,8,4.3,20,0,0.4726,LOW
EVS00905,"8628 São Paulo Ave, São Paulo",AC Level 1,Ionity,350,0.46,9.03,1,4.3,98,1,0.4726,LOW
EVS04557,"6510 São Paulo Ave, São Paulo",AC Level 2,ChargePoint,150,0.49,15.81,6,3.9,86,1,0.4725,LOW
EVS04371,"5683 Random Rd, City 412, Country",DC Fast Charger,EVgo,150,0.45,6.25,9,5.0,96,1,0.4725,LOW
EVS00209,"2207 Sydney Ave, Sydney",AC Level 2,Tesla,350,0.45,19.41,10,4.1,69,1,0.4725,LOW
EVS04851,"9939 Random Rd, City 305, Country",DC Fast Charger,Tesla,50,0.31,4.78,8,3.7,75,1,0.4725,LOW
EVS02160,"4 Bangkok Ave, Bangkok",DC Fast Charger,ChargePoint,350,0.32,15.94,7,3.1,93,1,0.4725,LOW
EVS03565,"6845 Bangkok Ave, Bangkok",AC Level 2,ChargePoint,50,0.33,4.26,7,3.8,16,0,0.4725,LOW
EVS04121,"4052 Random Rd, City 242, Country",AC Level 2,Ionity,150,0.3,7.59,6,3.3,55,0,0.4725,LOW
EVS02781,"1435 Random Rd, City 127, Country",DC Fast Charger,ChargePoint,150,0.28,0.52,4,3.7,63,1,0.4725,LOW
EVS01242,"6275 Chicago Ave, Chicago",DC Fast Charger,EVgo,150,0.48,15.35,8,4.1,64,1,0.4725,LOW
EVS04248,"8621 Bangkok Ave, Bangkok",AC Level 1,Greenlots,350,0.4,5.72,2,4.3,25,0,0.4724,LOW
EVS03837,"1281 Berlin Ave, Berlin",DC Fast Charger,ChargePoint,22,0.42,5.75,8,4.4,18,0,0.4724,LOW
EVS04905,"4577 Dubai Ave, Dubai",AC Level 2,Greenlots,350,0.2,2.75,6,3.5,18,0,0.4724,LOW
EVS02788,"3948 San Francisco Ave, San Francisco",AC Level 2,EVgo,350,0.35,8.37,8,4.3,59,1,0.4724,LOW
EVS03864,"8393 Mexico City Ave, Mexico City",AC Level 2,ChargePoint,150,0.22,3.15,9,3.5,80,1,0.4723,LOW
EVS03125,"7714 Berlin Ave, Berlin",AC Level 2,Greenlots,150,0.24,5.45,9,3.4,33,0,0.4723,LOW
EVS02253,"5890 Berlin Ave, Berlin",DC Fast Charger,Tesla,350,0.3,3.88,2,3.7,47,0,0.4723,LOW
EVS03833,"9631 Beijing Ave, Beijing",AC Level 2,Ionity,350,0.44,19.63,5,3.4,64,1,0.4723,LOW
EVS02832,"6298 Berlin Ave, Berlin",AC Level 2,Tesla,150,0.38,19.12,10,3.1,99,1,0.4723,LOW
EVS04226,"9057 Toronto Ave, Toronto",AC Level 2,ChargePoint,50,0.45,10.77,6,3.9,43,0,0.4723,LOW
EVS02913,"6439 Sydney Ave, Sydney",AC Level 2,ChargePoint,50,0.28,5.04,7,3.3,53,0,0.4722,LOW
EVS00126,"7503 Seoul Ave, Seoul",AC Level 1,Tesla,150,0.47,14.8,10,4.3,45,0,0.4722,LOW
EVS04783,"9780 Moscow Ave, Moscow",DC Fast Charger,ChargePoint,22,0.5,7.92,9,4.9,85,1,0.4722,LOW
EVS03050,"6386 Mexico City Ave, Mexico City",AC Level 2,Tesla,150,0.4,2.98,6,4.6,24,0,0.4722,LOW
EVS00393,"5526 Toronto Ave, Toronto",AC Level 1,Greenlots,150,0.37,16.58,10,3.3,78,1,0.4722,LOW
EVS01152,"6087 Dubai Ave, Dubai",DC Fast Charger,ChargePoint,22,0.43,10.51,6,3.7,79,1,0.4722,LOW
EVS03607,"7413 Sydney Ave, Sydney",AC Level 2,EVgo,350,0.19,4.3,4,3.0,53,0,0.4722,LOW
EVS02110,"2778 Cape Town Ave, Cape Town",DC Fast Charger,EVgo,350,0.38,10.99,6,4.0,55,0,0.4722,LOW
EVS03083,"6495 Seoul Ave, Seoul",DC Fast Charger,ChargePoint,350,0.19,4.28,10,3.7,40,0,0.4722,LOW
EVS01632,"8920 Berlin Ave, Berlin",AC Level 1,ChargePoint,50,0.45,5.21,5,4.4,19,0,0.4721,LOW
EVS02629,"283 Dubai Ave, Dubai",AC Level 2,Ionity,50,0.49,4.19,3,4.6,62,1,0.4721,LOW
EVS02952,"6717 Cape Town Ave, Cape Town",DC Fast Charger,EVgo,350,0.25,4.53,1,3.1,100,1,0.4721,LOW
EVS03635,"6946 Bangkok Ave, Bangkok",DC Fast Charger,ChargePoint,150,0.48,19.18,5,3.3,40,0,0.4721,LOW
EVS03697,"9315 Bangkok Ave, Bangkok",AC Level 2,Ionity,150,0.45,17.77,10,3.8,96,1,0.4721,LOW
EVS00731,"4434 Random Rd, City 403, Country",DC Fast Charger,Ionity,50,0.36,8.39,10,3.9,20,0,0.472,LOW
EVS01752,"5620 Berlin Ave, Berlin",AC Level 1,ChargePoint,350,0.45,19.02,3,3.3,35,0,0.472,LOW
EVS04246,"9296 San Francisco Ave, San Francisco",DC Fast Charger,Tesla,50,0.49,5.3,5,4.7,25,0,0.472,LOW
EVS04763,"6079 Cape Town Ave, Cape Town",DC Fast Charger,ChargePoint,350,0.17,7.06,9,3.1,68,1,0.4719,LOW
EVS02592,"5859 Los Angeles Ave, Los Angeles",DC Fast Charger,Greenlots,22,0.42,2.24,4,4.3,27,0,0.4719,LOW
EVS02962,"1788 Bangkok Ave, Bangkok",AC Level 2,Ionity,50,0.47,5.92,7,4.7,19,0,0.4719,LOW
EVS00999,"9879 Moscow Ave, Moscow",AC Level 1,Greenlots,50,0.4,10.29,10,4.0,83,1,0.4719,LOW
EVS00392,"9605 Beijing Ave, Beijing",AC Level 2,EVgo,22,0.41,5.67,8,4.3,69,1,0.4719,LOW
EVS02539,"2945 São Paulo Ave, São Paulo",AC Level 1,Ionity,350,0.23,9.66,10,3.4,84,1,0.4718,LOW
EVS03879,"236 Cape Town Ave, Cape Town",AC Level 1,Tesla,150,0.4,3.85,7,4.6,51,0,0.4718,LOW
EVS00412,"4559 Sydney Ave, Sydney",DC Fast Charger,Greenlots,22,0.48,15.7,6,3.5,55,0,0.4718,LOW
EVS00976,"3263 São Paulo Ave, São Paulo",DC Fast Charger,Tesla,350,0.34,16.45,9,3.4,35,0,0.4718,LOW
EVS03625,"9431 Mumbai Ave, Mumbai",DC Fast Charger,Tesla,150,0.46,6.47,8,4.9,88,1,0.4718,LOW
EVS04952,"8604 San Francisco Ave, San Francisco",DC Fast Charger,EVgo,50,0.27,0.84,9,3.9,21,0,0.4718,LOW
EVS04831,"4794 Random Rd, City 129, Country",AC Level 2,EVgo,22,0.49,13.88,1,3.2,92,1,0.4718,LOW
EVS01796,"7848 Bangkok Ave, Bangkok",AC Level 2,Ionity,350,0.47,14.98,9,4.6,13,0,0.4718,LOW
EVS04478,"883 Sydney Ave, Sydney",AC Level 1,Tesla,22,0.44,8.04,10,4.5,73,1,0.4718,LOW
EVS03328,"9158 Dubai Ave, Dubai",AC Level 2,Greenlots,22,0.49,10.87,5,4.0,93,1,0.4717,LOW
EVS00125,"5550 Sydney Ave, Sydney",DC Fast Charger,Tesla,50,0.48,14.6,1,3.1,33,0,0.4717,LOW
EVS03403,"2254 Cape Town Ave, Cape Town",AC Level 2,EVgo,150,0.36,1.38,10,4.9,87,1,0.4717,LOW
EVS04395,"390 Bangkok Ave, Bangkok",AC Level 1,Greenlots,50,0.48,11.15,8,4.3,29,0,0.4717,LOW
EVS01775,"3385 São Paulo Ave, São Paulo",AC Level 1,ChargePoint,50,0.43,11.3,9,4.0,50,0,0.4717,LOW
EVS00522,"2191 Cape Town Ave, Cape Town",AC Level 2,Greenlots,50,0.43,5.79,8,4.5,99,1,0.4717,LOW
EVS00384,"3599 Sydney Ave, Sydney",AC Level 1,Greenlots,50,0.43,7.58,2,3.6,93,1,0.4717,LOW
EVS04504,"9460 Bangkok Ave, Bangkok",AC Level 1,ChargePoint,22,0.25,0.86,5,3.2,41,0,0.4716,LOW
EVS01237,"3698 Seoul Ave, Seoul",AC Level 2,Ionity,50,0.49,16.58,10,4.0,63,1,0.4716,LOW
EVS04463,"1050 Mumbai Ave, Mumbai",AC Level 2,Ionity,22,0.41,10.47,5,3.4,18,0,0.4716,LOW
EVS03097,"6179 Los Angeles Ave, Los Angeles",AC Level 2,ChargePoint,22,0.41,8.51,10,4.2,14,0,0.4716,LOW
EVS04528,"3322 São Paulo Ave, São Paulo",AC Level 2,ChargePoint,150,0.35,8.8,5,3.4,32,0,0.4716,LOW
EVS03329,"2332 Sydney Ave, Sydney",AC Level 2,Ionity,350,0.44,14.2,1,3.5,31,0,0.4715,LOW
EVS03483,"5094 São Paulo Ave, São Paulo",AC Level 1,Ionity,350,0.25,3.91,5,3.6,30,0,0.4714,LOW
EVS01873,"5152 Chicago Ave, Chicago",AC Level 2,Greenlots,22,0.44,10.14,1,3.2,68,1,0.4714,LOW
EVS00970,"2780 Bangkok Ave, Bangkok",AC Level 2,EVgo,150,0.31,13.72,10,3.1,95,1,0.4714,LOW
EVS03992,"4473 Berlin Ave, Berlin",AC Level 1,ChargePoint,350,0.37,9.02,6,4.1,12,0,0.4714,LOW
EVS04800,"6079 Berlin Ave, Berlin",DC Fast Charger,ChargePoint,350,0.29,7.17,8,3.9,54,0,0.4714,LOW
EVS02462,"5805 San Francisco Ave, San Francisco",AC Level 2,ChargePoint,350,0.47,15.38,7,4.3,87,1,0.4714,LOW
EVS03658,"724 Dubai Ave, Dubai",AC Level 2,Greenlots,50,0.41,1.68,9,4.9,39,0,0.4714,LOW
EVS01738,"6988 Mexico City Ave, Mexico City",DC Fast Charger,Greenlots,350,0.28,4.81,9,4.2,26,0,0.4714,LOW
EVS03268,"7835 San Francisco Ave, San Francisco",DC Fast Charger,EVgo,150,0.45,8.96,7,4.4,16,0,0.4713,LOW
EVS02951,"5546 Random Rd, City 129, Country",AC Level 1,ChargePoint,150,0.36,4.49,2,3.6,10,0,0.4713,LOW
EVS03911,"7803 Random Rd, City 326, Country",AC Level 1,EVgo,50,0.5,6.15,8,5.0,93,1,0.4713,LOW
EVS02716,"3909 Chicago Ave, Chicago",AC Level 1,Ionity,22,0.47,1.67,2,4.5,96,1,0.4713,LOW
EVS01610,"4393 Mumbai Ave, Mumbai",AC Level 1,ChargePoint,150,0.27,3.86,5,3.3,53,0,0.4713,LOW
EVS04192,"4574 Los Angeles Ave, Los Angeles",AC Level 1,EVgo,22,0.44,6.19,5,4.1,60,1,0.4713,LOW
EVS04553,"4171 Chicago Ave, Chicago",DC Fast Charger,ChargePoint,50,0.45,14.3,9,3.8,45,0,0.4713,LOW
EVS00582,"538 Toronto Ave, Toronto",AC Level 1,EVgo,50,0.25,4.22,7,3.1,46,0,0.4713,LOW
EVS04384,"3847 Sydney Ave, Sydney",DC Fast Charger,Tesla,22,0.28,4.14,8,3.4,28,0,0.4713,LOW
EVS02104,"7189 Cape Town Ave, Cape Town",AC Level 1,Tesla,150,0.37,9.02,4,3.4,10,0,0.4712,LOW
EVS01169,"158 Beijing Ave, Beijing",AC Level 2,Ionity,50,0.44,1.68,7,4.9,31,0,0.4712,LOW
EVS04660,"2320 Beijing Ave, Beijing",AC Level 2,Greenlots,150,0.27,1.43,7,3.8,43,0,0.4712,LOW
EVS03780,"4667 Beijing Ave, Beijing",AC Level 1,Greenlots,350,0.23,4.88,10,3.9,70,1,0.4712,LOW
EVS04104,"1224 Cape Town Ave, Cape Town",AC Level 2,Ionity,350,0.38,12.47,1,3.2,71,1,0.4712,LOW
EVS03674,"6972 Sydney Ave, Sydney",AC Level 2,Greenlots,150,0.36,1.08,10,4.9,84,1,0.4711,LOW
EVS04254,"7975 Berlin Ave, Berlin",DC Fast Charger,Greenlots,150,0.28,3.86,7,3.6,97,1,0.4711,LOW
EVS00969,"5334 Toronto Ave, Toronto",DC Fast Charger,Ionity,22,0.42,0.96,4,4.4,31,0,0.4711,LOW
EVS02231,"638 Random Rd, City 93, Country",AC Level 1,ChargePoint,150,0.48,18.27,2,3.0,79,1,0.4711,LOW
EVS02319,"3743 Beijing Ave, Beijing",DC Fast Charger,ChargePoint,22,0.43,6.72,2,3.6,40,0,0.4711,LOW
EVS04984,"8914 Sydney Ave, Sydney",DC Fast Charger,ChargePoint,150,0.35,2.15,4,4.0,18,0,0.4711,LOW
EVS04929,"284 Sydney Ave, Sydney",AC Level 1,EVgo,150,0.4,2.43,6,4.6,91,1,0.471,LOW
EVS02547,"392 Beijing Ave, Beijing",AC Level 1,Tesla,22,0.39,10.8,7,3.4,15,0,0.471,LOW
EVS01952,"4381 Mumbai Ave, Mumbai",DC Fast Charger,ChargePoint,150,0.39,3.9,9,4.7,82,1,0.471,LOW
EVS02163,"9800 Mumbai Ave, Mumbai",DC Fast Charger,Ionity,350,0.4,15.24,5,3.5,43,0,0.4709,LOW
EVS04257,"3193 Dubai Ave, Dubai",AC Level 1,EVgo,22,0.44,4.23,5,4.3,60,1,0.4709,LOW
EVS04051,"1640 Random Rd, City 306, Country",AC Level 1,Ionity,22,0.38,4.85,8,4.1,63,1,0.4709,LOW
EVS01045,"4307 Beijing Ave, Beijing",AC Level 2,Greenlots,22,0.32,8.31,6,3.0,61,1,0.4709,LOW
EVS04149,"2087 Chicago Ave, Chicago",AC Level 1,Greenlots,150,0.45,13.65,4,3.5,95,1,0.4709,LOW
EVS01799,"516 Berlin Ave, Berlin",AC Level 2,Tesla,50,0.32,5.9,4,3.1,47,0,0.4709,LOW
EVS02780,"3791 San Francisco Ave, San Francisco",AC Level 2,Ionity,50,0.47,18.05,8,3.4,14,0,0.4708,LOW
EVS01822,"6857 Mexico City Ave, Mexico City",AC Level 1,Greenlots,350,0.39,4.98,1,4.1,88,1,0.4708,LOW
EVS02799,"8424 Beijing Ave, Beijing",AC Level 2,Tesla,50,0.44,9.96,4,3.6,23,0,0.4708,LOW
EVS02406,"1699 Chicago Ave, Chicago",AC Level 1,EVgo,150,0.26,5.12,8,3.4,96,1,0.4708,LOW
EVS04657,"1680 Beijing Ave, Beijing",AC Level 2,Tesla,350,0.48,16.42,5,4.0,77,1,0.4708,LOW
EVS02915,"8114 Mumbai Ave, Mumbai",DC Fast Charger,Greenlots,22,0.43,7.02,5,3.9,62,1,0.4708,LOW
EVS04640,"4573 San Francisco Ave, San Francisco",AC Level 1,Tesla,150,0.38,9.79,6,3.6,54,0,0.4708,LOW
EVS00791,"9478 Random Rd, City 114, Country",AC Level 2,Ionity,50,0.48,1.64,1,4.5,65,1,0.4707,LOW
EVS02506,"1066 Berlin Ave, Berlin",DC Fast Charger,EVgo,150,0.41,8.78,3,3.6,49,0,0.4707,LOW
EVS02327,"9585 Beijing Ave, Beijing",DC Fast Charger,Tesla,22,0.47,5.94,9,4.8,44,0,0.4707,LOW
EVS02562,"2983 San Francisco Ave, San Francisco",AC Level 1,EVgo,50,0.3,3.34,3,3.1,54,0,0.4707,LOW
EVS00678,"870 Sydney Ave, Sydney",AC Level 2,EVgo,150,0.37,3.79,7,4.3,74,1,0.4706,LOW
EVS02429,"2608 Berlin Ave, Berlin",AC Level 1,Tesla,150,0.24,3.14,5,3.1,93,1,0.4706,LOW
EVS00827,"9255 Bangkok Ave, Bangkok",AC Level 1,Greenlots,50,0.47,2.02,3,4.6,59,1,0.4706,LOW
EVS04087,"4065 Cape Town Ave, Cape Town",DC Fast Charger,EVgo,150,0.44,15.44,10,3.9,32,0,0.4706,LOW
EVS00995,"5328 Los Angeles Ave, Los Angeles",DC Fast Charger,ChargePoint,150,0.35,9.48,7,3.5,33,0,0.4705,LOW
EVS04205,"3293 Mexico City Ave, Mexico City",AC Level 1,Greenlots,350,0.15,3.33,10,3.4,47,0,0.4705,LOW
EVS04725,"2700 Beijing Ave, Beijing",AC Level 1,EVgo,50,0.24,1.96,5,3.0,90,1,0.4705,LOW
EVS02558,"8630 Bangkok Ave, Bangkok",DC Fast Charger,Ionity,50,0.39,12.77,6,3.1,15,0,0.4705,LOW
EVS02247,"9186 Chicago Ave, Chicago",DC Fast Charger,Ionity,350,0.43,13.88,7,4.1,58,1,0.4705,LOW
EVS03043,"4963 Cape Town Ave, Cape Town",DC Fast Charger,Greenlots,22,0.5,12.16,1,3.4,43,0,0.4704,LOW
EVS00965,"6409 Mexico City Ave, Mexico City",DC Fast Charger,Greenlots,350,0.24,1.36,8,4.1,58,1,0.4704,LOW
EVS02134,"6213 Sydney Ave, Sydney",AC Level 2,ChargePoint,150,0.4,3.47,3,4.1,86,1,0.4704,LOW
EVS01973,"3195 Seoul Ave, Seoul",AC Level 1,EVgo,350,0.38,6.12,9,4.8,90,1,0.4704,LOW
EVS04527,"53 Moscow Ave, Moscow",DC Fast Charger,EVgo,50,0.37,2.98,4,3.8,80,1,0.4704,LOW
EVS00623,"386 Bangkok Ave, Bangkok",AC Level 2,EVgo,50,0.48,2.35,1,4.4,17,0,0.4704,LOW
EVS00070,"436 Los Angeles Ave, Los Angeles",DC Fast Charger,ChargePoint,150,0.41,8.75,10,4.4,31,0,0.4704,LOW
EVS02545,"7773 Sydney Ave, Sydney",DC Fast Charger,Tesla,150,0.49,8.95,9,4.9,59,1,0.4704,LOW
EVS03391,"9943 Random Rd, City 489, Country",DC Fast Charger,ChargePoint,50,0.35,5.72,2,3.1,61,1,0.4704,LOW
EVS04545,"273 San Francisco Ave, San Francisco",DC Fast Charger,Tesla,350,0.38,11.16,1,3.3,43,0,0.4703,LOW
EVS00758,"603 Cape Town Ave, Cape Town",AC Level 2,ChargePoint,50,0.33,2.63,3,3.4,39,0,0.4703,LOW
EVS00195,"8558 Toronto Ave, Toronto",DC Fast Charger,EVgo,150,0.48,11.94,4,3.9,95,1,0.4703,LOW
EVS03454,"1610 Seoul Ave, Seoul",AC Level 1,Greenlots,150,0.49,9.52,7,4.6,85,1,0.4703,LOW
EVS01467,"3395 Mexico City Ave, Mexico City",DC Fast Charger,Tesla,350,0.42,16.8,8,3.8,68,1,0.4703,LOW
EVS04078,"9068 Toronto Ave, Toronto",DC Fast Charger,Ionity,22,0.42,4.86,9,4.5,43,0,0.4703,LOW
EVS00733,"5244 Seoul Ave, Seoul",AC Level 1,ChargePoint,50,0.4,4.15,10,4.6,72,1,0.4703,LOW
EVS00523,"9412 Mumbai Ave, Mumbai",AC Level 1,EVgo,150,0.44,17.65,8,3.4,11,0,0.4702,LOW
EVS01163,"3563 Seoul Ave, Seoul",AC Level 1,EVgo,50,0.4,7.22,1,3.2,34,0,0.4701,LOW
EVS02113,"4295 Beijing Ave, Beijing",AC Level 2,Tesla,50,0.34,3.07,8,4.0,32,0,0.4701,LOW
EVS01672,"3952 São Paulo Ave, São Paulo",DC Fast Charger,Ionity,350,0.34,1.95,1,4.0,11,0,0.4701,LOW
EVS04209,"7235 Bangkok Ave, Bangkok",DC Fast Charger,Greenlots,350,0.44,16.34,2,3.3,68,1,0.47,LOW
EVS02897,"5215 Sydney Ave, Sydney",DC Fast Charger,Ionity,50,0.45,14.29,7,3.5,31,0,0.47,LOW
EVS04076,"7532 Chicago Ave, Chicago",DC Fast Charger,ChargePoint,22,0.49,12.25,8,4.1,36,0,0.47,LOW
EVS01061,"3589 Random Rd, City 87, Country",AC Level 2,Greenlots,50,0.44,8.21,7,4.1,86,1,0.47,LOW
EVS03844,"5509 Beijing Ave, Beijing",DC Fast Charger,Ionity,350,0.42,12.35,3,3.7,21,0,0.47,LOW
EVS01089,"1561 Los Angeles Ave, Los Angeles",AC Level 1,ChargePoint,22,0.37,5.61,9,4.0,50,0,0.47,LOW
EVS04102,"4777 Sydney Ave, Sydney",DC Fast Charger,Greenlots,350,0.13,5.18,10,3.0,44,0,0.4699,LOW
EVS04965,"4605 Cape Town Ave, Cape Town",AC Level 2,Greenlots,150,0.29,6.83,8,3.4,91,1,0.4699,LOW
EVS04010,"835 Mexico City Ave, Mexico City",AC Level 2,Greenlots,50,0.43,2.41,9,4.9,48,0,0.4699,LOW
EVS04683,"9018 Bangkok Ave, Bangkok",DC Fast Charger,Greenlots,150,0.4,3.96,8,4.6,35,0,0.4699,LOW
EVS02361,"7418 Random Rd, City 4, Country",AC Level 1,Greenlots,350,0.46,5.21,2,4.7,62,1,0.4699,LOW
EVS00931,"274 Random Rd, City 287, Country",AC Level 1,ChargePoint,50,0.34,2.85,1,3.2,99,1,0.4699,LOW
EVS01477,"2139 Los Angeles Ave, Los Angeles",DC Fast Charger,ChargePoint,350,0.49,18.47,5,3.8,32,0,0.4699,LOW
EVS02227,"886 Seoul Ave, Seoul",DC Fast Charger,Ionity,350,0.31,15.0,8,3.1,20,0,0.4699,LOW
EVS00540,"334 Los Angeles Ave, Los Angeles",AC Level 1,ChargePoint,50,0.27,5.38,10,3.4,76,1,0.4698,LOW
EVS00371,"1968 Random Rd, City 203, Country",DC Fast Charger,ChargePoint,50,0.41,14.9,7,3.1,90,1,0.4698,LOW
EVS01821,"3480 Random Rd, City 5, Country",DC Fast Charger,Greenlots,350,0.27,9.14,6,3.2,14,0,0.4698,LOW
EVS00021,"6470 Random Rd, City 207, Country",DC Fast Charger,Ionity,150,0.3,10.43,10,3.3,43,0,0.4697,LOW
EVS04060,"5261 Mexico City Ave, Mexico City",AC Level 1,Ionity,22,0.49,6.77,8,4.7,17,0,0.4697,LOW
EVS04074,"5155 Mexico City Ave, Mexico City",DC Fast Charger,EVgo,350,0.44,10.06,9,4.8,74,1,0.4697,LOW
EVS02026,"23 Chicago Ave, Chicago",DC Fast Charger,EVgo,350,0.45,6.61,5,4.8,15,0,0.4697,LOW
EVS00041,"1309 Random Rd, City 47, Country",AC Level 1,EVgo,350,0.44,2.03,3,5.0,20,0,0.4697,LOW
EVS01319,"6533 São Paulo Ave, São Paulo",DC Fast Charger,EVgo,50,0.26,3.25,7,3.2,96,1,0.4696,LOW
EVS02773,"616 São Paulo Ave, São Paulo",DC Fast Charger,ChargePoint,50,0.3,1.34,5,3.5,57,1,0.4696,LOW
EVS04119,"3289 Sydney Ave, Sydney",AC Level 2,ChargePoint,150,0.38,3.44,3,3.9,47,0,0.4696,LOW
EVS01200,"3770 Chicago Ave, Chicago",AC Level 1,Greenlots,50,0.43,9.54,10,4.2,27,0,0.4696,LOW
EVS01215,"8725 Chicago Ave, Chicago",DC Fast Charger,EVgo,50,0.26,2.19,6,3.2,60,1,0.4696,LOW
EVS03315,"8141 Chicago Ave, Chicago",AC Level 2,Greenlots,50,0.21,3.52,9,3.0,64,1,0.4696,LOW
EVS03925,"9599 São Paulo Ave, São Paulo",DC Fast Charger,Ionity,350,0.41,8.59,8,4.6,59,1,0.4695,LOW
EVS03142,"7613 Berlin Ave, Berlin",DC Fast Charger,ChargePoint,350,0.42,7.5,8,4.8,77,1,0.4695,LOW
EVS01414,"512 San Francisco Ave, San Francisco",DC Fast Charger,Ionity,22,0.39,5.15,10,4.3,96,1,0.4694,LOW
EVS01623,"547 Mumbai Ave, Mumbai",AC Level 1,Tesla,150,0.38,0.53,2,4.1,55,0,0.4694,LOW
EVS04833,"9265 Seoul Ave, Seoul",AC Level 2,ChargePoint,150,0.44,13.72,2,3.1,91,1,0.4694,LOW
EVS00786,"460 Seoul Ave, Seoul",AC Level 2,EVgo,22,0.43,4.71,6,4.2,14,0,0.4694,LOW
EVS03966,"8443 Seoul Ave, Seoul",DC Fast Charger,Tesla,50,0.36,2.37,8,4.2,11,0,0.4694,LOW
EVS02886,"1597 Toronto Ave, Toronto",AC Level 1,ChargePoint,350,0.37,8.78,5,3.9,56,0,0.4693,LOW
EVS00353,"6672 Cape Town Ave, Cape Town",AC Level 1,Ionity,50,0.42,12.27,10,3.8,89,1,0.4693,LOW
EVS04863,"8532 Seoul Ave, Seoul",AC Level 2,ChargePoint,350,0.39,18.8,9,3.4,86,1,0.4693,LOW
EVS00900,"1556 Mumbai Ave, Mumbai",AC Level 1,ChargePoint,22,0.38,0.67,3,3.9,62,1,0.4693,LOW
EVS00881,"2943 Random Rd, City 27, Country",DC Fast Charger,Ionity,50,0.29,4.03,5,3.1,75,1,0.4693,LOW
EVS02495,"5027 Mexico City Ave, Mexico City",AC Level 2,Tesla,350,0.26,4.92,2,3.1,15,0,0.4692,LOW
EVS01121,"7884 Random Rd, City 50, Country",DC Fast Charger,Ionity,350,0.14,4.67,10,3.1,81,1,0.4692,LOW
EVS01720,"9690 Mexico City Ave, Mexico City",AC Level 1,Ionity,350,0.42,14.82,4,3.5,72,1,0.4692,LOW
EVS04460,"1713 Beijing Ave, Beijing",AC Level 1,EVgo,150,0.45,19.83,9,3.3,63,1,0.4692,LOW
EVS03318,"6736 Mumbai Ave, Mumbai",AC Level 2,EVgo,22,0.38,2.71,5,3.9,36,0,0.4692,LOW
EVS03345,"539 Beijing Ave, Beijing",AC Level 2,EVgo,50,0.5,4.39,3,4.5,75,1,0.4692,LOW
EVS00463,"3091 Chicago Ave, Chicago",AC Level 2,Ionity,50,0.39,0.84,2,3.9,55,0,0.4691,LOW
EVS02720,"4531 Seoul Ave, Seoul",AC Level 2,Ionity,50,0.29,2.32,6,3.4,94,1,0.4691,LOW
EVS04353,"5357 Berlin Ave, Berlin",AC Level 1,Tesla,350,0.38,14.58,4,3.2,26,0,0.4691,LOW
EVS01450,"6328 Mumbai Ave, Mumbai",AC Level 2,Tesla,350,0.27,3.01,9,4.2,29,0,0.4691,LOW
EVS03037,"7739 Moscow Ave, Moscow",AC Level 2,Greenlots,22,0.33,1.6,10,4.2,28,0,0.4691,LOW
EVS04546,"6494 Mexico City Ave, Mexico City",AC Level 2,Ionity,22,0.29,7.37,8,3.0,25,0,0.4691,LOW
EVS03116,"7837 Mumbai Ave, Mumbai",AC Level 1,Ionity,50,0.43,5.28,7,4.3,15,0,0.4691,LOW
EVS03471,"7659 Random Rd, City 428, Country",DC Fast Charger,ChargePoint,350,0.3,6.18,4,3.5,75,1,0.469,LOW
EVS02491,"532 Random Rd, City 82, Country",AC Level 2,Greenlots,350,0.33,7.7,6,3.8,33,0,0.469,LOW
EVS04848,"1058 Los Angeles Ave, Los Angeles",AC Level 1,Greenlots,150,0.3,3.83,4,3.3,74,1,0.469,LOW
EVS01882,"265 Bangkok Ave, Bangkok",AC Level 1,Tesla,150,0.38,15.31,7,3.0,32,0,0.469,LOW
EVS00563,"4196 Toronto Ave, Toronto",AC Level 1,ChargePoint,150,0.49,5.46,2,4.4,67,1,0.4689,LOW
EVS02870,"4564 Mexico City Ave, Mexico City",AC Level 1,Greenlots,350,0.38,8.1,3,3.8,21,0,0.4689,LOW
EVS02492,"910 Berlin Ave, Berlin",AC Level 1,EVgo,50,0.3,6.0,9,3.4,27,0,0.4688,LOW
EVS00738,"7735 Seoul Ave, Seoul",AC Level 2,Ionity,22,0.42,7.0,4,3.6,54,0,0.4688,LOW
EVS00232,"3472 Chicago Ave, Chicago",DC Fast Charger,EVgo,50,0.38,8.58,6,3.4,41,0,0.4688,LOW
EVS03355,"597 Seoul Ave, Seoul",AC Level 2,EVgo,350,0.46,16.27,2,3.4,60,1,0.4688,LOW
EVS01355,"6727 Beijing Ave, Beijing",AC Level 1,Ionity,50,0.47,13.63,9,3.9,99,1,0.4688,LOW
EVS03095,"1454 Moscow Ave, Moscow",AC Level 1,Tesla,350,0.36,6.29,7,4.3,34,0,0.4688,LOW
EVS03867,"2921 Seoul Ave, Seoul",DC Fast Charger,EVgo,150,0.34,4.03,5,3.7,75,1,0.4687,LOW
EVS04240,"8768 Cape Town Ave, Cape Town",DC Fast Charger,EVgo,150,0.36,1.29,1,3.7,13,0,0.4687,LOW
EVS03026,"7958 Cape Town Ave, Cape Town",AC Level 1,EVgo,22,0.3,6.11,8,3.2,18,0,0.4687,LOW
EVS02089,"4760 Toronto Ave, Toronto",DC Fast Charger,Ionity,50,0.41,3.67,7,4.3,92,1,0.4687,LOW
EVS03274,"4262 São Paulo Ave, São Paulo",DC Fast Charger,Ionity,150,0.47,11.17,9,4.4,45,0,0.4687,LOW
EVS04600,"8523 São Paulo Ave, São Paulo",AC Level 2,Tesla,350,0.45,16.51,9,4.1,58,1,0.4686,LOW
EVS04810,"8003 Bangkok Ave, Bangkok",AC Level 2,Ionity,150,0.44,6.05,7,4.5,93,1,0.4686,LOW
EVS00867,"8449 Sydney Ave, Sydney",DC Fast Charger,EVgo,50,0.43,3.73,4,4.1,75,1,0.4686,LOW
EVS03398,"7790 Mexico City Ave, Mexico City",AC Level 2,EVgo,350,0.33,10.45,8,3.7,12,0,0.4686,LOW
EVS00051,"7905 Random Rd, City 102, Country",AC Level 1,EVgo,50,0.45,2.29,9,5.0,75,1,0.4686,LOW
EVS02272,"161 Moscow Ave, Moscow",DC Fast Charger,Tesla,50,0.41,15.35,8,3.1,74,1,0.4686,LOW
EVS03892,"4020 San Francisco Ave, San Francisco",DC Fast Charger,Ionity,150,0.42,8.31,2,3.5,82,1,0.4685,LOW
EVS00686,"9567 Cape Town Ave, Cape Town",AC Level 2,EVgo,50,0.45,18.33,9,3.2,81,1,0.4685,LOW
EVS01820,"3256 Chicago Ave, Chicago",DC Fast Charger,Tesla,350,0.43,18.74,4,3.1,49,0,0.4685,LOW
EVS00438,"8869 Seoul Ave, Seoul",AC Level 2,Greenlots,22,0.49,2.47,1,4.3,97,1,0.4685,LOW
EVS04572,"3569 Los Angeles Ave, Los Angeles",DC Fast Charger,EVgo,22,0.46,11.44,10,4.1,26,0,0.4684,LOW
EVS04374,"7968 Mexico City Ave, Mexico City",AC Level 2,ChargePoint,22,0.33,2.33,5,3.5,45,0,0.4684,LOW
EVS04349,"8148 Moscow Ave, Moscow",DC Fast Charger,Greenlots,50,0.47,3.5,8,4.9,96,1,0.4684,LOW
EVS01865,"45 Moscow Ave, Moscow",AC Level 2,Tesla,350,0.29,10.2,8,3.4,14,0,0.4684,LOW
EVS02721,"5547 Random Rd, City 103, Country",AC Level 2,Greenlots,50,0.36,6.38,2,3.0,30,0,0.4684,LOW
EVS04306,"408 Los Angeles Ave, Los Angeles",DC Fast Charger,Tesla,350,0.25,1.86,1,3.2,26,0,0.4684,LOW
EVS04969,"791 Beijing Ave, Beijing",DC Fast Charger,Tesla,350,0.35,9.12,2,3.3,83,1,0.4684,LOW
EVS00741,"3219 Random Rd, City 257, Country",AC Level 1,Greenlots,350,0.35,6.71,10,4.5,14,0,0.4683,LOW
EVS00064,"5576 Toronto Ave, Toronto",AC Level 2,Ionity,22,0.36,5.16,4,3.3,31,0,0.4683,LOW
EVS01941,"4330 Random Rd, City 43, Country",AC Level 2,Tesla,350,0.44,13.55,7,4.1,13,0,0.4683,LOW
EVS01371,"8714 Random Rd, City 267, Country",AC Level 1,Tesla,22,0.35,8.59,8,3.3,18,0,0.4683,LOW
EVS04735,"3982 Beijing Ave, Beijing",AC Level 1,Ionity,22,0.36,6.93,4,3.1,82,1,0.4683,LOW
EVS00023,"1194 Cape Town Ave, Cape Town",AC Level 2,Greenlots,350,0.43,15.05,10,4.2,14,0,0.4683,LOW
EVS04652,"2979 Beijing Ave, Beijing",AC Level 2,ChargePoint,50,0.34,4.58,6,3.5,67,1,0.4683,LOW
EVS00464,"1557 Chicago Ave, Chicago",DC Fast Charger,Tesla,22,0.47,19.8,8,3.0,70,1,0.4683,LOW
EVS02937,"20 Bangkok Ave, Bangkok",AC Level 2,EVgo,150,0.25,2.57,10,3.7,11,0,0.4682,LOW
EVS01609,"5601 Dubai Ave, Dubai",AC Level 1,Greenlots,150,0.49,12.1,1,3.5,22,0,0.4682,LOW
EVS01699,"3245 Bangkok Ave, Bangkok",DC Fast Charger,Tesla,50,0.42,4.9,6,4.1,17,0,0.4682,LOW
EVS00529,"3715 Seoul Ave, Seoul",AC Level 2,Ionity,50,0.36,10.87,9,3.3,34,0,0.4682,LOW
EVS02510,"8451 Seoul Ave, Seoul",DC Fast Charger,EVgo,150,0.36,1.32,9,4.6,88,1,0.4682,LOW
EVS04141,"4904 Random Rd, City 184, Country",AC Level 2,ChargePoint,22,0.46,16.66,10,3.5,94,1,0.4682,LOW
EVS00495,"8262 Mumbai Ave, Mumbai",AC Level 2,Ionity,22,0.29,8.11,10,3.1,94,1,0.4682,LOW
EVS01500,"5706 Bangkok Ave, Bangkok",AC Level 2,Tesla,350,0.33,18.56,10,3.0,32,0,0.4681,LOW
EVS02758,"2456 Seoul Ave, Seoul",DC Fast Charger,Greenlots,22,0.48,1.57,7,5.0,75,1,0.4681,LOW
EVS00920,"5443 Toronto Ave, Toronto",DC Fast Charger,ChargePoint,150,0.3,9.21,7,3.0,57,1,0.4681,LOW
EVS01697,"2684 Mumbai Ave, Mumbai",AC Level 1,Tesla,150,0.31,1.16,2,3.4,21,0,0.4681,LOW
EVS01566,"7060 Mexico City Ave, Mexico City",DC Fast Charger,Greenlots,150,0.31,3.98,3,3.2,84,1,0.4681,LOW
EVS01142,"8130 Beijing Ave, Beijing",AC Level 2,EVgo,22,0.47,3.51,7,4.7,84,1,0.4681,LOW
EVS01724,"4316 Mumbai Ave, Mumbai",AC Level 2,ChargePoint,350,0.26,8.19,10,3.6,36,0,0.4681,LOW
EVS03790,"7836 Mexico City Ave, Mexico City",DC Fast Charger,Greenlots,150,0.43,0.75,2,4.4,34,0,0.468,LOW
EVS01662,"2360 Cape Town Ave, Cape Town",AC Level 1,Greenlots,22,0.38,6.13,8,3.8,18,0,0.468,LOW
EVS02418,"7210 Chicago Ave, Chicago",AC Level 2,Ionity,50,0.27,3.32,8,3.3,82,1,0.468,LOW
EVS00395,"8984 São Paulo Ave, São Paulo",AC Level 2,EVgo,50,0.36,5.14,1,3.0,25,0,0.468,LOW
EVS00033,"5423 São Paulo Ave, São Paulo",DC Fast Charger,Tesla,350,0.46,18.39,7,3.7,97,1,0.468,LOW
EVS03337,"923 Dubai Ave, Dubai",AC Level 2,Greenlots,350,0.45,0.74,1,4.9,80,1,0.468,LOW
EVS04036,"3607 Bangkok Ave, Bangkok",DC Fast Charger,EVgo,22,0.48,6.4,4,4.1,30,0,0.4679,LOW
EVS03061,"8182 Random Rd, City 366, Country",AC Level 1,Tesla,150,0.45,9.36,9,4.4,43,0,0.4679,LOW
EVS01703,"2419 São Paulo Ave, São Paulo",AC Level 1,Greenlots,22,0.36,0.78,6,4.0,13,0,0.4679,LOW
EVS02879,"366 Bangkok Ave, Bangkok",DC Fast Charger,ChargePoint,350,0.47,14.88,9,4.4,43,0,0.4679,LOW
EVS02482,"2664 Berlin Ave, Berlin",DC Fast Charger,EVgo,22,0.42,4.72,10,4.5,31,0,0.4678,LOW
EVS04869,"5695 Los Angeles Ave, Los Angeles",AC Level 1,Greenlots,22,0.22,3.85,10,3.0,54,0,0.4678,LOW
EVS03155,"2555 Sydney Ave, Sydney",DC Fast Charger,Ionity,50,0.44,11.92,9,3.8,43,0,0.4678,LOW
EVS03079,"9084 San Francisco Ave, San Francisco",DC Fast Charger,ChargePoint,350,0.49,17.77,7,4.0,59,1,0.4678,LOW
EVS03555,"5618 Toronto Ave, Toronto",DC Fast Charger,Greenlots,22,0.25,2.27,9,3.3,73,1,0.4678,LOW
EVS04886,"259 Los Angeles Ave, Los Angeles",AC Level 1,ChargePoint,22,0.38,1.59,2,3.6,32,0,0.4678,LOW
EVS00121,"950 Random Rd, City 136, Country",DC Fast Charger,Tesla,150,0.4,6.67,3,3.6,92,1,0.4678,LOW
EVS01526,"371 Cape Town Ave, Cape Town",DC Fast Charger,Greenlots,150,0.5,12.75,2,3.6,88,1,0.4678,LOW
EVS04030,"3525 Toronto Ave, Toronto",DC Fast Charger,Greenlots,350,0.33,15.56,9,3.2,56,0,0.4678,LOW
EVS00018,"4733 San Francisco Ave, San Francisco",AC Level 1,ChargePoint,150,0.44,2.05,7,4.9,60,1,0.4677,LOW
EVS02961,"7213 Random Rd, City 346, Country",AC Level 2,ChargePoint,50,0.4,2.65,2,3.7,76,1,0.4677,LOW
EVS04480,"5696 San Francisco Ave, San Francisco",DC Fast Charger,Greenlots,150,0.49,15.26,6,3.7,38,0,0.4677,LOW
EVS01728,"9596 Mumbai Ave, Mumbai",DC Fast Charger,Tesla,350,0.22,2.94,7,3.5,52,0,0.4677,LOW
EVS01733,"9724 San Francisco Ave, San Francisco",AC Level 1,EVgo,350,0.29,4.21,6,3.8,98,1,0.4677,LOW
EVS04852,"4382 Chicago Ave, Chicago",AC Level 2,Tesla,350,0.31,11.42,9,3.5,21,0,0.4677,LOW
EVS02949,"9759 Mexico City Ave, Mexico City",AC Level 1,Tesla,350,0.42,13.88,9,4.1,40,0,0.4676,LOW
EVS00151,"9467 Random Rd, City 394, Country",AC Level 2,Ionity,50,0.5,19.37,7,3.2,22,0,0.4676,LOW
EVS01356,"2164 Toronto Ave, Toronto",AC Level 1,Tesla,350,0.29,10.1,10,3.6,37,0,0.4676,LOW
EVS00955,"8680 Toronto Ave, Toronto",AC Level 1,Tesla,150,0.31,3.42,7,3.7,65,1,0.4676,LOW
EVS00190,"5090 Bangkok Ave, Bangkok",AC Level 1,Greenlots,350,0.44,19.45,7,3.4,79,1,0.4676,LOW
EVS04836,"3254 Dubai Ave, Dubai",DC Fast Charger,Greenlots,150,0.45,12.35,6,3.7,83,1,0.4676,LOW
EVS03114,"2676 São Paulo Ave, São Paulo",DC Fast Charger,Ionity,22,0.46,8.33,10,4.4,54,0,0.4675,LOW
EVS03399,"8347 Dubai Ave, Dubai",AC Level 1,EVgo,350,0.38,12.04,4,3.4,58,1,0.4675,LOW
EVS00754,"1258 San Francisco Ave, San Francisco",DC Fast Charger,ChargePoint,50,0.33,4.97,10,3.8,57,1,0.4675,LOW
EVS02315,"4299 Mexico City Ave, Mexico City",AC Level 1,Greenlots,350,0.24,5.89,6,3.2,65,1,0.4675,LOW
EVS02919,"2714 Bangkok Ave, Bangkok",AC Level 2,Ionity,350,0.19,8.23,10,3.0,42,0,0.4674,LOW
EVS04293,"7253 San Francisco Ave, San Francisco",DC Fast Charger,Greenlots,350,0.39,5.4,3,4.1,90,1,0.4674,LOW
EVS02601,"1167 Random Rd, City 328, Country",AC Level 1,Ionity,22,0.42,0.52,1,3.9,66,1,0.4674,LOW
EVS03545,"4779 Chicago Ave, Chicago",AC Level 2,Ionity,350,0.27,13.03,10,3.1,55,0,0.4674,LOW
EVS03343,"9996 Mumbai Ave, Mumbai",AC Level 1,Ionity,350,0.49,19.8,4,3.4,11,0,0.4674,LOW
EVS03078,"1289 Cape Town Ave, Cape Town",AC Level 2,Ionity,350,0.4,12.46,10,4.2,57,1,0.4673,LOW
EVS00590,"1598 Mumbai Ave, Mumbai",AC Level 1,EVgo,22,0.46,9.43,6,3.8,89,1,0.4673,LOW
EVS03084,"617 Seoul Ave, Seoul",AC Level 1,Greenlots,350,0.33,11.94,4,3.0,94,1,0.4673,LOW
EVS03270,"1154 Beijing Ave, Beijing",DC Fast Charger,EVgo,350,0.46,13.16,4,3.9,97,1,0.4673,LOW
EVS00429,"1639 Seoul Ave, Seoul",AC Level 2,Ionity,150,0.49,10.3,4,4.0,41,0,0.4673,LOW
EVS01122,"3125 Los Angeles Ave, Los Angeles",AC Level 2,Tesla,50,0.44,7.81,1,3.3,71,1,0.4672,LOW
EVS01917,"8318 Mumbai Ave, Mumbai",AC Level 2,EVgo,150,0.48,9.7,5,4.1,20,0,0.4672,LOW
EVS04672,"7933 Sydney Ave, Sydney",AC Level 2,Greenlots,150,0.49,0.89,1,4.7,62,1,0.4672,LOW
EVS00501,"9132 Random Rd, City 321, Country",DC Fast Charger,EVgo,22,0.45,12.04,5,3.3,51,0,0.4671,LOW
EVS04485,"4087 Bangkok Ave, Bangkok",AC Level 1,ChargePoint,350,0.38,7.53,5,4.0,80,1,0.4671,LOW
EVS04436,"6585 Mexico City Ave, Mexico City",DC Fast Charger,Tesla,150,0.45,10.49,7,4.0,12,0,0.4671,LOW
EVS03478,"7190 Bangkok Ave, Bangkok",DC Fast Charger,EVgo,22,0.27,0.68,9,3.6,75,1,0.4671,LOW
EVS02548,"7894 Toronto Ave, Toronto",AC Level 1,EVgo,22,0.45,6.09,1,3.5,71,1,0.4671,LOW
EVS03598,"3641 Beijing Ave, Beijing",AC Level 1,ChargePoint,150,0.46,6.26,10,4.9,36,0,0.4671,LOW
EVS00693,"220 Bangkok Ave, Bangkok",AC Level 1,ChargePoint,350,0.39,2.71,4,4.5,21,0,0.4671,LOW
EVS02448,"6544 Mexico City Ave, Mexico City",AC Level 2,Greenlots,22,0.29,4.0,10,3.5,24,0,0.467,LOW
EVS01420,"6397 Cape Town Ave, Cape Town",AC Level 2,Ionity,22,0.46,14.77,7,3.3,82,1,0.467,LOW
EVS04439,"8180 Toronto Ave, Toronto",AC Level 2,ChargePoint,350,0.35,4.57,6,4.2,98,1,0.467,LOW
EVS00884,"8387 Mumbai Ave, Mumbai",AC Level 2,EVgo,350,0.37,1.38,5,4.6,13,0,0.4669,LOW
EVS01057,"3125 San Francisco Ave, San Francisco",AC Level 1,Ionity,150,0.37,2.61,5,4.0,44,0,0.4669,LOW
EVS04059,"2364 Seoul Ave, Seoul",AC Level 2,Tesla,150,0.49,18.12,10,3.8,89,1,0.4669,LOW
EVS01087,"1652 Moscow Ave, Moscow",AC Level 2,ChargePoint,50,0.39,0.61,8,4.5,84,1,0.4668,LOW
EVS00575,"2676 Berlin Ave, Berlin",AC Level 2,ChargePoint,150,0.5,17.04,4,3.3,14,0,0.4668,LOW
EVS02591,"4979 Random Rd, City 366, Country",AC Level 1,Tesla,150,0.33,7.41,9,3.6,45,0,0.4668,LOW
EVS04931,"1290 Random Rd, City 387, Country",AC Level 1,Greenlots,350,0.42,13.31,2,3.3,79,1,0.4667,LOW
EVS01085,"9219 Cape Town Ave, Cape Town",AC Level 1,ChargePoint,350,0.37,3.64,3,4.1,25,0,0.4667,LOW
EVS01784,"4198 Bangkok Ave, Bangkok",DC Fast Charger,Ionity,350,0.45,9.62,5,4.3,64,1,0.4667,LOW
EVS03302,"3992 Dubai Ave, Dubai",AC Level 1,EVgo,22,0.44,10.36,6,3.5,93,1,0.4667,LOW
EVS02100,"8047 Beijing Ave, Beijing",DC Fast Charger,Tesla,50,0.42,7.14,2,3.3,32,0,0.4667,LOW
EVS01321,"8233 Random Rd, City 305, Country",AC Level 1,Tesla,150,0.47,6.47,8,4.7,26,0,0.4666,LOW
EVS03644,"27 Toronto Ave, Toronto",AC Level 1,Greenlots,22,0.33,5.02,5,3.1,58,1,0.4666,LOW
EVS01588,"4065 Chicago Ave, Chicago",AC Level 1,Tesla,350,0.38,15.13,10,3.7,24,0,0.4666,LOW
EVS03859,"9276 Cape Town Ave, Cape Town",DC Fast Charger,Ionity,50,0.34,5.55,6,3.3,19,0,0.4666,LOW
EVS02526,"6611 Chicago Ave, Chicago",DC Fast Charger,Greenlots,50,0.33,9.73,9,3.1,39,0,0.4666,LOW
EVS01572,"6177 Bangkok Ave, Bangkok",DC Fast Charger,EVgo,350,0.41,2.26,5,4.8,61,1,0.4666,LOW
EVS03421,"2255 Random Rd, City 366, Country",AC Level 2,ChargePoint,150,0.49,0.89,3,4.9,28,0,0.4666,LOW
EVS04375,"6704 São Paulo Ave, São Paulo",DC Fast Charger,Greenlots,22,0.38,3.21,5,3.7,80,1,0.4666,LOW
EVS02930,"144 Mexico City Ave, Mexico City",DC Fast Charger,Ionity,350,0.32,1.65,2,3.8,76,1,0.4665,LOW
EVS02068,"5376 Mexico City Ave, Mexico City",AC Level 1,EVgo,150,0.44,1.49,1,4.2,68,1,0.4665,LOW
EVS04529,"1803 Beijing Ave, Beijing",AC Level 2,Ionity,22,0.48,7.19,2,3.7,43,0,0.4665,LOW
EVS00844,"4868 São Paulo Ave, São Paulo",AC Level 1,Ionity,50,0.32,2.88,10,3.9,62,1,0.4665,LOW
EVS02699,"145 Beijing Ave, Beijing",AC Level 2,Greenlots,50,0.48,11.6,10,4.2,90,1,0.4665,LOW
EVS02901,"4366 Random Rd, City 180, Country",AC Level 2,ChargePoint,22,0.44,4.77,5,4.0,25,0,0.4665,LOW
EVS01624,"1038 Berlin Ave, Berlin",AC Level 1,Tesla,50,0.4,7.1,6,3.6,44,0,0.4665,LOW
EVS02916,"225 Dubai Ave, Dubai",AC Level 1,ChargePoint,150,0.39,3.37,8,4.4,83,1,0.4665,LOW
EVS03504,"3829 Cape Town Ave, Cape Town",AC Level 1,Greenlots,350,0.39,0.93,6,4.9,78,1,0.4665,LOW
EVS01766,"3405 Beijing Ave, Beijing",AC Level 2,Greenlots,150,0.38,0.71,7,4.5,92,1,0.4664,LOW
EVS04212,"9648 Cape Town Ave, Cape Town",AC Level 2,EVgo,50,0.41,8.37,10,4.0,97,1,0.4664,LOW
EVS01993,"5877 Sydney Ave, Sydney",AC Level 2,ChargePoint,350,0.45,19.6,7,3.4,23,0,0.4664,LOW
EVS03388,"2678 São Paulo Ave, São Paulo",AC Level 2,EVgo,350,0.3,9.34,10,3.7,96,1,0.4664,LOW
EVS02250,"4748 Moscow Ave, Moscow",AC Level 2,EVgo,350,0.23,5.7,7,3.2,87,1,0.4664,LOW
EVS03608,"2462 Beijing Ave, Beijing",AC Level 1,Ionity,350,0.29,13.07,10,3.2,37,0,0.4663,LOW
EVS04110,"6719 Mumbai Ave, Mumbai",AC Level 1,EVgo,350,0.41,9.89,3,3.7,72,1,0.4663,LOW
EVS01518,"2553 Berlin Ave, Berlin",AC Level 2,EVgo,350,0.33,7.88,10,4.1,68,1,0.4663,LOW
EVS02386,"8740 Los Angeles Ave, Los Angeles",AC Level 2,ChargePoint,350,0.45,16.29,3,3.3,71,1,0.4663,LOW
EVS04379,"6874 Sydney Ave, Sydney",AC Level 1,EVgo,22,0.34,5.44,4,3.0,22,0,0.4663,LOW
EVS00421,"3063 Random Rd, City 490, Country",AC Level 1,Ionity,350,0.27,4.48,10,4.0,40,0,0.4663,LOW
EVS01782,"9336 Mumbai Ave, Mumbai",AC Level 2,Ionity,350,0.43,12.17,3,3.6,86,1,0.4663,LOW
EVS01066,"2613 Berlin Ave, Berlin",AC Level 1,EVgo,350,0.39,11.54,6,3.7,34,0,0.4663,LOW
EVS03748,"5042 Bangkok Ave, Bangkok",AC Level 2,EVgo,50,0.44,9.55,4,3.4,73,1,0.4662,LOW
EVS03221,"5823 Random Rd, City 495, Country",AC Level 1,Ionity,150,0.49,9.8,4,4.0,75,1,0.4662,LOW
EVS00778,"6612 Chicago Ave, Chicago",AC Level 2,ChargePoint,150,0.37,6.31,2,3.2,76,1,0.4662,LOW
EVS03047,"5781 Mexico City Ave, Mexico City",AC Level 2,Greenlots,50,0.46,1.89,3,4.3,12,0,0.4662,LOW
EVS00398,"1058 Seoul Ave, Seoul",DC Fast Charger,Tesla,50,0.45,2.21,4,4.3,92,1,0.4662,LOW
EVS02931,"2083 Random Rd, City 461, Country",AC Level 1,EVgo,350,0.37,7.4,6,4.0,69,1,0.4662,LOW
EVS01850,"5030 Berlin Ave, Berlin",DC Fast Charger,EVgo,150,0.35,1.29,2,3.6,63,1,0.4662,LOW
EVS01576,"9124 Beijing Ave, Beijing",AC Level 2,Tesla,150,0.36,4.05,10,4.3,76,1,0.4661,LOW
EVS01515,"7387 Bangkok Ave, Bangkok",AC Level 2,Tesla,150,0.18,1.93,10,3.1,24,0,0.4661,LOW
EVS02120,"6037 Los Angeles Ave, Los Angeles",AC Level 1,Tesla,50,0.4,2.33,5,4.0,49,0,0.4661,LOW
EVS01432,"1776 Dubai Ave, Dubai",AC Level 1,EVgo,50,0.32,5.98,8,3.3,43,0,0.4661,LOW
EVS01516,"2610 San Francisco Ave, San Francisco",AC Level 2,Tesla,150,0.24,7.07,10,3.0,64,1,0.4661,LOW
EVS02268,"9615 Chicago Ave, Chicago",AC Level 1,ChargePoint,350,0.42,14.19,4,3.4,57,1,0.4661,LOW
EVS04589,"5004 Cape Town Ave, Cape Town",DC Fast Charger,Ionity,350,0.34,6.68,4,3.6,17,0,0.466,LOW
EVS02637,"727 Bangkok Ave, Bangkok",DC Fast Charger,Ionity,150,0.39,9.71,4,3.2,30,0,0.466,LOW
EVS01786,"4113 Sydney Ave, Sydney",AC Level 2,EVgo,50,0.41,14.12,8,3.1,88,1,0.466,LOW
EVS03558,"451 Bangkok Ave, Bangkok",DC Fast Charger,Greenlots,50,0.47,6.78,2,3.7,93,1,0.4659,LOW
EVS04893,"8536 San Francisco Ave, San Francisco",AC Level 2,Greenlots,50,0.42,2.75,5,4.1,53,0,0.4659,LOW
EVS02371,"9721 Random Rd, City 203, Country",AC Level 1,EVgo,150,0.38,4.93,1,3.3,12,0,0.4659,LOW
EVS03082,"922 Dubai Ave, Dubai",DC Fast Charger,EVgo,50,0.39,1.64,6,4.1,37,0,0.4659,LOW
EVS00100,"1750 Seoul Ave, Seoul",AC Level 2,ChargePoint,150,0.41,3.0,10,4.8,54,0,0.4658,LOW
EVS01890,"1136 Dubai Ave, Dubai",AC Level 1,Tesla,350,0.39,13.57,3,3.1,26,0,0.4658,LOW
EVS00759,"5646 Mumbai Ave, Mumbai",DC Fast Charger,ChargePoint,350,0.37,10.19,8,3.9,19,0,0.4658,LOW
EVS03523,"3336 Mexico City Ave, Mexico City",DC Fast Charger,Tesla,350,0.5,6.23,3,4.8,77,1,0.4658,LOW
EVS04143,"2992 Berlin Ave, Berlin",DC Fast Charger,Ionity,150,0.49,14.34,6,3.7,68,1,0.4658,LOW
EVS02653,"5055 Cape Town Ave, Cape Town",AC Level 1,Ionity,150,0.42,13.51,4,3.0,71,1,0.4658,LOW
EVS04941,"715 Random Rd, City 449, Country",AC Level 2,Ionity,350,0.35,0.87,3,4.2,60,1,0.4657,LOW
EVS03220,"4071 Berlin Ave, Berlin",AC Level 1,Greenlots,150,0.49,5.56,1,4.1,31,0,0.4657,LOW
EVS00734,"4610 Seoul Ave, Seoul",AC Level 2,Greenlots,22,0.37,2.25,6,3.8,49,0,0.4657,LOW
EVS01744,"8880 San Francisco Ave, San Francisco",DC Fast Charger,Greenlots,22,0.32,2.68,9,3.7,77,1,0.4657,LOW
EVS03791,"5991 Random Rd, City 235, Country",DC Fast Charger,Greenlots,150,0.21,4.7,10,3.0,50,0,0.4656,LOW
EVS01413,"8369 Bangkok Ave, Bangkok",AC Level 2,Tesla,150,0.33,3.29,9,4.0,86,1,0.4656,LOW
EVS00243,"9065 Moscow Ave, Moscow",AC Level 1,EVgo,350,0.44,14.77,6,3.7,40,0,0.4656,LOW
EVS03773,"3558 Mumbai Ave, Mumbai",AC Level 1,Ionity,150,0.19,2.36,10,3.1,18,0,0.4656,LOW
EVS01987,"6923 Sydney Ave, Sydney",AC Level 2,Greenlots,350,0.38,2.0,9,5.0,41,0,0.4655,LOW
EVS00419,"9837 Dubai Ave, Dubai",DC Fast Charger,ChargePoint,350,0.27,1.46,4,3.6,18,0,0.4655,LOW
EVS02464,"5733 Toronto Ave, Toronto",AC Level 2,ChargePoint,350,0.29,2.56,2,3.4,16,0,0.4655,LOW
EVS04798,"956 Dubai Ave, Dubai",AC Level 2,Ionity,350,0.22,6.62,9,3.2,42,0,0.4655,LOW
EVS00830,"4619 Sydney Ave, Sydney",AC Level 1,ChargePoint,350,0.27,0.81,6,3.9,92,1,0.4654,LOW
EVS00620,"7832 Mumbai Ave, Mumbai",AC Level 1,Tesla,150,0.31,4.59,10,3.8,61,1,0.4654,LOW
EVS02140,"5215 Bangkok Ave, Bangkok",AC Level 2,EVgo,350,0.38,7.73,6,4.0,51,0,0.4654,LOW
EVS00567,"1058 Moscow Ave, Moscow",AC Level 2,ChargePoint,350,0.34,6.66,6,3.8,25,0,0.4654,LOW
EVS00211,"3257 Random Rd, City 66, Country",AC Level 1,Greenlots,50,0.43,7.52,4,3.5,43,0,0.4654,LOW
EVS00541,"583 Random Rd, City 493, Country",DC Fast Charger,EVgo,22,0.48,3.95,8,4.7,68,1,0.4654,LOW
EVS03369,"3773 Beijing Ave, Beijing",DC Fast Charger,Ionity,22,0.43,15.83,10,3.2,31,0,0.4653,LOW
EVS02446,"8886 Beijing Ave, Beijing",AC Level 2,Tesla,150,0.45,14.21,8,3.6,40,0,0.4653,LOW
EVS00443,"4977 Beijing Ave, Beijing",AC Level 2,Tesla,22,0.42,6.18,4,3.5,91,1,0.4653,LOW
EVS03774,"9394 Los Angeles Ave, Los Angeles",AC Level 1,Ionity,150,0.36,6.16,3,3.2,16,0,0.4652,LOW
EVS03690,"6298 Mumbai Ave, Mumbai",DC Fast Charger,Greenlots,150,0.49,6.19,1,4.0,88,1,0.4652,LOW
EVS02921,"1364 Random Rd, City 489, Country",DC Fast Charger,EVgo,50,0.32,10.28,10,3.0,49,0,0.4652,LOW
EVS03120,"2980 Mexico City Ave, Mexico City",AC Level 1,Greenlots,150,0.39,13.31,7,3.1,53,0,0.4652,LOW
EVS03856,"5993 Cape Town Ave, Cape Town",AC Level 1,Greenlots,350,0.36,9.31,9,4.0,84,1,0.4652,LOW
EVS02649,"121 Dubai Ave, Dubai",AC Level 2,Ionity,350,0.37,8.11,2,3.4,51,0,0.4652,LOW
EVS00589,"6333 Bangkok Ave, Bangkok",AC Level 1,ChargePoint,350,0.31,2.59,6,4.0,24,0,0.4651,LOW
EVS02254,"8755 Mexico City Ave, Mexico City",DC Fast Charger,Tesla,22,0.4,8.22,4,3.1,74,1,0.465,LOW
EVS02014,"20 Beijing Ave, Beijing",DC Fast Charger,Ionity,50,0.43,7.49,5,3.6,62,1,0.465,LOW
EVS03634,"57 Cape Town Ave, Cape Town",AC Level 1,Ionity,350,0.45,16.68,10,4.0,27,0,0.465,LOW
EVS01601,"968 Random Rd, City 260, Country",AC Level 2,ChargePoint,350,0.35,8.97,6,3.6,60,1,0.465,LOW
EVS01831,"1774 Random Rd, City 109, Country",AC Level 1,ChargePoint,350,0.25,0.64,10,4.2,73,1,0.465,LOW
EVS00699,"2730 Chicago Ave, Chicago",AC Level 2,ChargePoint,350,0.43,8.72,2,3.8,42,0,0.465,LOW
EVS00025,"1788 Chicago Ave, Chicago",AC Level 1,ChargePoint,50,0.5,4.71,7,4.7,67,1,0.4649,LOW
EVS04219,"2128 Dubai Ave, Dubai",AC Level 2,EVgo,350,0.43,12.11,1,3.3,44,0,0.4649,LOW
EVS02331,"7304 Random Rd, City 222, Country",DC Fast Charger,Tesla,350,0.46,2.94,3,4.8,31,0,0.4649,LOW
EVS01539,"9731 Bangkok Ave, Bangkok",AC Level 2,ChargePoint,150,0.46,8.92,5,3.9,86,1,0.4648,LOW
EVS04109,"5216 Sydney Ave, Sydney",DC Fast Charger,ChargePoint,150,0.29,5.25,8,3.3,16,0,0.4648,LOW
EVS01593,"8716 Sydney Ave, Sydney",AC Level 1,EVgo,50,0.36,9.37,10,3.4,51,0,0.4648,LOW
EVS03203,"515 São Paulo Ave, São Paulo",AC Level 1,Ionity,350,0.45,6.33,1,4.1,71,1,0.4647,LOW
EVS01977,"4483 Chicago Ave, Chicago",AC Level 1,Tesla,350,0.4,8.07,7,4.2,50,0,0.4647,LOW
EVS03194,"3966 Beijing Ave, Beijing",AC Level 2,EVgo,350,0.4,7.32,8,4.4,72,1,0.4647,LOW
EVS03757,"6953 Bangkok Ave, Bangkok",DC Fast Charger,Tesla,150,0.49,8.61,1,3.7,11,0,0.4647,LOW
EVS02234,"4823 Bangkok Ave, Bangkok",AC Level 2,Greenlots,350,0.33,0.83,10,4.8,76,1,0.4647,LOW
EVS04974,"739 Seoul Ave, Seoul",DC Fast Charger,Tesla,350,0.48,7.6,2,4.3,13,0,0.4645,LOW
EVS01063,"2671 Mumbai Ave, Mumbai",AC Level 1,EVgo,150,0.42,4.41,7,4.3,14,0,0.4645,LOW
EVS04356,"8873 Toronto Ave, Toronto",AC Level 1,ChargePoint,50,0.37,2.53,2,3.3,61,1,0.4645,LOW
EVS02424,"9617 Mexico City Ave, Mexico City",AC Level 1,ChargePoint,350,0.34,7.7,10,4.1,93,1,0.4645,LOW
EVS04779,"8424 Cape Town Ave, Cape Town",AC Level 1,ChargePoint,350,0.21,5.4,9,3.2,78,1,0.4644,LOW
EVS02851,"8753 Random Rd, City 409, Country",AC Level 2,EVgo,150,0.48,17.09,10,3.7,29,0,0.4644,LOW
EVS02933,"5327 Berlin Ave, Berlin",AC Level 2,EVgo,50,0.23,2.58,10,3.1,53,0,0.4644,LOW
EVS04122,"9815 Dubai Ave, Dubai",AC Level 2,Ionity,22,0.48,8.69,1,3.3,16,0,0.4644,LOW
EVS01540,"919 Bangkok Ave, Bangkok",DC Fast Charger,EVgo,150,0.46,0.8,6,4.9,93,1,0.4643,LOW
EVS04475,"8592 San Francisco Ave, San Francisco",DC Fast Charger,ChargePoint,350,0.38,4.25,4,4.1,67,1,0.4643,LOW
EVS04347,"333 Dubai Ave, Dubai",AC Level 2,ChargePoint,350,0.19,1.7,6,3.1,48,0,0.4643,LOW
EVS01869,"647 Chicago Ave, Chicago",AC Level 1,ChargePoint,22,0.31,1.74,6,3.3,79,1,0.4643,LOW
EVS04665,"871 Chicago Ave, Chicago",AC Level 2,Greenlots,150,0.36,6.74,4,3.2,98,1,0.4643,LOW
EVS03988,"2854 Toronto Ave, Toronto",AC Level 2,Tesla,350,0.5,9.93,9,5.0,90,1,0.4643,LOW
EVS04117,"4571 Moscow Ave, Moscow",DC Fast Charger,Greenlots,350,0.49,11.62,1,3.8,27,0,0.4643,LOW
EVS04093,"1201 Seoul Ave, Seoul",AC Level 1,Tesla,150,0.38,8.15,4,3.2,89,1,0.4643,LOW
EVS04680,"207 Toronto Ave, Toronto",DC Fast Charger,Tesla,50,0.35,6.15,7,3.3,87,1,0.4642,LOW
EVS03044,"1262 Seoul Ave, Seoul",DC Fast Charger,Tesla,350,0.43,11.76,1,3.3,17,0,0.4642,LOW
EVS00554,"1450 Sydney Ave, Sydney",AC Level 2,Ionity,50,0.36,2.39,7,3.8,98,1,0.4642,LOW
EVS03199,"1661 São Paulo Ave, São Paulo",DC Fast Charger,ChargePoint,350,0.48,12.17,4,4.0,22,0,0.4641,LOW
EVS00718,"1371 Chicago Ave, Chicago",AC Level 2,Tesla,50,0.46,12.31,8,3.6,97,1,0.4641,LOW
EVS02195,"4504 São Paulo Ave, São Paulo",DC Fast Charger,Greenlots,50,0.5,8.3,10,4.6,20,0,0.4641,LOW
EVS04960,"2074 Sydney Ave, Sydney",AC Level 2,Ionity,350,0.36,10.12,6,3.5,62,1,0.464,LOW
EVS00839,"7560 Los Angeles Ave, Los Angeles",AC Level 1,Tesla,150,0.48,0.59,2,4.6,10,0,0.464,LOW
EVS04083,"6236 Seoul Ave, Seoul",AC Level 1,Tesla,22,0.45,5.62,8,4.2,96,1,0.464,LOW
EVS01791,"1680 Random Rd, City 286, Country",AC Level 2,ChargePoint,150,0.46,8.08,2,3.6,31,0,0.464,LOW
EVS04949,"7053 Toronto Ave, Toronto",AC Level 1,Tesla,150,0.5,11.35,5,3.9,83,1,0.464,LOW
EVS00306,"9684 Beijing Ave, Beijing",AC Level 1,Greenlots,22,0.46,6.91,6,3.9,40,0,0.464,LOW
EVS02697,"3314 Dubai Ave, Dubai",AC Level 1,Greenlots,350,0.29,5.64,10,3.9,31,0,0.4639,LOW
EVS03091,"7740 Random Rd, City 177, Country",DC Fast Charger,Greenlots,150,0.45,4.45,1,3.8,15,0,0.4638,LOW
EVS02264,"3604 Cape Town Ave, Cape Town",DC Fast Charger,EVgo,150,0.23,1.53,9,3.3,13,0,0.4638,LOW
EVS04130,"3817 Sydney Ave, Sydney",AC Level 1,Tesla,350,0.44,13.89,6,3.7,54,0,0.4637,LOW
EVS01245,"7121 San Francisco Ave, San Francisco",DC Fast Charger,EVgo,350,0.3,0.79,3,3.7,60,1,0.4637,LOW
EVS02740,"3864 Sydney Ave, Sydney",AC Level 2,Ionity,150,0.45,3.95,4,4.2,63,1,0.4637,LOW
EVS02130,"9093 Mexico City Ave, Mexico City",AC Level 1,Tesla,350,0.39,7.31,4,3.8,92,1,0.4636,LOW
EVS04421,"6690 Random Rd, City 307, Country",AC Level 1,Ionity,150,0.47,11.99,7,3.8,95,1,0.4636,LOW
EVS02000,"2778 Mexico City Ave, Mexico City",AC Level 1,ChargePoint,150,0.43,3.03,8,4.6,75,1,0.4635,LOW
EVS01402,"2992 San Francisco Ave, San Francisco",AC Level 2,Tesla,22,0.47,9.49,8,3.9,95,1,0.4635,LOW
EVS00263,"5718 Seoul Ave, Seoul",DC Fast Charger,Greenlots,50,0.42,4.88,3,3.5,30,0,0.4635,LOW
EVS00381,"4164 Random Rd, City 148, Country",AC Level 1,Tesla,22,0.43,1.29,2,3.8,27,0,0.4635,LOW
EVS01314,"8278 Mexico City Ave, Mexico City",AC Level 1,ChargePoint,50,0.33,3.34,6,3.3,40,0,0.4635,LOW
EVS03122,"5118 Los Angeles Ave, Los Angeles",AC Level 2,Tesla,350,0.37,13.79,10,3.6,95,1,0.4634,LOW
EVS01298,"4251 Mumbai Ave, Mumbai",DC Fast Charger,EVgo,50,0.4,2.22,1,3.4,100,1,0.4634,LOW
EVS04595,"3918 Cape Town Ave, Cape Town",AC Level 1,Ionity,350,0.4,8.34,7,4.1,85,1,0.4634,LOW
EVS01916,"8679 Cape Town Ave, Cape Town",AC Level 1,Tesla,22,0.43,5.05,10,4.3,48,0,0.4633,LOW
EVS01126,"5587 Sydney Ave, Sydney",AC Level 1,EVgo,350,0.34,9.09,5,3.3,46,0,0.4633,LOW
EVS05000,"1221 Los Angeles Ave, Los Angeles",AC Level 2,EVgo,50,0.35,1.12,6,3.7,15,0,0.4633,LOW
EVS01859,"1355 Chicago Ave, Chicago",AC Level 1,Greenlots,50,0.48,7.1,8,4.3,24,0,0.4633,LOW
EVS02880,"7049 Berlin Ave, Berlin",AC Level 1,ChargePoint,350,0.27,2.0,3,3.3,59,1,0.4633,LOW
EVS04325,"5201 Beijing Ave, Beijing",DC Fast Charger,Ionity,50,0.47,18.08,9,3.1,19,0,0.4632,LOW
EVS01837,"1985 Mumbai Ave, Mumbai",AC Level 1,Ionity,150,0.36,1.6,3,3.6,22,0,0.4632,LOW
EVS03407,"297 Bangkok Ave, Bangkok",AC Level 2,ChargePoint,150,0.37,9.74,5,3.0,48,0,0.4632,LOW
EVS04759,"4562 San Francisco Ave, San Francisco",AC Level 1,ChargePoint,50,0.35,1.2,7,3.8,88,1,0.4632,LOW
EVS04062,"1833 Chicago Ave, Chicago",AC Level 2,ChargePoint,50,0.42,10.79,8,3.4,69,1,0.4632,LOW
EVS03924,"8649 Seoul Ave, Seoul",AC Level 1,Tesla,50,0.47,12.41,7,3.5,22,0,0.4631,LOW
EVS00766,"6936 Los Angeles Ave, Los Angeles",AC Level 2,Greenlots,150,0.49,9.8,2,3.6,63,1,0.4631,LOW
EVS04625,"796 San Francisco Ave, San Francisco",AC Level 1,Ionity,150,0.27,1.82,6,3.2,98,1,0.4631,LOW
EVS04507,"1282 Toronto Ave, Toronto",DC Fast Charger,EVgo,50,0.39,4.6,5,3.5,54,0,0.4631,LOW
EVS04667,"9113 Mexico City Ave, Mexico City",DC Fast Charger,ChargePoint,22,0.42,10.76,6,3.1,40,0,0.463,LOW
EVS02748,"37 Moscow Ave, Moscow",AC Level 2,Greenlots,350,0.48,5.55,5,4.8,65,1,0.463,LOW
EVS03042,"4264 Berlin Ave, Berlin",AC Level 2,Greenlots,150,0.44,2.75,9,4.8,99,1,0.463,LOW
EVS04251,"7713 Random Rd, City 442, Country",AC Level 1,Tesla,350,0.39,1.05,6,4.7,96,1,0.463,LOW
EVS00185,"8712 São Paulo Ave, São Paulo",AC Level 2,Greenlots,150,0.48,4.83,10,5.0,13,0,0.463,LOW
EVS00627,"5750 Moscow Ave, Moscow",AC Level 2,Greenlots,50,0.48,12.9,6,3.4,61,1,0.463,LOW
EVS02735,"6732 Berlin Ave, Berlin",AC Level 1,EVgo,350,0.34,7.72,9,3.9,41,0,0.463,LOW
EVS03827,"8107 São Paulo Ave, São Paulo",DC Fast Charger,Greenlots,22,0.4,1.83,10,4.4,13,0,0.4629,LOW
EVS00682,"5916 San Francisco Ave, San Francisco",DC Fast Charger,Ionity,350,0.5,4.09,4,5.0,17,0,0.4629,LOW
EVS04849,"8760 Cape Town Ave, Cape Town",DC Fast Charger,Tesla,22,0.34,1.56,7,3.6,43,0,0.4629,LOW
EVS03196,"4636 Chicago Ave, Chicago",AC Level 2,ChargePoint,150,0.4,3.25,2,3.6,35,0,0.4628,LOW
EVS03586,"8095 Mumbai Ave, Mumbai",DC Fast Charger,Tesla,350,0.3,1.68,6,3.9,87,1,0.4628,LOW
EVS01257,"6958 Toronto Ave, Toronto",AC Level 2,Ionity,22,0.44,7.17,3,3.3,52,0,0.4628,LOW
EVS03874,"4286 Los Angeles Ave, Los Angeles",AC Level 1,ChargePoint,22,0.45,7.86,9,4.0,80,1,0.4628,LOW
EVS03579,"9999 Bangkok Ave, Bangkok",AC Level 2,ChargePoint,150,0.48,16.93,8,3.4,93,1,0.4628,LOW
EVS00767,"9051 Bangkok Ave, Bangkok",AC Level 2,EVgo,150,0.36,4.83,2,3.1,74,1,0.4628,LOW
EVS03909,"6065 Cape Town Ave, Cape Town",AC Level 1,Tesla,22,0.47,6.74,10,4.4,55,0,0.4628,LOW
EVS02889,"2964 Los Angeles Ave, Los Angeles",AC Level 1,EVgo,22,0.3,1.18,6,3.2,85,1,0.4628,LOW
EVS04284,"6370 São Paulo Ave, São Paulo",AC Level 1,ChargePoint,350,0.48,6.12,4,4.6,10,0,0.4627,LOW
EVS01491,"1348 Random Rd, City 468, Country",AC Level 2,Tesla,50,0.49,14.04,10,3.8,88,1,0.4627,LOW
EVS00696,"227 Mexico City Ave, Mexico City",DC Fast Charger,Greenlots,22,0.4,1.72,4,3.7,73,1,0.4627,LOW
EVS03525,"9288 Moscow Ave, Moscow",AC Level 1,EVgo,150,0.45,13.39,5,3.2,90,1,0.4626,LOW
EVS03979,"3324 Bangkok Ave, Bangkok",AC Level 1,Greenlots,50,0.47,1.15,5,4.5,96,1,0.4626,LOW
EVS02425,"8321 Los Angeles Ave, Los Angeles",DC Fast Charger,Ionity,350,0.37,7.6,7,3.9,59,1,0.4626,LOW
EVS00722,"2342 Toronto Ave, Toronto",DC Fast Charger,Tesla,150,0.29,1.49,8,3.6,81,1,0.4625,LOW
EVS01855,"9850 Chicago Ave, Chicago",DC Fast Charger,Greenlots,150,0.33,4.32,8,3.6,83,1,0.4625,LOW
EVS04272,"1655 Seoul Ave, Seoul",AC Level 1,ChargePoint,350,0.33,10.34,9,3.5,42,0,0.4625,LOW
EVS03225,"9865 Cape Town Ave, Cape Town",AC Level 2,Greenlots,350,0.43,2.46,4,4.6,37,0,0.4625,LOW
EVS00729,"1882 Moscow Ave, Moscow",AC Level 1,Ionity,150,0.47,7.9,1,3.5,46,0,0.4624,LOW
EVS01165,"2657 Beijing Ave, Beijing",AC Level 1,Greenlots,50,0.4,5.57,9,3.9,48,0,0.4624,LOW
EVS01698,"8308 Dubai Ave, Dubai",AC Level 2,Tesla,22,0.48,2.07,5,4.4,11,0,0.4624,LOW
EVS04747,"5853 Sydney Ave, Sydney",AC Level 2,Tesla,22,0.26,2.14,9,3.1,27,0,0.4624,LOW
EVS04350,"4799 São Paulo Ave, São Paulo",DC Fast Charger,EVgo,50,0.44,6.9,5,3.6,69,1,0.4623,LOW
EVS04363,"4669 Cape Town Ave, Cape Town",DC Fast Charger,Greenlots,350,0.43,15.44,8,3.6,13,0,0.4623,LOW
EVS03604,"2686 Dubai Ave, Dubai",DC Fast Charger,ChargePoint,150,0.42,9.89,3,3.1,32,0,0.4623,LOW
EVS01272,"4360 Chicago Ave, Chicago",AC Level 2,EVgo,22,0.43,4.23,8,4.1,97,1,0.4622,LOW
EVS02619,"3993 Mumbai Ave, Mumbai",AC Level 1,ChargePoint,150,0.29,4.76,7,3.1,88,1,0.4622,LOW
EVS02155,"3217 Mumbai Ave, Mumbai",AC Level 1,ChargePoint,50,0.49,17.25,9,3.3,81,1,0.4622,LOW
EVS03336,"6646 Los Angeles Ave, Los Angeles",AC Level 2,EVgo,50,0.49,12.04,10,4.0,36,0,0.4622,LOW
EVS04232,"4239 Mexico City Ave, Mexico City",AC Level 2,Ionity,350,0.38,11.98,9,3.7,16,0,0.4622,LOW
EVS02631,"2252 Random Rd, City 393, Country",AC Level 2,Greenlots,150,0.4,6.63,9,4.0,63,1,0.4622,LOW
EVS01225,"5850 Berlin Ave, Berlin",DC Fast Charger,Ionity,150,0.46,8.08,2,3.5,27,0,0.4621,LOW
EVS02452,"9655 Los Angeles Ave, Los Angeles",DC Fast Charger,Greenlots,350,0.48,9.72,6,4.4,80,1,0.4621,LOW
EVS02417,"7935 Dubai Ave, Dubai",AC Level 2,Ionity,150,0.48,9.76,10,4.4,66,1,0.4621,LOW
EVS00465,"8550 Los Angeles Ave, Los Angeles",AC Level 1,ChargePoint,350,0.45,13.49,10,4.2,49,0,0.4621,LOW
EVS01807,"8210 Mumbai Ave, Mumbai",DC Fast Charger,ChargePoint,150,0.31,5.36,8,3.3,90,1,0.4621,LOW
EVS04658,"4393 Bangkok Ave, Bangkok",AC Level 1,ChargePoint,22,0.47,8.8,2,3.2,97,1,0.4621,LOW
EVS04020,"8176 Cape Town Ave, Cape Town",AC Level 1,ChargePoint,150,0.46,14.11,7,3.4,77,1,0.462,LOW
EVS00974,"4085 San Francisco Ave, San Francisco",DC Fast Charger,Tesla,350,0.17,2.42,10,3.2,26,0,0.462,LOW
EVS00220,"4620 Dubai Ave, Dubai",AC Level 2,Tesla,350,0.32,13.84,9,3.0,93,1,0.462,LOW
EVS02655,"9624 Mexico City Ave, Mexico City",AC Level 1,Greenlots,50,0.44,10.3,5,3.2,31,0,0.462,LOW
EVS01934,"3950 Mumbai Ave, Mumbai",DC Fast Charger,ChargePoint,150,0.32,1.43,1,3.0,35,0,0.4619,LOW
EVS04295,"4608 Bangkok Ave, Bangkok",AC Level 2,EVgo,150,0.48,7.76,3,3.8,13,0,0.4619,LOW
EVS02705,"2600 Chicago Ave, Chicago",AC Level 1,Ionity,50,0.44,6.26,8,4.0,15,0,0.4619,LOW
EVS04878,"5090 Moscow Ave, Moscow",AC Level 1,Tesla,50,0.46,0.69,3,4.2,58,1,0.4619,LOW
EVS03818,"6118 Chicago Ave, Chicago",DC Fast Charger,Greenlots,150,0.46,9.58,1,3.2,26,0,0.4619,LOW
EVS03550,"2462 Toronto Ave, Toronto",AC Level 1,Ionity,50,0.49,16.64,6,3.0,55,0,0.4619,LOW
EVS01099,"7924 Berlin Ave, Berlin",AC Level 2,ChargePoint,50,0.48,2.85,2,4.0,21,0,0.4618,LOW
EVS01988,"3800 São Paulo Ave, São Paulo",AC Level 2,ChargePoint,150,0.42,13.37,10,3.5,22,0,0.4618,LOW
EVS02282,"9641 Mexico City Ave, Mexico City",AC Level 1,ChargePoint,350,0.32,13.89,10,3.1,53,0,0.4618,LOW
EVS04337,"8596 Bangkok Ave, Bangkok",AC Level 1,ChargePoint,150,0.46,15.61,6,3.1,46,0,0.4618,LOW
EVS03279,"8742 São Paulo Ave, São Paulo",AC Level 2,Tesla,150,0.29,3.62,7,3.2,38,0,0.4617,LOW
EVS04585,"4950 Los Angeles Ave, Los Angeles",DC Fast Charger,ChargePoint,350,0.31,1.71,5,3.8,77,1,0.4617,LOW
EVS01910,"3558 Mexico City Ave, Mexico City",AC Level 2,Greenlots,150,0.32,5.15,9,3.5,75,1,0.4617,LOW
EVS03684,"7229 San Francisco Ave, San Francisco",DC Fast Charger,Tesla,50,0.49,15.52,5,3.0,21,0,0.4617,LOW
EVS02990,"6173 Moscow Ave, Moscow",AC Level 2,Ionity,150,0.44,17.11,8,3.0,50,0,0.4617,LOW
EVS01759,"1540 São Paulo Ave, São Paulo",AC Level 1,Greenlots,350,0.48,3.98,5,4.9,85,1,0.4616,LOW
EVS01483,"8689 Moscow Ave, Moscow",AC Level 2,EVgo,350,0.4,10.16,7,3.8,99,1,0.4616,LOW
EVS02311,"6438 Random Rd, City 242, Country",DC Fast Charger,ChargePoint,350,0.43,9.47,6,4.0,57,1,0.4616,LOW
EVS00967,"6177 Mexico City Ave, Mexico City",DC Fast Charger,Ionity,350,0.36,9.38,9,3.8,50,0,0.4616,LOW
EVS01265,"9151 Los Angeles Ave, Los Angeles",DC Fast Charger,EVgo,350,0.46,9.08,1,3.7,37,0,0.4616,LOW
EVS00735,"1876 Moscow Ave, Moscow",AC Level 2,Tesla,50,0.45,10.0,6,3.4,63,1,0.4614,LOW
EVS03551,"7989 Random Rd, City 182, Country",DC Fast Charger,Greenlots,22,0.42,11.29,9,3.3,84,1,0.4614,LOW
EVS00375,"6609 São Paulo Ave, São Paulo",AC Level 1,ChargePoint,150,0.4,12.62,10,3.4,97,1,0.4614,LOW
EVS03714,"2172 Seoul Ave, Seoul",AC Level 1,Greenlots,22,0.37,4.73,7,3.4,69,1,0.4613,LOW
EVS01056,"2751 Bangkok Ave, Bangkok",AC Level 1,Ionity,22,0.33,2.16,9,3.6,91,1,0.4613,LOW
EVS04736,"8938 São Paulo Ave, São Paulo",DC Fast Charger,ChargePoint,50,0.46,7.4,2,3.3,38,0,0.4613,LOW
EVS02002,"6169 San Francisco Ave, San Francisco",AC Level 1,ChargePoint,22,0.46,2.5,3,3.9,17,0,0.4613,LOW
EVS00818,"1049 Sydney Ave, Sydney",AC Level 2,ChargePoint,350,0.3,3.0,2,3.2,66,1,0.4612,LOW
EVS01325,"3576 Dubai Ave, Dubai",DC Fast Charger,Greenlots,22,0.42,3.48,5,3.7,81,1,0.4612,LOW
EVS04937,"7704 Moscow Ave, Moscow",AC Level 1,Ionity,350,0.39,16.79,10,3.3,79,1,0.4611,LOW
EVS01531,"3767 Random Rd, City 403, Country",AC Level 1,EVgo,350,0.37,9.57,7,3.6,41,0,0.4611,LOW
EVS00278,"3276 Mumbai Ave, Mumbai",DC Fast Charger,EVgo,150,0.37,3.84,2,3.2,98,1,0.4611,LOW
EVS02175,"8079 Berlin Ave, Berlin",AC Level 1,Tesla,350,0.37,7.01,8,4.0,83,1,0.4611,LOW
EVS03511,"9433 Random Rd, City 277, Country",AC Level 1,ChargePoint,50,0.38,4.41,3,3.1,50,0,0.4611,LOW
EVS04494,"8081 San Francisco Ave, San Francisco",AC Level 1,ChargePoint,50,0.46,9.78,7,3.6,97,1,0.461,LOW
EVS04668,"9865 Bangkok Ave, Bangkok",AC Level 2,ChargePoint,350,0.47,4.15,1,4.3,25,0,0.461,LOW
EVS03400,"1148 Moscow Ave, Moscow",AC Level 2,Greenlots,50,0.41,0.84,7,4.2,31,0,0.461,LOW
EVS00988,"6207 Mexico City Ave, Mexico City",DC Fast Charger,Greenlots,22,0.48,13.41,8,3.4,48,0,0.4609,LOW
EVS03443,"3157 Toronto Ave, Toronto",DC Fast Charger,ChargePoint,22,0.41,3.21,9,4.1,18,0,0.4609,LOW
EVS03092,"7589 Dubai Ave, Dubai",AC Level 1,Tesla,150,0.49,5.16,2,4.0,17,0,0.4609,LOW
EVS00989,"9452 Los Angeles Ave, Los Angeles",AC Level 2,EVgo,22,0.38,3.76,3,3.1,53,0,0.4609,LOW
EVS04236,"7916 Toronto Ave, Toronto",AC Level 1,Tesla,150,0.43,0.56,6,4.5,77,1,0.4609,LOW
EVS03512,"8340 Dubai Ave, Dubai",AC Level 2,Ionity,350,0.41,6.21,2,3.7,78,1,0.4609,LOW
EVS03135,"5536 Chicago Ave, Chicago",DC Fast Charger,Ionity,50,0.36,2.88,3,3.1,23,0,0.4608,LOW
EVS04266,"1862 Seoul Ave, Seoul",AC Level 1,ChargePoint,350,0.35,12.61,8,3.2,41,0,0.4608,LOW
EVS04012,"1227 San Francisco Ave, San Francisco",AC Level 1,Tesla,50,0.34,6.64,8,3.1,96,1,0.4608,LOW
EVS00210,"5565 Mumbai Ave, Mumbai",AC Level 2,Tesla,350,0.33,4.19,3,3.4,70,1,0.4608,LOW
EVS04089,"4711 Beijing Ave, Beijing",AC Level 2,Tesla,150,0.29,4.36,9,3.3,50,0,0.4608,LOW
EVS00212,"9181 Moscow Ave, Moscow",DC Fast Charger,EVgo,350,0.42,5.35,10,4.8,32,0,0.4607,LOW
EVS01979,"3228 Toronto Ave, Toronto",AC Level 1,Ionity,150,0.31,2.33,10,3.8,62,1,0.4607,LOW
EVS02694,"5759 Cape Town Ave, Cape Town",AC Level 2,EVgo,350,0.34,4.12,4,3.6,53,0,0.4607,LOW
EVS03667,"3057 Cape Town Ave, Cape Town",AC Level 1,Tesla,50,0.47,3.66,4,4.0,19,0,0.4607,LOW
EVS01586,"6367 Toronto Ave, Toronto",DC Fast Charger,EVgo,50,0.49,14.15,5,3.1,32,0,0.4607,LOW
EVS00397,"390 Cape Town Ave, Cape Town",AC Level 1,EVgo,150,0.46,5.57,8,4.4,95,1,0.4607,LOW
EVS02646,"5660 Berlin Ave, Berlin",AC Level 1,EVgo,350,0.25,3.19,5,3.1,39,0,0.4607,LOW
EVS01904,"9839 Cape Town Ave, Cape Town",AC Level 2,ChargePoint,150,0.43,5.66,5,3.8,28,0,0.4607,LOW
EVS01986,"7892 San Francisco Ave, San Francisco",AC Level 2,Ionity,350,0.27,2.37,2,3.0,44,0,0.4606,LOW
EVS01191,"1475 Random Rd, City 458, Country",DC Fast Charger,Tesla,22,0.47,3.93,4,3.9,61,1,0.4606,LOW
EVS04714,"9661 Toronto Ave, Toronto",AC Level 1,ChargePoint,350,0.39,5.39,1,3.5,35,0,0.4606,LOW
EVS04264,"6786 Dubai Ave, Dubai",DC Fast Charger,ChargePoint,350,0.36,11.4,8,3.4,31,0,0.4605,LOW
EVS01481,"7132 Random Rd, City 373, Country",AC Level 1,EVgo,50,0.42,0.91,4,3.9,78,1,0.4605,LOW
EVS00204,"4885 Cape Town Ave, Cape Town",AC Level 1,ChargePoint,22,0.49,4.28,3,3.9,81,1,0.4605,LOW
EVS01343,"1537 San Francisco Ave, San Francisco",AC Level 1,Tesla,22,0.41,2.28,4,3.6,22,0,0.4605,LOW
EVS03850,"2293 Berlin Ave, Berlin",DC Fast Charger,Greenlots,22,0.46,11.01,9,3.6,68,1,0.4605,LOW
EVS00824,"9080 Los Angeles Ave, Los Angeles",AC Level 1,Tesla,22,0.37,1.92,9,3.9,18,0,0.4604,LOW
EVS00248,"3800 Mumbai Ave, Mumbai",DC Fast Charger,Tesla,150,0.44,10.95,7,3.5,92,1,0.4603,LOW
EVS00982,"9144 Dubai Ave, Dubai",AC Level 2,Greenlots,150,0.4,8.67,5,3.2,56,0,0.4602,LOW
EVS01584,"5566 Los Angeles Ave, Los Angeles",AC Level 2,Tesla,350,0.32,4.82,2,3.1,40,0,0.4602,LOW
EVS04786,"670 Dubai Ave, Dubai",AC Level 1,ChargePoint,150,0.46,14.39,9,3.5,63,1,0.4602,LOW
EVS03627,"5903 Sydney Ave, Sydney",DC Fast Charger,Greenlots,350,0.43,8.34,3,3.7,76,1,0.4602,LOW
EVS01284,"7694 Berlin Ave, Berlin",AC Level 2,Greenlots,22,0.41,3.9,4,3.4,96,1,0.4602,LOW
EVS02024,"1837 Chicago Ave, Chicago",DC Fast Charger,Tesla,150,0.34,4.79,8,3.5,60,1,0.4601,LOW
EVS04186,"7673 Toronto Ave, Toronto",AC Level 2,ChargePoint,150,0.43,7.93,4,3.4,23,0,0.4601,LOW
EVS03253,"3833 Cape Town Ave, Cape Town",AC Level 2,Tesla,150,0.48,14.6,7,3.4,13,0,0.4601,LOW
EVS04140,"8578 São Paulo Ave, São Paulo",DC Fast Charger,ChargePoint,150,0.5,10.52,6,3.9,24,0,0.4601,LOW
EVS04594,"7054 Moscow Ave, Moscow",AC Level 1,EVgo,150,0.36,5.46,3,3.0,70,1,0.4601,LOW
EVS03476,"2658 São Paulo Ave, São Paulo",AC Level 1,Tesla,22,0.45,11.0,9,3.5,51,0,0.4601,LOW
EVS04084,"8265 Chicago Ave, Chicago",AC Level 1,ChargePoint,350,0.29,1.88,3,3.3,97,1,0.4601,LOW
EVS03783,"2214 Moscow Ave, Moscow",AC Level 2,EVgo,150,0.29,2.95,8,3.3,81,1,0.46,LOW
EVS04618,"709 São Paulo Ave, São Paulo",AC Level 2,ChargePoint,350,0.37,10.5,5,3.2,29,0,0.46,LOW
EVS01524,"5334 Berlin Ave, Berlin",DC Fast Charger,Ionity,50,0.45,3.22,1,3.5,57,1,0.46,LOW
EVS04673,"2186 Bangkok Ave, Bangkok",DC Fast Charger,Tesla,350,0.29,1.82,3,3.3,62,1,0.4599,LOW
EVS00874,"2188 São Paulo Ave, São Paulo",AC Level 1,Ionity,150,0.46,3.57,9,4.7,28,0,0.4599,LOW
EVS03245,"4223 Bangkok Ave, Bangkok",DC Fast Charger,Ionity,50,0.5,14.17,9,3.6,23,0,0.4599,LOW
EVS03218,"134 Cape Town Ave, Cape Town",AC Level 1,Ionity,150,0.37,7.41,6,3.2,62,1,0.4599,LOW
EVS01790,"7949 San Francisco Ave, San Francisco",AC Level 1,Greenlots,22,0.47,9.37,7,3.6,27,0,0.4599,LOW
EVS00015,"3451 Dubai Ave, Dubai",AC Level 2,EVgo,350,0.41,16.7,10,3.4,46,0,0.4598,LOW
EVS03385,"4513 Seoul Ave, Seoul",AC Level 1,ChargePoint,350,0.38,7.59,5,3.6,32,0,0.4598,LOW
EVS02831,"4575 Random Rd, City 9, Country",AC Level 1,Ionity,350,0.5,4.85,1,4.4,30,0,0.4598,LOW
EVS04787,"7714 Berlin Ave, Berlin",AC Level 2,EVgo,150,0.28,1.38,9,3.5,61,1,0.4598,LOW
EVS03743,"313 Chicago Ave, Chicago",AC Level 2,ChargePoint,350,0.29,4.57,4,3.1,67,1,0.4598,LOW
EVS00106,"2317 Mexico City Ave, Mexico City",AC Level 2,ChargePoint,350,0.29,0.56,1,3.2,47,0,0.4598,LOW
EVS02769,"7802 San Francisco Ave, San Francisco",AC Level 1,Ionity,50,0.49,16.95,9,3.2,52,0,0.4597,LOW
EVS04678,"9765 Toronto Ave, Toronto",DC Fast Charger,Tesla,150,0.41,5.24,9,4.1,56,0,0.4597,LOW
EVS03542,"6978 San Francisco Ave, San Francisco",AC Level 1,EVgo,350,0.45,1.79,5,4.8,52,0,0.4597,LOW
EVS01377,"3750 São Paulo Ave, São Paulo",DC Fast Charger,Greenlots,350,0.37,10.8,8,3.5,84,1,0.4597,LOW
EVS01204,"2451 Mumbai Ave, Mumbai",AC Level 2,Ionity,50,0.42,1.52,5,3.9,35,0,0.4596,LOW
EVS00834,"4630 Mumbai Ave, Mumbai",AC Level 1,Tesla,350,0.48,11.49,2,3.6,10,0,0.4596,LOW
EVS02189,"9755 Sydney Ave, Sydney",AC Level 1,Ionity,150,0.44,1.37,5,4.3,57,1,0.4595,LOW
EVS00806,"8725 São Paulo Ave, São Paulo",AC Level 2,ChargePoint,350,0.43,12.75,5,3.4,56,0,0.4595,LOW
EVS04138,"4954 San Francisco Ave, San Francisco",AC Level 2,EVgo,22,0.49,7.75,6,3.8,81,1,0.4594,LOW
EVS01203,"4066 Cape Town Ave, Cape Town",AC Level 2,Greenlots,50,0.46,8.56,4,3.3,55,0,0.4594,LOW
EVS02070,"5465 Mexico City Ave, Mexico City",AC Level 2,ChargePoint,50,0.29,0.86,10,3.5,24,0,0.4593,LOW
EVS04574,"6714 Los Angeles Ave, Los Angeles",DC Fast Charger,Greenlots,350,0.37,1.87,3,3.9,70,1,0.4593,LOW
EVS02920,"1838 Los Angeles Ave, Los Angeles",AC Level 1,ChargePoint,350,0.32,3.35,7,3.8,57,1,0.4593,LOW
EVS03068,"6006 Chicago Ave, Chicago",AC Level 1,ChargePoint,50,0.41,5.25,6,3.5,37,0,0.4593,LOW
EVS04788,"9414 Mumbai Ave, Mumbai",AC Level 1,ChargePoint,350,0.47,16.4,5,3.3,94,1,0.4593,LOW
EVS02150,"8387 Sydney Ave, Sydney",AC Level 1,EVgo,50,0.44,2.45,9,4.4,92,1,0.4593,LOW
EVS00624,"5280 Los Angeles Ave, Los Angeles",AC Level 2,EVgo,150,0.45,5.81,1,3.4,16,0,0.4592,LOW
EVS02162,"1210 Sydney Ave, Sydney",AC Level 2,Greenlots,22,0.49,0.68,1,4.0,92,1,0.4592,LOW
EVS03235,"3244 Berlin Ave, Berlin",AC Level 2,Tesla,350,0.41,4.65,9,4.6,39,0,0.4592,LOW
EVS03754,"127 Seoul Ave, Seoul",DC Fast Charger,EVgo,150,0.33,2.13,10,3.9,16,0,0.4592,LOW
EVS03543,"1830 Dubai Ave, Dubai",AC Level 2,Ionity,350,0.43,12.31,9,3.9,67,1,0.4592,LOW
EVS03009,"944 Berlin Ave, Berlin",AC Level 2,Greenlots,50,0.48,8.08,10,4.2,20,0,0.4592,LOW
EVS01004,"876 Berlin Ave, Berlin",AC Level 2,EVgo,22,0.4,2.69,10,4.1,99,1,0.4592,LOW
EVS02800,"4265 Beijing Ave, Beijing",AC Level 2,EVgo,150,0.38,3.56,8,3.9,95,1,0.4591,LOW
EVS01363,"6836 Bangkok Ave, Bangkok",AC Level 1,Tesla,350,0.48,14.05,3,3.4,65,1,0.4591,LOW
EVS04450,"4663 Beijing Ave, Beijing",DC Fast Charger,Greenlots,350,0.48,7.63,2,4.0,32,0,0.459,LOW
EVS01333,"25 São Paulo Ave, São Paulo",DC Fast Charger,Greenlots,350,0.46,15.24,9,3.8,16,0,0.459,LOW
EVS03835,"6867 Chicago Ave, Chicago",AC Level 2,Ionity,350,0.4,2.33,5,4.3,13,0,0.4589,LOW
EVS04541,"7039 Random Rd, City 480, Country",AC Level 1,Ionity,150,0.49,5.21,9,4.7,38,0,0.4589,LOW
EVS03401,"7565 Random Rd, City 498, Country",DC Fast Charger,Greenlots,350,0.38,12.41,5,3.0,16,0,0.4587,LOW
EVS00870,"4370 Mumbai Ave, Mumbai",DC Fast Charger,Tesla,350,0.34,9.85,7,3.2,33,0,0.4587,LOW
EVS00411,"7743 Random Rd, City 364, Country",DC Fast Charger,EVgo,350,0.37,3.37,3,3.7,19,0,0.4587,LOW
EVS03948,"7755 Mexico City Ave, Mexico City",AC Level 2,Ionity,150,0.4,9.12,7,3.3,78,1,0.4587,LOW
EVS01870,"6835 Los Angeles Ave, Los Angeles",AC Level 2,Greenlots,22,0.41,2.02,2,3.3,30,0,0.4587,LOW
EVS00081,"7612 Random Rd, City 96, Country",AC Level 2,EVgo,350,0.35,5.63,10,4.1,91,1,0.4587,LOW
EVS03531,"5851 Random Rd, City 458, Country",DC Fast Charger,Tesla,150,0.48,2.32,7,4.7,16,0,0.4587,LOW
EVS01563,"9497 Seoul Ave, Seoul",AC Level 2,Ionity,22,0.4,5.88,9,3.6,96,1,0.4587,LOW
EVS01692,"8295 Dubai Ave, Dubai",AC Level 1,Greenlots,350,0.26,1.15,5,3.3,81,1,0.4587,LOW
EVS03280,"4797 São Paulo Ave, São Paulo",DC Fast Charger,Greenlots,350,0.29,1.02,2,3.2,20,0,0.4586,LOW
EVS02007,"1925 Berlin Ave, Berlin",DC Fast Charger,Tesla,22,0.42,9.02,9,3.4,93,1,0.4585,LOW
EVS01246,"2333 Beijing Ave, Beijing",DC Fast Charger,Ionity,150,0.44,2.05,7,4.4,13,0,0.4585,LOW
EVS01419,"818 Bangkok Ave, Bangkok",AC Level 1,EVgo,22,0.34,4.93,8,3.1,36,0,0.4585,LOW
EVS02527,"5025 Moscow Ave, Moscow",AC Level 1,EVgo,50,0.42,2.12,7,4.0,36,0,0.4584,LOW
EVS02723,"571 Mexico City Ave, Mexico City",DC Fast Charger,Tesla,22,0.33,4.34,9,3.2,12,0,0.4584,LOW
EVS04462,"9507 Sydney Ave, Sydney",AC Level 2,ChargePoint,350,0.5,15.89,8,3.9,58,1,0.4584,LOW
EVS03929,"9501 Sydney Ave, Sydney",AC Level 1,EVgo,350,0.3,2.24,6,3.6,98,1,0.4584,LOW
EVS03506,"9524 Beijing Ave, Beijing",AC Level 1,Ionity,150,0.43,5.01,8,4.1,53,0,0.4584,LOW
EVS01913,"9666 Sydney Ave, Sydney",AC Level 2,EVgo,350,0.42,1.25,8,4.9,90,1,0.4584,LOW
EVS02656,"720 Seoul Ave, Seoul",AC Level 1,Greenlots,350,0.36,9.31,7,3.4,25,0,0.4584,LOW
EVS02229,"659 Seoul Ave, Seoul",AC Level 1,Tesla,350,0.47,6.42,1,3.9,93,1,0.4583,LOW
EVS01391,"9886 Random Rd, City 220, Country",AC Level 2,Ionity,150,0.39,1.97,1,3.3,88,1,0.4583,LOW
EVS01654,"8426 Bangkok Ave, Bangkok",AC Level 2,Greenlots,350,0.44,14.5,10,3.8,67,1,0.4583,LOW
EVS03559,"5639 Mumbai Ave, Mumbai",DC Fast Charger,Greenlots,350,0.45,15.81,8,3.5,30,0,0.4582,LOW
EVS00078,"8542 Sydney Ave, Sydney",AC Level 2,ChargePoint,350,0.34,8.41,5,3.1,100,1,0.4582,LOW
EVS03549,"2405 Beijing Ave, Beijing",AC Level 1,Tesla,350,0.47,7.84,5,4.2,14,0,0.4582,LOW
EVS03348,"8114 Berlin Ave, Berlin",AC Level 1,EVgo,350,0.42,4.71,8,4.5,15,0,0.4582,LOW
EVS01264,"9368 Beijing Ave, Beijing",AC Level 2,ChargePoint,350,0.34,2.43,7,4.0,13,0,0.4582,LOW
EVS01580,"9864 São Paulo Ave, São Paulo",AC Level 1,Ionity,350,0.28,4.52,8,3.4,24,0,0.4581,LOW
EVS03188,"490 Cape Town Ave, Cape Town",AC Level 2,Greenlots,22,0.41,10.75,9,3.1,87,1,0.4581,LOW
EVS01461,"7891 Random Rd, City 87, Country",AC Level 1,Greenlots,350,0.33,10.12,10,3.4,82,1,0.458,LOW
EVS04043,"3321 San Francisco Ave, San Francisco",AC Level 2,EVgo,150,0.45,3.73,3,3.8,70,1,0.458,LOW
EVS03316,"3151 Sydney Ave, Sydney",AC Level 1,EVgo,50,0.4,7.45,6,3.1,76,1,0.458,LOW
EVS03944,"4600 San Francisco Ave, San Francisco",DC Fast Charger,Tesla,22,0.48,7.67,3,3.3,40,0,0.4579,LOW
EVS02273,"4298 San Francisco Ave, San Francisco",AC Level 1,EVgo,150,0.38,6.42,7,3.4,54,0,0.4579,LOW
EVS02233,"1112 Bangkok Ave, Bangkok",AC Level 1,EVgo,150,0.44,7.72,5,3.5,59,1,0.4579,LOW
EVS04309,"5821 Mumbai Ave, Mumbai",AC Level 2,Greenlots,50,0.29,1.93,10,3.3,99,1,0.4578,LOW
EVS01872,"1527 Sydney Ave, Sydney",DC Fast Charger,EVgo,150,0.43,11.13,9,3.5,92,1,0.4578,LOW
EVS01046,"2931 Bangkok Ave, Bangkok",AC Level 2,Ionity,350,0.32,5.59,9,3.7,53,0,0.4578,LOW
EVS02909,"4260 San Francisco Ave, San Francisco",AC Level 1,EVgo,22,0.44,4.45,7,3.8,56,0,0.4578,LOW
EVS01329,"7097 Sydney Ave, Sydney",AC Level 1,Greenlots,50,0.49,3.52,9,4.6,71,1,0.4578,LOW
EVS04476,"8394 San Francisco Ave, San Francisco",DC Fast Charger,EVgo,150,0.32,4.16,9,3.4,15,0,0.4578,LOW
EVS04670,"7492 Mexico City Ave, Mexico City",DC Fast Charger,Ionity,22,0.48,10.86,7,3.4,48,0,0.4578,LOW
EVS00679,"2474 Bangkok Ave, Bangkok",AC Level 1,Greenlots,50,0.46,6.73,3,3.3,95,1,0.4578,LOW
EVS00882,"87 São Paulo Ave, São Paulo",AC Level 2,Tesla,22,0.38,1.46,10,4.0,61,1,0.4577,LOW
EVS00534,"6487 San Francisco Ave, San Francisco",DC Fast Charger,EVgo,150,0.41,4.15,2,3.3,60,1,0.4577,LOW
EVS02485,"4909 Bangkok Ave, Bangkok",DC Fast Charger,ChargePoint,150,0.41,5.77,7,3.7,28,0,0.4577,LOW
EVS00455,"9807 Cape Town Ave, Cape Town",DC Fast Charger,Ionity,50,0.44,5.24,9,4.0,29,0,0.4577,LOW
EVS04994,"8954 Bangkok Ave, Bangkok",DC Fast Charger,ChargePoint,350,0.39,6.34,5,3.7,28,0,0.4576,LOW
EVS04214,"8152 San Francisco Ave, San Francisco",AC Level 2,Ionity,22,0.47,9.92,6,3.3,50,0,0.4576,LOW
EVS03422,"3322 Los Angeles Ave, Los Angeles",AC Level 2,Tesla,350,0.44,9.46,2,3.4,25,0,0.4576,LOW
EVS01465,"9373 Bangkok Ave, Bangkok",AC Level 2,ChargePoint,50,0.46,12.88,9,3.3,96,1,0.4576,LOW
EVS00963,"4590 Seoul Ave, Seoul",AC Level 2,EVgo,150,0.34,0.59,6,3.6,86,1,0.4576,LOW
EVS00396,"5448 São Paulo Ave, São Paulo",AC Level 1,ChargePoint,50,0.31,1.14,8,3.3,84,1,0.4576,LOW
EVS02436,"4898 Bangkok Ave, Bangkok",DC Fast Charger,ChargePoint,350,0.39,12.51,5,3.0,41,0,0.4575,LOW
EVS04928,"9570 Chicago Ave, Chicago",AC Level 1,Tesla,350,0.45,11.88,2,3.2,72,1,0.4575,LOW
EVS00613,"3090 Mumbai Ave, Mumbai",DC Fast Charger,Tesla,50,0.42,3.59,2,3.2,29,0,0.4575,LOW
EVS03653,"8199 Chicago Ave, Chicago",AC Level 2,EVgo,22,0.47,14.73,9,3.1,21,0,0.4574,LOW
EVS00020,"7288 Mexico City Ave, Mexico City",DC Fast Charger,Tesla,350,0.25,0.73,5,3.2,12,0,0.4574,LOW
EVS02760,"1982 Toronto Ave, Toronto",AC Level 2,EVgo,150,0.42,4.11,10,4.3,62,1,0.4574,LOW
EVS02934,"7935 Beijing Ave, Beijing",DC Fast Charger,Ionity,22,0.42,4.76,8,3.7,98,1,0.4574,LOW
EVS03418,"1412 Moscow Ave, Moscow",DC Fast Charger,Ionity,50,0.41,2.23,10,4.2,10,0,0.4574,LOW
EVS01036,"9976 Beijing Ave, Beijing",DC Fast Charger,ChargePoint,350,0.49,3.39,4,4.7,82,1,0.4574,LOW
EVS01747,"6579 São Paulo Ave, São Paulo",DC Fast Charger,Greenlots,50,0.41,10.84,8,3.0,37,0,0.4574,LOW
EVS04011,"2927 Random Rd, City 211, Country",DC Fast Charger,Greenlots,150,0.33,1.53,6,3.4,45,0,0.4573,LOW
EVS03819,"8379 Berlin Ave, Berlin",DC Fast Charger,Tesla,350,0.26,4.64,9,3.3,24,0,0.4573,LOW
EVS04708,"9922 Moscow Ave, Moscow",AC Level 1,Greenlots,50,0.45,12.6,7,3.0,11,0,0.4572,LOW
EVS02772,"9315 Seoul Ave, Seoul",AC Level 1,Greenlots,50,0.36,2.91,9,3.6,95,1,0.4572,LOW
EVS03320,"7881 Mumbai Ave, Mumbai",AC Level 2,Greenlots,350,0.31,2.8,9,3.9,84,1,0.4572,LOW
EVS04520,"1199 San Francisco Ave, San Francisco",DC Fast Charger,EVgo,350,0.38,10.77,5,3.1,98,1,0.4572,LOW
EVS02109,"6298 Chicago Ave, Chicago",DC Fast Charger,Greenlots,150,0.32,3.7,8,3.3,63,1,0.4571,LOW
EVS02461,"933 Random Rd, City 384, Country",AC Level 2,Ionity,350,0.43,14.74,8,3.4,11,0,0.4571,LOW
EVS01396,"6526 Dubai Ave, Dubai",AC Level 2,Greenlots,50,0.5,15.36,8,3.2,23,0,0.4571,LOW
EVS00409,"6068 Chicago Ave, Chicago",AC Level 2,Ionity,22,0.36,1.99,7,3.4,52,0,0.4571,LOW
EVS00803,"218 Toronto Ave, Toronto",AC Level 1,ChargePoint,350,0.27,7.93,9,3.0,80,1,0.4571,LOW
EVS02940,"9131 Cape Town Ave, Cape Town",DC Fast Charger,ChargePoint,150,0.42,4.86,4,3.5,60,1,0.4571,LOW
EVS04637,"3300 Toronto Ave, Toronto",AC Level 1,Tesla,22,0.41,5.76,9,3.6,53,0,0.457,LOW
EVS02388,"5381 Chicago Ave, Chicago",AC Level 2,ChargePoint,50,0.48,5.24,4,3.7,57,1,0.457,LOW
EVS01503,"4495 Dubai Ave, Dubai",AC Level 1,Greenlots,150,0.35,4.4,5,3.1,49,0,0.4569,LOW
EVS02561,"6337 Random Rd, City 15, Country",AC Level 1,Greenlots,350,0.39,8.66,5,3.4,95,1,0.4569,LOW
EVS00953,"7109 San Francisco Ave, San Francisco",DC Fast Charger,Tesla,150,0.41,3.43,6,3.8,48,0,0.4568,LOW
EVS02389,"519 Bangkok Ave, Bangkok",AC Level 1,Tesla,22,0.42,6.1,7,3.4,69,1,0.4568,LOW
EVS04018,"4473 Beijing Ave, Beijing",AC Level 2,Greenlots,150,0.46,2.36,5,4.2,81,1,0.4568,LOW
EVS03870,"2659 Toronto Ave, Toronto",DC Fast Charger,Ionity,150,0.49,1.5,9,5.0,24,0,0.4568,LOW
EVS01378,"9920 Bangkok Ave, Bangkok",AC Level 2,Tesla,350,0.31,0.67,2,3.3,47,0,0.4568,LOW
EVS02178,"4514 Moscow Ave, Moscow",AC Level 2,Greenlots,150,0.44,1.22,1,3.7,51,0,0.4567,LOW
EVS00933,"7276 Mumbai Ave, Mumbai",AC Level 1,Tesla,22,0.5,10.41,10,3.9,30,0,0.4567,LOW
EVS02149,"3521 San Francisco Ave, San Francisco",AC Level 1,Ionity,150,0.49,13.21,4,3.1,79,1,0.4567,LOW
EVS02696,"3712 Cape Town Ave, Cape Town",DC Fast Charger,Tesla,350,0.31,6.52,6,3.1,71,1,0.4566,LOW
EVS00480,"2397 Chicago Ave, Chicago",AC Level 2,Ionity,350,0.34,4.94,5,3.4,89,1,0.4566,LOW
EVS02398,"7822 Dubai Ave, Dubai",AC Level 1,EVgo,350,0.44,8.93,8,4.1,21,0,0.4566,LOW
EVS01750,"3569 Berlin Ave, Berlin",DC Fast Charger,Greenlots,22,0.48,3.55,10,4.5,89,1,0.4565,LOW
EVS03002,"3477 Sydney Ave, Sydney",DC Fast Charger,ChargePoint,350,0.41,1.26,7,4.6,65,1,0.4565,LOW
EVS01666,"181 Sydney Ave, Sydney",AC Level 1,Tesla,22,0.48,7.11,4,3.4,86,1,0.4565,LOW
EVS02158,"9249 Sydney Ave, Sydney",DC Fast Charger,Greenlots,350,0.45,14.13,9,3.7,46,0,0.4563,LOW
EVS00283,"9864 Bangkok Ave, Bangkok",DC Fast Charger,Greenlots,50,0.46,6.03,3,3.3,96,1,0.4563,LOW
EVS00007,"1390 Moscow Ave, Moscow",AC Level 1,ChargePoint,350,0.4,2.68,4,4.0,89,1,0.4563,LOW
EVS04700,"5626 Dubai Ave, Dubai",AC Level 2,EVgo,350,0.45,6.67,1,3.6,30,0,0.4562,LOW
EVS04807,"9200 Seoul Ave, Seoul",AC Level 1,Tesla,150,0.31,2.39,7,3.2,89,1,0.4562,LOW
EVS01199,"8115 Cape Town Ave, Cape Town",AC Level 1,Tesla,22,0.48,14.04,10,3.3,69,1,0.4561,LOW
EVS01453,"2418 Los Angeles Ave, Los Angeles",DC Fast Charger,Tesla,150,0.38,2.11,2,3.2,90,1,0.456,LOW
EVS04196,"1576 Toronto Ave, Toronto",DC Fast Charger,ChargePoint,350,0.42,12.45,7,3.4,17,0,0.456,LOW
EVS00063,"2876 Chicago Ave, Chicago",DC Fast Charger,Greenlots,350,0.28,0.96,9,3.8,49,0,0.456,LOW
EVS00499,"8474 Mexico City Ave, Mexico City",DC Fast Charger,ChargePoint,22,0.39,3.11,10,3.8,86,1,0.456,LOW
EVS00140,"5698 Cape Town Ave, Cape Town",AC Level 2,Tesla,350,0.5,6.97,4,4.3,76,1,0.4559,LOW
EVS04477,"4221 Bangkok Ave, Bangkok",AC Level 1,Greenlots,350,0.43,12.83,5,3.2,81,1,0.4559,LOW
EVS00006,"1545 São Paulo Ave, São Paulo",AC Level 2,Ionity,350,0.22,2.02,9,3.2,39,0,0.4559,LOW
EVS04933,"9818 San Francisco Ave, San Francisco",DC Fast Charger,Ionity,150,0.43,0.81,6,4.2,16,0,0.4559,LOW
EVS01705,"2609 Sydney Ave, Sydney",AC Level 1,ChargePoint,150,0.46,14.98,9,3.2,41,0,0.4559,LOW
EVS02008,"5183 Los Angeles Ave, Los Angeles",AC Level 1,Greenlots,350,0.5,17.92,6,3.3,84,1,0.4558,LOW
EVS02660,"4546 San Francisco Ave, San Francisco",AC Level 1,ChargePoint,350,0.37,4.5,2,3.3,27,0,0.4558,LOW
EVS01639,"6464 Los Angeles Ave, Los Angeles",AC Level 2,EVgo,350,0.44,8.57,8,4.1,39,0,0.4558,LOW
EVS03974,"27 Berlin Ave, Berlin",DC Fast Charger,ChargePoint,350,0.46,15.49,9,3.6,48,0,0.4558,LOW
EVS04780,"5390 Moscow Ave, Moscow",AC Level 1,ChargePoint,350,0.41,16.24,8,3.0,53,0,0.4558,LOW
EVS03803,"8474 Dubai Ave, Dubai",AC Level 2,Ionity,350,0.23,1.03,10,3.5,56,0,0.4558,LOW
EVS01080,"1944 Berlin Ave, Berlin",AC Level 1,Greenlots,350,0.25,4.06,9,3.2,80,1,0.4557,LOW
EVS02849,"9052 Seoul Ave, Seoul",AC Level 2,EVgo,150,0.42,2.4,4,3.7,48,0,0.4557,LOW
EVS01068,"1719 Bangkok Ave, Bangkok",AC Level 1,Ionity,350,0.39,3.32,3,3.7,92,1,0.4557,LOW
EVS04403,"8874 Bangkok Ave, Bangkok",DC Fast Charger,Greenlots,50,0.47,2.58,1,3.5,16,0,0.4557,LOW
EVS01317,"8883 Mexico City Ave, Mexico City",DC Fast Charger,Ionity,150,0.49,0.96,9,5.0,16,0,0.4556,LOW
EVS03296,"9607 San Francisco Ave, San Francisco",AC Level 1,EVgo,350,0.31,6.17,7,3.2,61,1,0.4556,LOW
EVS01659,"2209 Seoul Ave, Seoul",AC Level 2,ChargePoint,150,0.41,6.36,6,3.4,95,1,0.4555,LOW
EVS02265,"8926 Sydney Ave, Sydney",AC Level 2,Greenlots,150,0.47,4.07,10,4.6,42,0,0.4555,LOW
EVS00305,"6078 Cape Town Ave, Cape Town",AC Level 2,Ionity,22,0.37,0.55,4,3.2,39,0,0.4554,LOW
EVS04161,"1176 Random Rd, City 316, Country",AC Level 2,Tesla,350,0.39,8.69,4,3.2,63,1,0.4554,LOW
EVS01352,"4076 Seoul Ave, Seoul",AC Level 2,ChargePoint,22,0.41,1.89,6,3.6,98,1,0.4554,LOW
EVS02075,"883 Mumbai Ave, Mumbai",AC Level 1,Ionity,50,0.47,4.21,1,3.3,77,1,0.4554,LOW
EVS02865,"3543 Toronto Ave, Toronto",AC Level 2,EVgo,150,0.41,4.04,3,3.3,81,1,0.4553,LOW
EVS00628,"3345 São Paulo Ave, São Paulo",AC Level 2,Tesla,22,0.43,8.74,7,3.1,18,0,0.4552,LOW
EVS02651,"8904 Random Rd, City 90, Country",DC Fast Charger,Ionity,50,0.43,2.45,9,4.1,20,0,0.4552,LOW
EVS00814,"6424 Cape Town Ave, Cape Town",AC Level 2,ChargePoint,150,0.42,7.95,7,3.4,52,0,0.4552,LOW
EVS00769,"9100 Mexico City Ave, Mexico City",AC Level 2,ChargePoint,22,0.41,1.03,7,3.8,34,0,0.4552,LOW
EVS01098,"5131 Bangkok Ave, Bangkok",AC Level 2,Tesla,22,0.41,1.46,10,4.1,20,0,0.4551,LOW
EVS02236,"9385 Dubai Ave, Dubai",AC Level 2,Tesla,150,0.46,0.96,7,4.5,53,0,0.4551,LOW
EVS04289,"7333 Moscow Ave, Moscow",AC Level 2,EVgo,50,0.42,7.49,6,3.1,20,0,0.4551,LOW
EVS03432,"3409 Beijing Ave, Beijing",AC Level 1,Tesla,22,0.34,1.33,7,3.2,92,1,0.455,LOW
EVS00647,"2728 Mumbai Ave, Mumbai",AC Level 2,Greenlots,50,0.44,0.99,7,4.1,98,1,0.455,LOW
EVS04310,"8150 Mumbai Ave, Mumbai",AC Level 2,Tesla,50,0.43,5.19,4,3.2,77,1,0.455,LOW
EVS01768,"4069 Mexico City Ave, Mexico City",AC Level 2,Greenlots,50,0.4,3.05,4,3.2,44,0,0.455,LOW
EVS01686,"2846 Beijing Ave, Beijing",DC Fast Charger,Ionity,350,0.38,11.02,8,3.3,29,0,0.455,LOW
EVS00694,"2481 Moscow Ave, Moscow",AC Level 2,Ionity,150,0.42,5.47,3,3.2,49,0,0.455,LOW
EVS00282,"8217 Moscow Ave, Moscow",AC Level 2,EVgo,350,0.5,13.15,7,3.9,91,1,0.4549,LOW
EVS01310,"2608 Toronto Ave, Toronto",AC Level 1,EVgo,350,0.46,10.88,5,3.6,33,0,0.4549,LOW
EVS04784,"4188 Toronto Ave, Toronto",DC Fast Charger,Ionity,350,0.38,5.87,4,3.4,86,1,0.4547,LOW
EVS02437,"1871 Moscow Ave, Moscow",AC Level 2,Greenlots,150,0.43,6.65,7,3.6,73,1,0.4547,LOW
EVS01017,"1452 Los Angeles Ave, Los Angeles",AC Level 1,ChargePoint,50,0.42,6.82,9,3.5,59,1,0.4546,LOW
EVS04838,"5967 Mexico City Ave, Mexico City",AC Level 1,Ionity,50,0.44,2.68,8,4.0,23,0,0.4545,LOW
EVS00452,"2066 Seoul Ave, Seoul",AC Level 1,EVgo,150,0.46,6.59,5,3.6,19,0,0.4545,LOW
EVS00576,"5373 Sydney Ave, Sydney",AC Level 1,Greenlots,22,0.42,5.39,10,3.7,37,0,0.4544,LOW
EVS03949,"4807 Moscow Ave, Moscow",AC Level 2,Greenlots,350,0.36,0.56,3,3.7,24,0,0.4544,LOW
EVS01144,"8473 Chicago Ave, Chicago",DC Fast Charger,Ionity,50,0.4,0.93,10,4.1,12,0,0.4543,LOW
EVS02225,"1621 San Francisco Ave, San Francisco",DC Fast Charger,ChargePoint,350,0.42,11.76,8,3.5,74,1,0.4543,LOW
EVS04054,"8484 Seoul Ave, Seoul",AC Level 1,Greenlots,50,0.44,7.02,8,3.5,41,0,0.4543,LOW
EVS00273,"9302 Mexico City Ave, Mexico City",AC Level 2,EVgo,22,0.45,9.92,9,3.3,74,1,0.4541,LOW
EVS01198,"175 Moscow Ave, Moscow",DC Fast Charger,EVgo,150,0.43,5.78,3,3.2,58,1,0.4541,LOW
EVS03175,"9775 Sydney Ave, Sydney",DC Fast Charger,EVgo,350,0.37,11.97,10,3.3,20,0,0.4541,LOW
EVS02866,"5648 Bangkok Ave, Bangkok",AC Level 2,Greenlots,150,0.41,11.32,8,3.0,19,0,0.4541,LOW
EVS00053,"4130 Moscow Ave, Moscow",AC Level 2,Greenlots,22,0.49,3.09,4,3.8,79,1,0.4541,LOW
EVS02746,"9738 Los Angeles Ave, Los Angeles",DC Fast Charger,EVgo,150,0.45,1.53,1,3.6,67,1,0.4541,LOW
EVS01899,"6760 São Paulo Ave, São Paulo",DC Fast Charger,Greenlots,350,0.48,4.62,4,4.3,96,1,0.454,LOW
EVS04396,"7961 Los Angeles Ave, Los Angeles",AC Level 2,ChargePoint,22,0.44,7.68,5,3.0,12,0,0.454,LOW
EVS03184,"5153 Dubai Ave, Dubai",DC Fast Charger,Tesla,150,0.45,2.82,10,4.5,43,0,0.454,LOW
EVS04819,"701 Mumbai Ave, Mumbai",AC Level 2,Greenlots,350,0.35,3.98,2,3.1,82,1,0.454,LOW
EVS01884,"8969 Berlin Ave, Berlin",AC Level 2,Greenlots,150,0.45,10.83,10,3.6,12,0,0.454,LOW
EVS03341,"9662 Random Rd, City 64, Country",DC Fast Charger,EVgo,22,0.46,6.97,9,3.7,49,0,0.4539,LOW
EVS00145,"3962 Moscow Ave, Moscow",AC Level 1,Greenlots,350,0.5,10.27,9,4.4,34,0,0.4539,LOW
EVS00406,"846 Moscow Ave, Moscow",AC Level 1,Tesla,22,0.41,9.77,10,3.1,86,1,0.4539,LOW
EVS02451,"3175 Random Rd, City 88, Country",AC Level 1,Ionity,350,0.35,5.97,10,3.8,18,0,0.4539,LOW
EVS03705,"1448 Bangkok Ave, Bangkok",AC Level 2,Greenlots,350,0.48,19.38,8,3.1,49,0,0.4538,LOW
EVS02501,"606 Random Rd, City 363, Country",AC Level 2,EVgo,50,0.47,3.54,8,4.1,31,0,0.4537,LOW
EVS02164,"7033 Beijing Ave, Beijing",AC Level 2,ChargePoint,50,0.42,1.31,5,3.6,59,1,0.4537,LOW
EVS03701,"8592 Random Rd, City 405, Country",AC Level 2,ChargePoint,22,0.36,3.43,10,3.4,38,0,0.4537,LOW
EVS03415,"5486 Seoul Ave, Seoul",AC Level 1,Greenlots,50,0.47,9.9,9,3.5,42,0,0.4536,LOW
EVS01879,"2410 São Paulo Ave, São Paulo",DC Fast Charger,Ionity,350,0.41,1.2,10,4.8,89,1,0.4536,LOW
EVS01963,"1167 Mexico City Ave, Mexico City",AC Level 1,Greenlots,150,0.46,3.18,3,3.7,80,1,0.4536,LOW
EVS01001,"8354 Random Rd, City 493, Country",AC Level 2,EVgo,150,0.28,2.07,10,3.2,30,0,0.4535,LOW
EVS04066,"4803 Dubai Ave, Dubai",DC Fast Charger,ChargePoint,22,0.46,0.66,4,3.8,11,0,0.4535,LOW
EVS01857,"5068 Berlin Ave, Berlin",AC Level 2,Greenlots,350,0.41,13.26,8,3.2,51,0,0.4533,LOW
EVS01113,"3929 Berlin Ave, Berlin",AC Level 2,ChargePoint,350,0.46,13.82,6,3.3,77,1,0.4533,LOW
EVS01487,"7124 Toronto Ave, Toronto",DC Fast Charger,Ionity,22,0.32,2.0,9,3.1,13,0,0.4532,LOW
EVS03321,"4918 Random Rd, City 340, Country",AC Level 1,Ionity,350,0.48,9.54,4,3.7,29,0,0.4531,LOW
EVS01234,"1231 Sydney Ave, Sydney",AC Level 1,Tesla,150,0.5,16.5,9,3.2,92,1,0.4531,LOW
EVS02255,"4068 Seoul Ave, Seoul",AC Level 1,ChargePoint,350,0.39,5.33,7,3.8,59,1,0.4531,LOW
EVS01115,"1225 Seoul Ave, Seoul",AC Level 2,Tesla,50,0.47,8.57,8,3.5,40,0,0.453,LOW
EVS01167,"1049 Seoul Ave, Seoul",DC Fast Charger,Greenlots,150,0.42,1.85,9,4.2,22,0,0.453,LOW
EVS04568,"700 Moscow Ave, Moscow",AC Level 2,ChargePoint,350,0.34,1.26,10,4.2,13,0,0.453,LOW
EVS04427,"4861 Cape Town Ave, Cape Town",DC Fast Charger,Ionity,350,0.35,0.9,9,4.2,87,1,0.4529,LOW
EVS04509,"8626 Sydney Ave, Sydney",AC Level 2,Ionity,150,0.49,3.06,2,3.8,92,1,0.4529,LOW
EVS00067,"5052 Seoul Ave, Seoul",AC Level 2,Greenlots,150,0.45,8.37,3,3.0,20,0,0.4528,LOW
EVS01554,"1093 Seoul Ave, Seoul",DC Fast Charger,Ionity,150,0.39,6.16,5,3.0,13,0,0.4528,LOW
EVS03180,"4637 Mumbai Ave, Mumbai",DC Fast Charger,ChargePoint,350,0.45,10.5,2,3.1,12,0,0.4528,LOW
EVS00310,"2076 Mumbai Ave, Mumbai",AC Level 2,EVgo,350,0.41,13.72,7,3.0,10,0,0.4527,LOW
EVS02248,"6852 San Francisco Ave, San Francisco",DC Fast Charger,Ionity,150,0.49,3.73,1,3.6,10,0,0.4527,LOW
EVS04900,"7802 Berlin Ave, Berlin",DC Fast Charger,ChargePoint,350,0.5,9.4,7,4.2,22,0,0.4527,LOW
EVS04185,"5579 San Francisco Ave, San Francisco",AC Level 1,ChargePoint,350,0.5,13.38,10,4.1,14,0,0.4526,LOW
EVS02402,"9141 Seoul Ave, Seoul",AC Level 2,Ionity,350,0.47,12.67,2,3.0,94,1,0.4525,LOW
EVS01815,"2911 Beijing Ave, Beijing",AC Level 2,Greenlots,350,0.4,7.65,8,3.7,77,1,0.4524,LOW
EVS03051,"4915 Random Rd, City 244, Country",DC Fast Charger,EVgo,150,0.48,16.66,10,3.1,13,0,0.4524,LOW
EVS03356,"486 San Francisco Ave, San Francisco",AC Level 1,Greenlots,50,0.49,4.18,7,4.0,40,0,0.4524,LOW
EVS02124,"3272 Seoul Ave, Seoul",DC Fast Charger,Tesla,150,0.34,0.89,7,3.4,79,1,0.4524,LOW
EVS01222,"3338 Sydney Ave, Sydney",AC Level 2,Tesla,350,0.41,7.46,2,3.1,59,1,0.4524,LOW
EVS02525,"9938 Bangkok Ave, Bangkok",DC Fast Charger,ChargePoint,150,0.47,12.02,8,3.3,92,1,0.4523,LOW
EVS01652,"700 Cape Town Ave, Cape Town",DC Fast Charger,Tesla,150,0.44,3.32,6,3.8,89,1,0.4522,LOW
EVS04752,"2416 Chicago Ave, Chicago",AC Level 2,Tesla,350,0.47,8.79,7,4.0,34,0,0.4522,LOW
EVS04940,"2614 Chicago Ave, Chicago",AC Level 1,Greenlots,150,0.47,4.23,10,4.4,37,0,0.4521,LOW
EVS02302,"1744 Toronto Ave, Toronto",AC Level 2,EVgo,150,0.43,9.85,7,3.1,52,0,0.4521,LOW
EVS00468,"4353 Mumbai Ave, Mumbai",DC Fast Charger,Tesla,350,0.5,10.6,5,3.8,60,1,0.4521,LOW
EVS03520,"277 Chicago Ave, Chicago",AC Level 1,Tesla,350,0.43,14.07,8,3.2,26,0,0.4521,LOW
EVS04983,"4234 Cape Town Ave, Cape Town",AC Level 2,ChargePoint,350,0.45,14.3,6,3.1,12,0,0.452,LOW
EVS03011,"4067 Random Rd, City 454, Country",DC Fast Charger,Ionity,350,0.48,8.53,1,3.4,70,1,0.452,LOW
EVS02742,"1103 Cape Town Ave, Cape Town",AC Level 1,ChargePoint,350,0.48,15.79,8,3.4,52,0,0.4519,LOW
EVS03406,"2848 Moscow Ave, Moscow",AC Level 2,Ionity,50,0.46,12.04,10,3.2,19,0,0.4519,LOW
EVS03104,"5370 Bangkok Ave, Bangkok",AC Level 1,Tesla,50,0.4,1.63,5,3.3,22,0,0.4518,LOW
EVS01960,"517 Berlin Ave, Berlin",AC Level 1,Tesla,350,0.46,13.98,6,3.2,29,0,0.4518,LOW
EVS02777,"7236 Toronto Ave, Toronto",AC Level 1,Tesla,150,0.48,2.98,4,3.9,48,0,0.4517,LOW
EVS03815,"2509 Chicago Ave, Chicago",AC Level 2,EVgo,350,0.45,1.06,8,4.8,73,1,0.4517,LOW
EVS02157,"3064 Mumbai Ave, Mumbai",AC Level 2,Tesla,350,0.27,3.19,7,3.0,88,1,0.4516,LOW
EVS01322,"5277 Toronto Ave, Toronto",AC Level 1,Greenlots,350,0.37,3.12,1,3.1,99,1,0.4514,LOW
EVS04620,"3627 Berlin Ave, Berlin",AC Level 2,Greenlots,22,0.45,8.46,8,3.2,54,0,0.4514,LOW
EVS01947,"34 Berlin Ave, Berlin",DC Fast Charger,ChargePoint,150,0.44,3.47,4,3.5,87,1,0.4513,LOW
EVS00003,"5974 Bangkok Ave, Bangkok",AC Level 2,ChargePoint,50,0.48,8.54,9,3.6,24,0,0.4512,LOW
EVS01970,"1781 Mexico City Ave, Mexico City",AC Level 2,EVgo,350,0.5,11.81,4,3.5,43,0,0.4512,LOW
EVS01478,"5266 Bangkok Ave, Bangkok",DC Fast Charger,Greenlots,350,0.44,14.64,10,3.4,67,1,0.4512,LOW
EVS00233,"3167 Cape Town Ave, Cape Town",AC Level 1,Ionity,350,0.36,0.9,4,3.6,56,0,0.4511,LOW
EVS00935,"3638 Bangkok Ave, Bangkok",DC Fast Charger,Greenlots,350,0.47,2.02,7,4.7,83,1,0.4511,LOW
EVS03222,"4116 Mumbai Ave, Mumbai",AC Level 2,ChargePoint,350,0.39,3.87,10,4.2,76,1,0.451,LOW
EVS04563,"6207 Los Angeles Ave, Los Angeles",DC Fast Charger,Ionity,150,0.49,1.39,9,4.7,54,0,0.451,LOW
EVS04360,"4738 Sydney Ave, Sydney",AC Level 1,Greenlots,350,0.37,4.84,2,3.0,20,0,0.451,LOW
EVS04203,"1218 Mumbai Ave, Mumbai",AC Level 1,Greenlots,22,0.43,2.39,2,3.0,66,1,0.451,LOW
EVS00724,"6132 Seoul Ave, Seoul",AC Level 1,ChargePoint,150,0.44,2.98,2,3.3,41,0,0.4509,LOW
EVS04362,"4649 Los Angeles Ave, Los Angeles",DC Fast Charger,Ionity,22,0.44,4.65,7,3.4,45,0,0.4508,LOW
EVS03792,"9944 Dubai Ave, Dubai",AC Level 1,Tesla,22,0.43,3.64,5,3.2,100,1,0.4508,LOW
EVS03890,"6624 Beijing Ave, Beijing",DC Fast Charger,EVgo,50,0.48,5.07,5,3.5,91,1,0.4508,LOW
EVS00725,"5619 Toronto Ave, Toronto",AC Level 1,EVgo,22,0.48,1.9,6,3.9,84,1,0.4506,LOW
EVS01978,"772 Berlin Ave, Berlin",AC Level 2,Greenlots,350,0.31,0.53,3,3.1,33,0,0.4506,LOW
EVS03955,"6660 Dubai Ave, Dubai",AC Level 1,Ionity,350,0.46,9.14,1,3.1,32,0,0.4506,LOW
EVS03126,"4617 Dubai Ave, Dubai",AC Level 1,ChargePoint,50,0.49,7.93,8,3.6,21,0,0.4506,LOW
EVS02379,"8669 San Francisco Ave, San Francisco",DC Fast Charger,ChargePoint,350,0.47,16.51,10,3.4,44,0,0.4506,LOW
EVS03996,"575 Los Angeles Ave, Los Angeles",AC Level 2,Greenlots,350,0.36,3.61,6,3.5,33,0,0.4506,LOW
EVS00956,"5232 Beijing Ave, Beijing",DC Fast Charger,EVgo,50,0.47,5.4,7,3.6,39,0,0.4505,LOW
EVS00821,"5675 Random Rd, City 415, Country",AC Level 2,Ionity,150,0.49,7.1,1,3.1,48,0,0.4505,LOW
EVS00797,"410 Berlin Ave, Berlin",AC Level 2,Ionity,150,0.47,2.54,4,3.8,64,1,0.4505,LOW
EVS04731,"2924 Random Rd, City 298, Country",AC Level 1,Tesla,150,0.49,7.79,6,3.6,17,0,0.4504,LOW
EVS04713,"3252 Chicago Ave, Chicago",AC Level 1,Tesla,50,0.49,11.52,9,3.3,85,1,0.4504,LOW
EVS01981,"6258 Random Rd, City 335, Country",DC Fast Charger,Tesla,150,0.46,3.38,9,4.2,15,0,0.4503,LOW
EVS02442,"732 Toronto Ave, Toronto",AC Level 2,EVgo,50,0.49,11.63,10,3.4,64,1,0.4503,LOW
EVS02516,"826 Moscow Ave, Moscow",DC Fast Charger,Greenlots,150,0.32,4.23,10,3.1,68,1,0.4503,LOW
EVS02060,"4355 Bangkok Ave, Bangkok",DC Fast Charger,ChargePoint,50,0.4,1.47,9,3.7,58,1,0.4502,LOW
EVS03313,"2265 Beijing Ave, Beijing",AC Level 1,Greenlots,350,0.42,8.39,5,3.3,96,1,0.4501,LOW
EVS02036,"6093 Berlin Ave, Berlin",DC Fast Charger,ChargePoint,150,0.46,6.53,7,3.6,52,0,0.4501,LOW
EVS03211,"7647 Random Rd, City 297, Country",DC Fast Charger,ChargePoint,150,0.45,3.71,5,3.6,88,1,0.45,LOW
EVS02797,"4531 São Paulo Ave, São Paulo",AC Level 2,Ionity,22,0.44,5.01,7,3.3,45,0,0.4497,LOW
EVS03536,"5424 Sydney Ave, Sydney",AC Level 1,Greenlots,50,0.49,6.14,5,3.4,65,1,0.4497,LOW
EVS01974,"3551 Bangkok Ave, Bangkok",DC Fast Charger,Ionity,50,0.47,10.65,9,3.2,96,1,0.4497,LOW
EVS04824,"4068 Mumbai Ave, Mumbai",AC Level 2,Tesla,50,0.48,4.36,10,4.1,35,0,0.4496,LOW
EVS02953,"4913 Los Angeles Ave, Los Angeles",AC Level 1,Tesla,150,0.48,7.57,6,3.5,47,0,0.4496,LOW
EVS00303,"8711 Chicago Ave, Chicago",AC Level 1,EVgo,350,0.33,1.56,10,3.9,39,0,0.4496,LOW
EVS01002,"9829 Chicago Ave, Chicago",DC Fast Charger,Greenlots,350,0.31,1.28,6,3.3,92,1,0.4494,LOW
EVS01802,"8096 Los Angeles Ave, Los Angeles",DC Fast Charger,Greenlots,22,0.39,6.19,10,3.1,64,1,0.4494,LOW
EVS03809,"243 Mexico City Ave, Mexico City",DC Fast Charger,Greenlots,150,0.4,1.47,4,3.3,30,0,0.4493,LOW
EVS02470,"5106 Seoul Ave, Seoul",AC Level 2,Ionity,150,0.48,9.67,9,3.6,69,1,0.4493,LOW
EVS03201,"6055 Random Rd, City 451, Country",AC Level 1,ChargePoint,350,0.45,1.2,5,4.3,91,1,0.4492,LOW
EVS00978,"7975 Moscow Ave, Moscow",DC Fast Charger,Greenlots,50,0.47,10.44,9,3.2,89,1,0.4492,LOW
EVS01373,"7418 Mexico City Ave, Mexico City",AC Level 2,EVgo,350,0.37,2.62,5,3.5,99,1,0.4492,LOW
EVS02628,"3235 Berlin Ave, Berlin",AC Level 1,Tesla,22,0.44,0.59,3,3.3,16,0,0.4492,LOW
EVS01075,"4945 Beijing Ave, Beijing",AC Level 2,Greenlots,22,0.44,7.69,9,3.2,94,1,0.4492,LOW
EVS01302,"7148 Berlin Ave, Berlin",AC Level 2,EVgo,350,0.46,2.74,5,4.2,15,0,0.4491,LOW
EVS03013,"1783 Mumbai Ave, Mumbai",AC Level 2,Ionity,50,0.41,2.34,8,3.5,89,1,0.449,LOW
EVS00771,"5713 Random Rd, City 88, Country",AC Level 1,EVgo,350,0.45,9.83,10,3.9,78,1,0.449,LOW
EVS02136,"220 San Francisco Ave, San Francisco",AC Level 1,ChargePoint,22,0.41,6.49,10,3.2,75,1,0.4489,LOW
EVS02877,"5278 Chicago Ave, Chicago",AC Level 2,Tesla,150,0.41,8.04,9,3.2,67,1,0.4489,LOW
EVS00050,"8531 Los Angeles Ave, Los Angeles",AC Level 2,ChargePoint,150,0.47,2.49,9,4.3,26,0,0.4489,LOW
EVS02257,"7198 Dubai Ave, Dubai",AC Level 2,ChargePoint,50,0.45,0.52,1,3.2,85,1,0.4488,LOW
EVS01206,"5077 Sydney Ave, Sydney",AC Level 2,Tesla,22,0.43,4.43,5,3.0,66,1,0.4488,LOW
EVS04718,"4864 Chicago Ave, Chicago",AC Level 2,Tesla,350,0.42,5.77,10,4.1,33,0,0.4487,LOW
EVS00530,"9970 Los Angeles Ave, Los Angeles",AC Level 1,Ionity,350,0.42,8.43,10,3.8,58,1,0.4487,LOW
EVS03437,"5592 São Paulo Ave, São Paulo",DC Fast Charger,ChargePoint,150,0.46,3.07,7,3.9,19,0,0.4484,LOW
EVS02869,"334 Beijing Ave, Beijing",AC Level 1,Ionity,350,0.47,6.04,1,3.4,52,0,0.4483,LOW
EVS01358,"5005 Mumbai Ave, Mumbai",AC Level 2,ChargePoint,350,0.38,7.92,9,3.4,61,1,0.4483,LOW
EVS03248,"7423 Bangkok Ave, Bangkok",AC Level 1,ChargePoint,22,0.43,1.93,8,3.6,68,1,0.4482,LOW
EVS01622,"8148 Seoul Ave, Seoul",DC Fast Charger,EVgo,150,0.49,9.13,4,3.1,70,1,0.4482,LOW
EVS02908,"575 Seoul Ave, Seoul",AC Level 2,Tesla,350,0.42,8.38,5,3.2,90,1,0.4482,LOW
EVS03764,"7439 Beijing Ave, Beijing",AC Level 1,Ionity,150,0.48,4.51,8,4.0,43,0,0.4482,LOW
EVS04152,"6834 Dubai Ave, Dubai",AC Level 2,Greenlots,150,0.5,11.84,6,3.1,68,1,0.4481,LOW
EVS02715,"3956 São Paulo Ave, São Paulo",AC Level 1,Greenlots,350,0.35,1.68,6,3.5,52,0,0.4481,LOW
EVS01769,"1436 Moscow Ave, Moscow",AC Level 1,Ionity,350,0.27,1.01,10,3.4,70,1,0.448,LOW
EVS01174,"5258 Chicago Ave, Chicago",AC Level 2,ChargePoint,50,0.48,4.18,2,3.1,28,0,0.448,LOW
EVS00099,"8983 Dubai Ave, Dubai",AC Level 2,Tesla,350,0.41,4.43,8,3.9,17,0,0.448,LOW
EVS02232,"6070 Mumbai Ave, Mumbai",AC Level 1,Tesla,350,0.5,1.61,6,4.7,48,0,0.448,LOW
EVS01648,"6504 Moscow Ave, Moscow",AC Level 2,Tesla,350,0.49,1.61,5,4.5,21,0,0.4479,LOW
EVS01210,"1808 Moscow Ave, Moscow",AC Level 2,ChargePoint,350,0.45,14.46,9,3.2,27,0,0.4478,LOW
EVS00986,"8426 Moscow Ave, Moscow",DC Fast Charger,ChargePoint,350,0.37,1.46,8,3.9,75,1,0.4477,LOW
EVS03206,"4329 Toronto Ave, Toronto",AC Level 1,Tesla,50,0.49,4.72,8,3.8,98,1,0.4477,LOW
EVS03446,"7483 Chicago Ave, Chicago",AC Level 1,EVgo,50,0.45,2.31,5,3.4,39,0,0.4476,LOW
EVS01852,"1021 Mexico City Ave, Mexico City",DC Fast Charger,EVgo,150,0.45,2.34,10,4.2,77,1,0.4475,LOW
EVS04701,"3355 Random Rd, City 69, Country",AC Level 1,Ionity,350,0.48,13.03,10,3.7,53,0,0.4475,LOW
EVS04930,"9340 Dubai Ave, Dubai",AC Level 1,Tesla,50,0.32,0.67,9,3.0,65,1,0.4474,LOW
EVS03683,"3746 Seoul Ave, Seoul",DC Fast Charger,Tesla,350,0.39,5.55,3,3.0,36,0,0.4474,LOW
EVS01216,"3476 Berlin Ave, Berlin",DC Fast Charger,Greenlots,150,0.47,1.32,6,4.0,64,1,0.4473,LOW
EVS04120,"3512 Berlin Ave, Berlin",AC Level 2,Greenlots,22,0.43,5.94,8,3.1,56,0,0.4473,LOW
EVS01688,"1101 Los Angeles Ave, Los Angeles",AC Level 2,EVgo,350,0.48,6.25,7,4.1,71,1,0.4473,LOW
EVS01849,"8149 Seoul Ave, Seoul",DC Fast Charger,ChargePoint,150,0.42,2.79,4,3.2,96,1,0.4473,LOW
EVS03479,"9416 São Paulo Ave, São Paulo",AC Level 1,Ionity,50,0.45,1.63,8,3.8,52,0,0.4472,LOW
EVS03271,"4846 Random Rd, City 263, Country",AC Level 1,EVgo,22,0.49,9.1,7,3.1,42,0,0.4472,LOW
EVS04035,"270 Los Angeles Ave, Los Angeles",DC Fast Charger,Greenlots,350,0.48,3.03,10,4.8,35,0,0.4471,LOW
EVS00621,"51 Random Rd, City 224, Country",DC Fast Charger,Tesla,22,0.48,11.47,10,3.1,74,1,0.4471,LOW
EVS01559,"7305 São Paulo Ave, São Paulo",AC Level 2,Greenlots,350,0.38,10.02,9,3.1,37,0,0.4471,LOW
EVS01252,"3628 Chicago Ave, Chicago",AC Level 2,EVgo,350,0.42,11.78,9,3.2,87,1,0.4467,LOW
EVS00009,"6203 Chicago Ave, Chicago",AC Level 2,Greenlots,350,0.49,6.68,1,3.4,68,1,0.4467,LOW
EVS03088,"9499 Dubai Ave, Dubai",DC Fast Charger,Ionity,350,0.46,1.7,6,4.3,47,0,0.4467,LOW
EVS04188,"2073 Bangkok Ave, Bangkok",AC Level 2,ChargePoint,150,0.44,6.55,10,3.6,42,0,0.4466,LOW
EVS02394,"3400 Mumbai Ave, Mumbai",AC Level 2,EVgo,22,0.39,0.81,7,3.2,21,0,0.4466,LOW
EVS00809,"2931 Bangkok Ave, Bangkok",DC Fast Charger,Ionity,350,0.44,3.5,4,3.7,68,1,0.4466,LOW
EVS00264,"1953 Mumbai Ave, Mumbai",AC Level 2,EVgo,50,0.5,3.69,6,3.7,81,1,0.4465,LOW
EVS04757,"7667 Bangkok Ave, Bangkok",AC Level 2,Greenlots,22,0.45,0.69,8,3.8,24,0,0.4464,LOW
EVS02577,"3872 Mumbai Ave, Mumbai",AC Level 1,Tesla,50,0.49,6.88,9,3.6,34,0,0.4463,LOW
EVS01999,"6279 Toronto Ave, Toronto",AC Level 2,Greenlots,350,0.47,8.3,5,3.5,72,1,0.4462,LOW
EVS00673,"5959 Moscow Ave, Moscow",DC Fast Charger,Greenlots,350,0.48,11.91,7,3.4,45,0,0.4461,LOW
EVS01442,"2575 Mumbai Ave, Mumbai",DC Fast Charger,EVgo,350,0.37,4.03,7,3.4,44,0,0.446,LOW
EVS01897,"2370 Beijing Ave, Beijing",AC Level 1,ChargePoint,150,0.48,3.9,5,3.6,74,1,0.446,LOW
EVS00751,"5270 Random Rd, City 355, Country",DC Fast Charger,ChargePoint,150,0.48,1.21,5,3.9,81,1,0.4459,LOW
EVS04079,"2393 Dubai Ave, Dubai",DC Fast Charger,ChargePoint,150,0.48,7.57,6,3.3,25,0,0.4459,LOW
EVS03167,"5096 Seoul Ave, Seoul",AC Level 2,EVgo,350,0.28,3.3,10,3.1,36,0,0.4458,LOW
EVS04938,"9491 Beijing Ave, Beijing",AC Level 2,ChargePoint,350,0.47,3.03,1,3.6,38,0,0.4458,LOW
EVS04385,"1301 Berlin Ave, Berlin",DC Fast Charger,EVgo,350,0.39,2.69,8,3.8,92,1,0.4455,LOW
EVS01240,"153 Los Angeles Ave, Los Angeles",AC Level 2,EVgo,150,0.44,6.67,9,3.4,22,0,0.4453,LOW
EVS00156,"8440 Dubai Ave, Dubai",AC Level 2,Greenlots,350,0.45,9.78,10,3.7,23,0,0.4452,LOW
EVS02745,"8843 Cape Town Ave, Cape Town",AC Level 1,Tesla,350,0.43,9.97,9,3.4,69,1,0.4451,LOW
EVS03544,"9687 Cape Town Ave, Cape Town",AC Level 1,Ionity,50,0.42,5.02,10,3.3,24,0,0.4451,LOW
EVS02193,"6325 Seoul Ave, Seoul",DC Fast Charger,Tesla,350,0.5,14.49,6,3.1,60,1,0.4451,LOW
EVS00630,"1149 Seoul Ave, Seoul",AC Level 1,ChargePoint,50,0.4,5.36,10,3.1,33,0,0.4451,LOW
EVS04468,"9094 Dubai Ave, Dubai",AC Level 1,Tesla,50,0.45,3.62,5,3.1,92,1,0.4448,LOW
EVS02607,"3239 Mexico City Ave, Mexico City",AC Level 2,Ionity,350,0.39,7.52,7,3.1,22,0,0.4447,LOW
EVS02706,"3231 Mumbai Ave, Mumbai",AC Level 2,Greenlots,350,0.49,14.17,10,3.5,40,0,0.4447,LOW
EVS04106,"3955 Bangkok Ave, Bangkok",AC Level 1,Ionity,150,0.48,5.7,4,3.2,28,0,0.4445,LOW
EVS01410,"3545 Berlin Ave, Berlin",DC Fast Charger,EVgo,150,0.42,4.81,9,3.4,15,0,0.4444,LOW
EVS04103,"5709 Mexico City Ave, Mexico City",DC Fast Charger,Ionity,350,0.41,3.89,4,3.3,13,0,0.4444,LOW
EVS00439,"5136 Seoul Ave, Seoul",AC Level 2,Greenlots,350,0.36,1.93,3,3.0,97,1,0.4443,LOW
EVS03613,"4679 Los Angeles Ave, Los Angeles",AC Level 2,Ionity,350,0.43,7.79,9,3.6,62,1,0.4443,LOW
EVS04615,"9240 Berlin Ave, Berlin",AC Level 2,ChargePoint,150,0.39,1.39,7,3.3,71,1,0.4442,LOW
EVS04622,"8397 Bangkok Ave, Bangkok",DC Fast Charger,ChargePoint,22,0.41,1.8,6,3.0,47,0,0.4442,LOW
EVS01638,"7079 Mexico City Ave, Mexico City",DC Fast Charger,Ionity,350,0.44,11.68,7,3.0,94,1,0.4441,LOW
EVS04629,"1883 Sydney Ave, Sydney",DC Fast Charger,ChargePoint,350,0.5,12.36,7,3.4,15,0,0.4441,LOW
EVS00510,"6209 Cape Town Ave, Cape Town",DC Fast Charger,ChargePoint,350,0.42,7.03,10,3.7,60,1,0.4439,LOW
EVS00509,"3263 Bangkok Ave, Bangkok",AC Level 2,Tesla,50,0.42,3.1,7,3.1,37,0,0.4439,LOW
EVS02524,"4790 Cape Town Ave, Cape Town",AC Level 1,Ionity,350,0.44,2.05,3,3.6,99,1,0.4439,LOW
EVS00484,"9994 Sydney Ave, Sydney",AC Level 2,ChargePoint,350,0.31,0.65,8,3.3,77,1,0.4439,LOW
EVS01606,"4980 Cape Town Ave, Cape Town",DC Fast Charger,Ionity,50,0.45,2.09,10,3.8,74,1,0.4439,LOW
EVS04566,"3807 Cape Town Ave, Cape Town",AC Level 1,EVgo,22,0.47,5.87,6,3.0,75,1,0.4437,LOW
EVS03107,"3633 Mumbai Ave, Mumbai",AC Level 1,Greenlots,22,0.5,3.08,3,3.2,91,1,0.4437,LOW
EVS04406,"355 San Francisco Ave, San Francisco",DC Fast Charger,Ionity,150,0.4,2.94,9,3.4,62,1,0.4435,LOW
EVS03737,"6795 Cape Town Ave, Cape Town",AC Level 2,Greenlots,350,0.39,3.34,7,3.5,19,0,0.4435,LOW
EVS04381,"381 Random Rd, City 421, Country",DC Fast Charger,Greenlots,50,0.45,4.41,9,3.4,26,0,0.4434,LOW
EVS04792,"160 Berlin Ave, Berlin",DC Fast Charger,EVgo,50,0.48,1.31,4,3.4,70,1,0.4433,LOW
EVS00483,"2581 Mumbai Ave, Mumbai",AC Level 1,Greenlots,350,0.43,0.9,2,3.5,29,0,0.4433,LOW
EVS00605,"9922 Beijing Ave, Beijing",AC Level 1,Greenlots,350,0.39,3.68,4,3.1,28,0,0.4432,LOW
EVS04429,"5674 Moscow Ave, Moscow",AC Level 2,EVgo,22,0.45,6.39,9,3.1,38,0,0.4432,LOW
EVS01597,"1702 São Paulo Ave, São Paulo",DC Fast Charger,Tesla,150,0.5,2.13,5,3.8,57,1,0.4431,LOW
EVS04730,"7329 San Francisco Ave, San Francisco",AC Level 2,EVgo,350,0.47,8.08,2,3.0,47,0,0.443,LOW
EVS00281,"7068 Random Rd, City 179, Country",AC Level 2,EVgo,150,0.5,2.04,5,3.8,48,0,0.4429,LOW
EVS02338,"8739 Mexico City Ave, Mexico City",AC Level 2,Tesla,22,0.41,1.47,8,3.2,19,0,0.4429,LOW
EVS03989,"5742 Moscow Ave, Moscow",DC Fast Charger,Ionity,150,0.5,5.46,4,3.3,52,0,0.4429,LOW
EVS01262,"4703 Berlin Ave, Berlin",AC Level 1,EVgo,50,0.5,3.54,5,3.4,56,0,0.4428,LOW
EVS00368,"1897 Sydney Ave, Sydney",DC Fast Charger,ChargePoint,350,0.49,0.78,10,4.9,24,0,0.4428,LOW
EVS00853,"2969 Sydney Ave, Sydney",DC Fast Charger,ChargePoint,50,0.41,0.98,7,3.2,19,0,0.4428,LOW
EVS01348,"5820 Cape Town Ave, Cape Town",AC Level 2,Ionity,22,0.48,6.43,8,3.2,66,1,0.4428,LOW
EVS03330,"1242 Beijing Ave, Beijing",DC Fast Charger,EVgo,150,0.47,1.33,9,4.1,72,1,0.4428,LOW
EVS00840,"5408 Sydney Ave, Sydney",DC Fast Charger,EVgo,22,0.47,1.46,4,3.2,39,0,0.4426,LOW
EVS02049,"9602 Mexico City Ave, Mexico City",AC Level 1,Greenlots,150,0.48,7.74,6,3.1,47,0,0.4426,LOW
EVS04100,"7284 San Francisco Ave, San Francisco",DC Fast Charger,ChargePoint,350,0.41,5.21,7,3.4,33,0,0.4426,LOW
EVS04764,"3935 Seoul Ave, Seoul",DC Fast Charger,EVgo,50,0.45,3.51,6,3.1,59,1,0.4425,LOW
EVS04991,"9464 Random Rd, City 485, Country",DC Fast Charger,Greenlots,150,0.43,4.36,8,3.3,35,0,0.4423,LOW
EVS01054,"8103 Los Angeles Ave, Los Angeles",DC Fast Charger,EVgo,350,0.41,1.26,6,3.7,99,1,0.4421,LOW
EVS01112,"6925 Beijing Ave, Beijing",AC Level 1,EVgo,350,0.5,2.62,2,3.8,17,0,0.442,LOW
EVS01033,"4848 Cape Town Ave, Cape Town",DC Fast Charger,Ionity,150,0.44,3.98,8,3.4,38,0,0.4419,LOW
EVS04906,"9813 Seoul Ave, Seoul",AC Level 1,Ionity,50,0.46,1.86,10,3.8,76,1,0.4419,LOW
EVS04197,"5331 Moscow Ave, Moscow",AC Level 1,ChargePoint,350,0.47,5.89,3,3.3,51,0,0.4419,LOW
EVS02756,"9936 Bangkok Ave, Bangkok",AC Level 2,ChargePoint,50,0.5,1.51,7,3.8,50,0,0.4417,LOW
EVS03486,"1964 Cape Town Ave, Cape Town",DC Fast Charger,EVgo,150,0.34,1.47,10,3.1,25,0,0.4416,LOW
EVS00966,"7535 Seoul Ave, Seoul",AC Level 2,Greenlots,150,0.49,10.04,8,3.1,73,1,0.4416,LOW
EVS01845,"5998 Berlin Ave, Berlin",AC Level 2,Ionity,150,0.49,2.02,2,3.3,12,0,0.4415,LOW
EVS03018,"8432 Beijing Ave, Beijing",AC Level 2,Greenlots,350,0.45,13.31,10,3.1,54,0,0.4414,LOW
EVS02360,"7244 Sydney Ave, Sydney",AC Level 2,Ionity,350,0.42,1.96,8,3.9,13,0,0.4414,LOW
EVS03553,"6925 Toronto Ave, Toronto",AC Level 2,EVgo,350,0.39,1.82,10,3.9,39,0,0.4413,LOW
EVS04147,"8979 Seoul Ave, Seoul",AC Level 1,Greenlots,350,0.44,10.48,9,3.2,73,1,0.4411,LOW
EVS03179,"9856 San Francisco Ave, San Francisco",AC Level 2,EVgo,50,0.5,5.92,9,3.5,41,0,0.441,LOW
EVS00414,"9617 Chicago Ave, Chicago",AC Level 1,Greenlots,22,0.49,1.95,9,3.8,13,0,0.441,LOW
EVS01575,"128 Cape Town Ave, Cape Town",DC Fast Charger,Ionity,150,0.46,2.4,3,3.1,61,1,0.4409,LOW
EVS01926,"5600 Dubai Ave, Dubai",AC Level 1,Tesla,22,0.49,4.04,6,3.2,40,0,0.4407,LOW
EVS02179,"9937 Berlin Ave, Berlin",DC Fast Charger,EVgo,150,0.47,10.24,10,3.1,85,1,0.4406,LOW
EVS03021,"6634 Random Rd, City 341, Country",AC Level 1,ChargePoint,350,0.37,5.4,10,3.3,25,0,0.4406,LOW
EVS01050,"5956 Bangkok Ave, Bangkok",AC Level 1,Ionity,150,0.43,1.06,4,3.1,30,0,0.4404,LOW
EVS04459,"3647 San Francisco Ave, San Francisco",AC Level 2,Greenlots,150,0.46,1.37,4,3.3,20,0,0.4403,LOW
EVS02652,"3807 Chicago Ave, Chicago",AC Level 2,Greenlots,350,0.44,8.73,6,3.0,77,1,0.4402,LOW
EVS04844,"9262 Seoul Ave, Seoul",AC Level 2,Tesla,350,0.49,6.33,8,3.9,85,1,0.4402,LOW
EVS04909,"1667 Bangkok Ave, Bangkok",AC Level 1,Tesla,22,0.49,1.6,10,3.9,84,1,0.44,LOW
EVS01971,"1865 Random Rd, City 332, Country",DC Fast Charger,Tesla,350,0.4,0.98,10,4.0,16,0,0.4399,LOW
EVS00200,"9336 Los Angeles Ave, Los Angeles",DC Fast Charger,Tesla,350,0.33,2.22,10,3.3,17,0,0.4399,LOW
EVS03936,"1162 Dubai Ave, Dubai",AC Level 2,Tesla,150,0.45,1.77,7,3.5,71,1,0.4399,LOW
EVS03610,"2655 Moscow Ave, Moscow",AC Level 1,Greenlots,150,0.43,1.98,6,3.2,38,0,0.4399,LOW
EVS00713,"4875 Toronto Ave, Toronto",DC Fast Charger,Greenlots,350,0.5,2.99,6,4.1,67,1,0.4398,LOW
EVS01944,"5354 Dubai Ave, Dubai",AC Level 2,Ionity,150,0.5,2.14,4,3.5,34,0,0.4397,LOW
EVS01224,"5000 Bangkok Ave, Bangkok",DC Fast Charger,EVgo,350,0.42,10.3,10,3.1,90,1,0.4397,LOW
EVS04316,"8837 Cape Town Ave, Cape Town",AC Level 1,Ionity,150,0.48,2.57,5,3.4,15,0,0.4396,LOW
EVS01607,"9053 Los Angeles Ave, Los Angeles",AC Level 1,EVgo,350,0.46,5.36,6,3.5,84,1,0.4395,LOW
EVS00143,"4783 Cape Town Ave, Cape Town",AC Level 2,ChargePoint,50,0.44,0.74,8,3.4,14,0,0.4395,LOW
EVS00137,"3078 Cape Town Ave, Cape Town",AC Level 1,Ionity,350,0.41,0.59,4,3.4,37,0,0.4395,LOW
EVS00178,"3436 Beijing Ave, Beijing",AC Level 1,Greenlots,350,0.49,2.45,9,4.4,56,0,0.4392,LOW
EVS00478,"2550 Dubai Ave, Dubai",AC Level 1,Greenlots,350,0.5,7.49,2,3.1,43,0,0.4392,LOW
EVS03165,"6569 Mumbai Ave, Mumbai",AC Level 1,ChargePoint,150,0.48,7.0,6,3.0,65,1,0.4392,LOW
EVS02107,"7202 Mumbai Ave, Mumbai",DC Fast Charger,ChargePoint,150,0.5,0.95,10,4.3,66,1,0.4391,LOW
EVS02945,"9423 Los Angeles Ave, Los Angeles",AC Level 1,ChargePoint,350,0.49,14.81,9,3.0,36,0,0.439,LOW
EVS04917,"8254 Sydney Ave, Sydney",DC Fast Charger,Ionity,350,0.48,9.27,7,3.3,86,1,0.4388,LOW
EVS02404,"466 São Paulo Ave, São Paulo",DC Fast Charger,ChargePoint,150,0.43,0.97,9,3.6,21,0,0.4387,LOW
EVS04437,"8235 Beijing Ave, Beijing",AC Level 1,Tesla,50,0.49,2.87,7,3.4,50,0,0.4387,LOW
EVS00189,"4948 Bangkok Ave, Bangkok",AC Level 1,Ionity,22,0.48,4.24,7,3.1,28,0,0.4386,LOW
EVS00703,"400 Mexico City Ave, Mexico City",AC Level 2,Tesla,22,0.5,6.05,10,3.4,53,0,0.4385,LOW
EVS02936,"8418 Chicago Ave, Chicago",AC Level 2,ChargePoint,50,0.45,5.54,9,3.0,25,0,0.4384,LOW
EVS03991,"1990 Random Rd, City 256, Country",DC Fast Charger,Ionity,350,0.4,2.59,8,3.5,84,1,0.4383,LOW
EVS03128,"6388 Seoul Ave, Seoul",AC Level 2,ChargePoint,350,0.48,8.97,7,3.3,77,1,0.4382,LOW
EVS02385,"693 Berlin Ave, Berlin",AC Level 2,ChargePoint,22,0.39,0.59,10,3.1,79,1,0.4379,LOW
EVS01875,"9511 Sydney Ave, Sydney",DC Fast Charger,Ionity,150,0.47,6.54,7,3.0,52,0,0.4376,LOW
EVS04692,"5056 Dubai Ave, Dubai",DC Fast Charger,Tesla,350,0.4,5.18,10,3.4,29,0,0.4376,LOW
EVS01501,"2505 Random Rd, City 377, Country",AC Level 2,EVgo,350,0.46,8.5,10,3.5,72,1,0.4374,LOW
EVS03100,"8251 Chicago Ave, Chicago",AC Level 1,Tesla,22,0.44,3.73,9,3.0,72,1,0.4373,LOW
EVS02283,"5265 Chicago Ave, Chicago",AC Level 2,ChargePoint,22,0.49,0.6,6,3.4,87,1,0.4373,LOW
EVS01803,"2880 Seoul Ave, Seoul",AC Level 1,Ionity,350,0.5,9.06,7,3.4,57,1,0.4373,LOW
EVS04113,"3297 São Paulo Ave, São Paulo",AC Level 2,Tesla,350,0.37,1.56,7,3.2,86,1,0.4372,LOW
EVS04340,"5532 Bangkok Ave, Bangkok",DC Fast Charger,EVgo,350,0.44,3.19,9,3.8,26,0,0.4371,LOW
EVS00599,"186 Seoul Ave, Seoul",AC Level 2,ChargePoint,150,0.49,8.14,10,3.3,87,1,0.4371,LOW
EVS03605,"843 Toronto Ave, Toronto",DC Fast Charger,ChargePoint,150,0.47,3.79,10,3.6,58,1,0.4365,LOW
EVS00665,"482 Beijing Ave, Beijing",AC Level 2,Ionity,350,0.46,3.57,4,3.3,18,0,0.4364,LOW
EVS04388,"3344 Beijing Ave, Beijing",AC Level 2,EVgo,150,0.44,5.84,9,3.0,18,0,0.4363,LOW
EVS01279,"435 Beijing Ave, Beijing",AC Level 2,EVgo,350,0.44,1.75,2,3.1,23,0,0.4362,LOW
EVS01832,"1716 Chicago Ave, Chicago",DC Fast Charger,Ionity,22,0.49,2.13,8,3.4,93,1,0.4362,LOW
EVS00351,"2613 Random Rd, City 467, Country",DC Fast Charger,Ionity,150,0.42,0.53,8,3.3,10,0,0.4359,LOW
EVS04359,"4515 Berlin Ave, Berlin",AC Level 1,EVgo,350,0.45,1.27,1,3.1,86,1,0.4359,LOW
EVS03144,"1408 Chicago Ave, Chicago",AC Level 2,Ionity,350,0.44,5.29,9,3.5,82,1,0.4359,LOW
EVS02056,"7517 Sydney Ave, Sydney",AC Level 1,ChargePoint,350,0.48,7.08,9,3.6,85,1,0.4356,LOW
EVS01367,"3776 Los Angeles Ave, Los Angeles",AC Level 2,EVgo,150,0.47,6.81,10,3.2,17,0,0.4354,LOW
EVS03995,"5695 Sydney Ave, Sydney",AC Level 1,Tesla,22,0.48,3.92,10,3.3,30,0,0.4352,LOW
EVS00453,"862 Mumbai Ave, Mumbai",AC Level 1,Ionity,22,0.47,1.24,10,3.5,14,0,0.4349,LOW
EVS03074,"5717 Chicago Ave, Chicago",DC Fast Charger,ChargePoint,50,0.43,1.62,10,3.2,52,0,0.4348,LOW
EVS01438,"7915 Moscow Ave, Moscow",DC Fast Charger,ChargePoint,350,0.41,4.99,7,3.0,13,0,0.4348,LOW
EVS00704,"7310 Cape Town Ave, Cape Town",AC Level 1,EVgo,350,0.49,2.62,7,3.9,92,1,0.4347,LOW
EVS04742,"985 Mumbai Ave, Mumbai",AC Level 2,Tesla,350,0.46,4.29,9,3.7,15,0,0.4346,LOW
EVS01618,"2394 Mexico City Ave, Mexico City",DC Fast Charger,Tesla,350,0.41,1.03,5,3.2,30,0,0.4346,LOW
EVS03020,"1579 Toronto Ave, Toronto",DC Fast Charger,Tesla,50,0.47,4.26,10,3.2,13,0,0.4344,LOW
EVS02144,"6419 Berlin Ave, Berlin",AC Level 2,Greenlots,50,0.5,1.76,9,3.6,51,0,0.4343,LOW
EVS03098,"3348 Mumbai Ave, Mumbai",AC Level 2,Tesla,350,0.45,7.81,9,3.2,61,1,0.4341,LOW
EVS01193,"9735 Mexico City Ave, Mexico City",AC Level 2,ChargePoint,350,0.47,0.58,5,3.7,39,0,0.434,LOW
EVS03495,"1584 Mexico City Ave, Mexico City",AC Level 1,EVgo,350,0.48,9.72,10,3.3,88,1,0.4334,LOW
EVS01746,"7832 Dubai Ave, Dubai",AC Level 2,Tesla,150,0.45,1.91,7,3.1,48,0,0.4329,LOW
EVS00446,"1382 Chicago Ave, Chicago",DC Fast Charger,ChargePoint,150,0.47,3.32,7,3.1,87,1,0.4328,LOW
EVS03134,"6207 Dubai Ave, Dubai",AC Level 1,Ionity,350,0.41,1.69,10,3.6,80,1,0.4326,LOW
EVS02738,"744 Berlin Ave, Berlin",AC Level 2,Ionity,22,0.48,1.7,10,3.4,38,0,0.4325,LOW
EVS03420,"6622 Mexico City Ave, Mexico City",DC Fast Charger,Greenlots,350,0.49,8.96,10,3.4,28,0,0.4322,LOW
EVS00645,"9740 San Francisco Ave, San Francisco",AC Level 2,Greenlots,350,0.41,2.88,8,3.2,52,0,0.432,LOW
EVS02955,"4685 Sydney Ave, Sydney",DC Fast Charger,EVgo,350,0.49,0.68,4,3.6,28,0,0.4316,LOW
EVS03439,"740 Toronto Ave, Toronto",AC Level 1,Tesla,350,0.5,0.57,5,3.8,55,0,0.4315,LOW
EVS00579,"4432 São Paulo Ave, São Paulo",AC Level 2,Greenlots,350,0.47,8.78,9,3.1,61,1,0.4314,LOW
EVS04732,"819 San Francisco Ave, San Francisco",AC Level 1,Tesla,350,0.49,1.57,7,3.8,15,0,0.4307,LOW
EVS04210,"2063 Dubai Ave, Dubai",AC Level 2,Tesla,350,0.45,5.99,9,3.2,50,0,0.4304,LOW
EVS00663,"844 Seoul Ave, Seoul",DC Fast Charger,EVgo,350,0.49,2.17,7,3.7,87,1,0.4301,LOW
EVS02549,"3807 Toronto Ave, Toronto",DC Fast Charger,EVgo,350,0.48,3.95,8,3.5,24,0,0.4294,LOW
EVS04314,"624 Dubai Ave, Dubai",AC Level 1,EVgo,350,0.47,1.3,7,3.6,48,0,0.4294,LOW
EVS04968,"5642 Chicago Ave, Chicago",DC Fast Charger,Greenlots,350,0.5,3.54,8,3.6,14,0,0.4275,LOW
EVS01390,"9724 Mumbai Ave, Mumbai",DC Fast Charger,Greenlots,150,0.47,0.89,10,3.4,76,1,0.427,LOW
EVS01145,"6789 Moscow Ave, Moscow",AC Level 2,Ionity,350,0.46,0.76,9,3.6,27,0,0.4255,LOW
EVS01008,"1609 Chicago Ave, Chicago",AC Level 1,EVgo,350,0.5,2.31,7,3.5,78,1,0.4253,LOW
EVS03985,"9905 Seoul Ave, Seoul",AC Level 1,EVgo,350,0.5,1.81,7,3.5,90,1,0.4243,LOW
EVS01350,"8343 Bangkok Ave, Bangkok",AC Level 2,Tesla,350,0.47,2.1,8,3.3,56,0,0.4235,LOW
EVS01529,"4368 Sydney Ave, Sydney",AC Level 1,Ionity,150,0.48,3.43,10,3.0,55,0,0.4234,LOW
EVS00581,"1643 Random Rd, City 188, Country",AC Level 2,EVgo,150,0.49,0.62,10,3.3,32,0,0.4217,LOW
EVS00930,"9633 Seoul Ave, Seoul",AC Level 2,ChargePoint,350,0.5,0.65,5,3.2,59,1,0.4207,LOW
EVS03294,"2968 Beijing Ave, Beijing",AC Level 1,Tesla,350,0.47,2.34,7,3.0,47,0,0.4206,LOW
EVS03038,"4917 Chicago Ave, Chicago",DC Fast Charger,Tesla,350,0.48,3.34,9,3.2,18,0,0.4206,LOW
EVS02345,"1938 Sydney Ave, Sydney",AC Level 1,EVgo,350,0.42,0.62,10,3.1,56,0,0.4199,LOW
